/* dashboard_images.c — 自动生成，请勿手动编辑 */
/* 来源: tools/bin_to_c_array.py */

#include "lvgl.h"
#include "dashboard_images.h"

/* ---- 原始像素数据 (RGB565) ---- */

const uint8_t img_battery_map[] = {
    0x00, 0x00, 0x00, 0x00, 0x07, 0xFF, 0x07, 0x1F, 0x07, 0x5F, 0x07, 0x5F, 0x07, 0x5F, 0x07, 0x5F,
    0x07, 0x5F, 0x07, 0x5F, 0x07, 0x5F, 0x07, 0x5F, 0x07, 0x5F, 0x07, 0x5F, 0x07, 0x5F, 0x07, 0x5F,
    0x07, 0x5F, 0x07, 0x5F, 0x07, 0x5F, 0x07, 0x5F, 0x07, 0x5F, 0x07, 0x5F, 0x07, 0x5F, 0x07, 0x5F,
    0x07, 0x5F, 0x07, 0x5F, 0x07, 0x5F, 0x07, 0x5F, 0x07, 0x5F, 0x07, 0x5F, 0x07, 0x5F, 0x07, 0x5F,
    0x07, 0x5F, 0x07, 0x5F, 0x07, 0x5F, 0x07, 0x5F, 0x07, 0x5F, 0x07, 0x5F, 0x07, 0x5F, 0x07, 0x5F,
    0x07, 0x5F, 0x07, 0x5F, 0x07, 0x5F, 0x07, 0x5F, 0x07, 0x5F, 0x07, 0x5F, 0x07, 0x5F, 0x07, 0x5F,
    0x07, 0x5F, 0x07, 0x5F, 0x07, 0x5F, 0x07, 0x5F, 0x07, 0x5F, 0x07, 0x5F, 0x07, 0x5F, 0x07, 0x5F,
    0x07, 0x5F, 0x07, 0x5F, 0x07, 0x5F, 0x07, 0x5F, 0x07, 0x5F, 0x07, 0x1F, 0x07, 0x1F, 0x00, 0x00,
    0x00, 0x00, 0x00, 0x00, 0x07, 0x5F, 0x07, 0x5F, 0x07, 0x7F, 0x07, 0x3F, 0x07, 0x1F, 0x07, 0x1F,
    0x07, 0x1F, 0x07, 0x1F, 0x07, 0x1F, 0x07, 0x1F, 0x07, 0x1F, 0x07, 0x1F, 0x07, 0x1F, 0x07, 0x1F,
    0x07, 0x1F, 0x07, 0x1F, 0x07, 0x1F, 0x07, 0x1F, 0x07, 0x1F, 0x07, 0x1F, 0x07, 0x1F, 0x07, 0x1F,
    0x07, 0x1F, 0x07, 0x1F, 0x07, 0x1F, 0x07, 0x1F, 0x07, 0x1F, 0x07, 0x1F, 0x07, 0x1F, 0x07, 0x1F,
    0x07, 0x1F, 0x07, 0x1F, 0x07, 0x1F, 0x07, 0x1F, 0x07, 0x1F, 0x07, 0x1F, 0x07, 0x1F, 0x07, 0x1F,
    0x07, 0x1F, 0x07, 0x1F, 0x07, 0x1F, 0x07, 0x1F, 0x07, 0x1F, 0x07, 0x1F, 0x07, 0x1F, 0x07, 0x1F,
    0x07, 0x1F, 0x07, 0x1F, 0x07, 0x1F, 0x07, 0x1F, 0x07, 0x1F, 0x07, 0x1F, 0x07, 0x1F, 0x07, 0x1F,
    0x07, 0x1F, 0x07, 0x1F, 0x07, 0x1F, 0x07, 0x1F, 0x07, 0x1F, 0x07, 0x1F, 0x07, 0x7F, 0x07, 0x5F,
    0x07, 0x5F, 0x00, 0x00, 0x07, 0x1F, 0x07, 0x5F, 0x07, 0x3F, 0x07, 0x1F, 0x07, 0x1F, 0x07, 0x1F,
    0x07, 0x1F, 0x07, 0x1F, 0x07, 0x1F, 0x07, 0x1F, 0x07, 0x1F, 0x07, 0x1F, 0x07, 0x1F, 0x07, 0x1F,
    0x07, 0x1F, 0x07, 0x1F, 0x07, 0x1F, 0x07, 0x1F, 0x07, 0x1F, 0x07, 0x1F, 0x07, 0x1F, 0x07, 0x1F,
    0x07, 0x1F, 0x07, 0x1F, 0x07, 0x1F, 0x07, 0x1F, 0x07, 0x1F, 0x07, 0x1F, 0x07, 0x1F, 0x07, 0x1F,
    0x07, 0x1F, 0x07, 0x1F, 0x07, 0x1F, 0x07, 0x1F, 0x07, 0x1F, 0x07, 0x1F, 0x07, 0x1F, 0x07, 0x1F,
    0x07, 0x1F, 0x07, 0x1F, 0x07, 0x1F, 0x07, 0x1F, 0x07, 0x1F, 0x07, 0x1F, 0x07, 0x1F, 0x07, 0x1F,
    0x07, 0x1F, 0x07, 0x1F, 0x07, 0x1F, 0x07, 0x1F, 0x07, 0x1F, 0x07, 0x1F, 0x07, 0x1F, 0x07, 0x1F,
    0x07, 0x1F, 0x07, 0x1F, 0x07, 0x1F, 0x07, 0x1F, 0x07, 0x1F, 0x07, 0x1F, 0x07, 0x1F, 0x07, 0x1F,
    0x07, 0x3F, 0x07, 0x5F, 0x06, 0xBF, 0x07, 0x1F, 0x07, 0x7F, 0x07, 0x1F, 0x07, 0x1F, 0x07, 0x1F,
    0x07, 0x1F, 0x07, 0x1F, 0x07, 0x1F, 0x07, 0x1F, 0x07, 0x1F, 0x07, 0x1F, 0x07, 0x1F, 0x07, 0x1F,
    0x07, 0x1F, 0x07, 0x1F, 0x07, 0x1F, 0x07, 0x1F, 0x07, 0x1F, 0x07, 0x1F, 0x07, 0x1F, 0x07, 0x1F,
    0x07, 0x1F, 0x07, 0x1F, 0x07, 0x1F, 0x07, 0x1F, 0x07, 0x1F, 0x07, 0x1F, 0x07, 0x1F, 0x07, 0x1F,
    0x07, 0x1F, 0x07, 0x1F, 0x07, 0x1F, 0x07, 0x1F, 0x07, 0x1F, 0x07, 0x1F, 0x07, 0x1F, 0x07, 0x1F,
    0x07, 0x1F, 0x07, 0x1F, 0x07, 0x1F, 0x07, 0x1F, 0x07, 0x1F, 0x07, 0x1F, 0x07, 0x1F, 0x07, 0x1F,
    0x07, 0x1F, 0x07, 0x1F, 0x07, 0x1F, 0x07, 0x1F, 0x07, 0x1F, 0x07, 0x1F, 0x07, 0x1F, 0x07, 0x1F,
    0x07, 0x1F, 0x07, 0x1F, 0x07, 0x1F, 0x07, 0x1F, 0x07, 0x1F, 0x07, 0x1F, 0x07, 0x1F, 0x07, 0x1F,
    0x07, 0x1F, 0x07, 0x1F, 0x06, 0xBF, 0x07, 0x9F, 0x07, 0x5F, 0x07, 0x1F, 0x07, 0x1F, 0x07, 0x1F,
    0x07, 0x1F, 0x07, 0x1F, 0x07, 0x1F, 0x07, 0x1F, 0x07, 0x1F, 0x07, 0x1F, 0x07, 0x1F, 0x07, 0x1F,
    0x07, 0x1F, 0x07, 0x1F, 0x07, 0x1F, 0x07, 0x1F, 0x07, 0x1F, 0x07, 0x1F, 0x07, 0x1F, 0x07, 0x1F,
    0x07, 0x1F, 0x07, 0x1F, 0x07, 0x1F, 0x07, 0x1F, 0x07, 0x1F, 0x07, 0x1F, 0x07, 0x1F, 0x07, 0x1F,
    0x07, 0x1F, 0x07, 0x1F, 0x07, 0x1F, 0x07, 0x1F, 0x07, 0x1F, 0x07, 0x1F, 0x07, 0x1F, 0x07, 0x1F,
    0x07, 0x1F, 0x07, 0x1F, 0x07, 0x1F, 0x07, 0x1F, 0x07, 0x1F, 0x07, 0x1F, 0x07, 0x1F, 0x07, 0x1F,
    0x07, 0x1F, 0x07, 0x1F, 0x07, 0x1F, 0x07, 0x1F, 0x07, 0x1F, 0x07, 0x1F, 0x07, 0x1F, 0x07, 0x1F,
    0x07, 0x1F, 0x07, 0x1F, 0x07, 0x1F, 0x07, 0x1F, 0x07, 0x1F, 0x07, 0x1F, 0x07, 0x1F, 0x07, 0x1F,
    0x07, 0x1F, 0x07, 0x1F, 0x07, 0x1F, 0x07, 0x3F, 0x07, 0xBF, 0x07, 0x5F, 0x07, 0x1F, 0x07, 0x1F,
    0x07, 0x1F, 0x07, 0x1F, 0x07, 0x1F, 0x07, 0x1F, 0x07, 0x1F, 0x07, 0x1F, 0x07, 0x1F, 0x07, 0x1F,
    0x07, 0x1F, 0x07, 0x1F, 0x07, 0x1F, 0x07, 0x1F, 0x07, 0x1F, 0x07, 0x1F, 0x07, 0x1F, 0x07, 0x1F,
    0x07, 0x1F, 0x07, 0x1F, 0x07, 0x1F, 0x07, 0x1F, 0x07, 0x1F, 0x07, 0x1F, 0x07, 0x1F, 0x07, 0x1F,
    0x07, 0x1F, 0x07, 0x1F, 0x07, 0x1F, 0x07, 0x1F, 0x07, 0x1F, 0x07, 0x1F, 0x07, 0x1F, 0x07, 0x1F,
    0x07, 0x1F, 0x07, 0x1F, 0x07, 0x1F, 0x07, 0x1F, 0x07, 0x1F, 0x07, 0x1F, 0x07, 0x1F, 0x07, 0x1F,
    0x07, 0x1F, 0x07, 0x1F, 0x07, 0x1F, 0x07, 0x1F, 0x07, 0x1F, 0x07, 0x1F, 0x07, 0x1F, 0x07, 0x1F,
    0x07, 0x1F, 0x07, 0x1F, 0x07, 0x1F, 0x07, 0x1F, 0x07, 0x1F, 0x07, 0x1F, 0x07, 0x1F, 0x07, 0x1F,
    0x07, 0x1F, 0x07, 0x1F, 0x07, 0x1F, 0x07, 0x1F, 0x07, 0x1F, 0x07, 0x5F, 0x07, 0x5F, 0x07, 0x1F,
    0x07, 0x1F, 0x07, 0x1F, 0x07, 0x1F, 0x07, 0x1F, 0x07, 0x1F, 0x07, 0x1F, 0x07, 0x1F, 0x07, 0x1F,
    0x07, 0x1F, 0x07, 0x1F, 0x07, 0x1F, 0x07, 0x1F, 0x07, 0x1F, 0x07, 0x1F, 0x07, 0x1F, 0x07, 0x1F,
    0x07, 0x1F, 0x07, 0x1F, 0x07, 0x1F, 0x07, 0x1F, 0x07, 0x1F, 0x07, 0x1F, 0x07, 0x1F, 0x07, 0x1F,
    0x07, 0x1F, 0x07, 0x1F, 0x07, 0x1F, 0x07, 0x1F, 0x07, 0x1F, 0x07, 0x1F, 0x07, 0x1F, 0x07, 0x1F,
    0x07, 0x1F, 0x07, 0x1F, 0x07, 0x1F, 0x07, 0x1F, 0x07, 0x1F, 0x07, 0x1F, 0x07, 0x1F, 0x07, 0x1F,
    0x07, 0x1F, 0x07, 0x1F, 0x07, 0x1F, 0x07, 0x1F, 0x07, 0x1F, 0x07, 0x1F, 0x07, 0x1F, 0x07, 0x1F,
    0x07, 0x1F, 0x07, 0x1F, 0x07, 0x1F, 0x07, 0x1F, 0x07, 0x1F, 0x07, 0x1F, 0x07, 0x1F, 0x07, 0x1F,
    0x07, 0x1F, 0x07, 0x1F, 0x07, 0x1F, 0x07, 0x1F, 0x07, 0x1F, 0x07, 0x1F, 0x07, 0x5F, 0x07, 0x5F,
    0x07, 0x1F, 0x07, 0x1F, 0x07, 0x1F, 0x07, 0x1F, 0x07, 0x1F, 0x07, 0x1F, 0x07, 0x1F, 0x4F, 0x5F,
    0x77, 0x7F, 0x4F, 0x5F, 0x07, 0x1F, 0x07, 0x1F, 0x07, 0x1F, 0x07, 0x1F, 0x77, 0x7F, 0x07, 0x1F,
    0x07, 0x1F, 0x4F, 0x5F, 0x77, 0x7F, 0x77, 0x7F, 0x77, 0x7F, 0x07, 0x1F, 0x4F, 0x5F, 0x77, 0x7F,
    0x77, 0x7F, 0x77, 0x7F, 0x4F, 0x5F, 0x07, 0x1F, 0x07, 0x1F, 0x07, 0x1F, 0x07, 0x1F, 0x07, 0x1F,
    0x07, 0x1F, 0x07, 0x1F, 0x07, 0x1F, 0x07, 0x1F, 0x07, 0x1F, 0x07, 0x1F, 0x07, 0x1F, 0x07, 0x1F,
    0x07, 0x1F, 0x07, 0x1F, 0x07, 0x1F, 0x07, 0x1F, 0x07, 0x1F, 0x07, 0x1F, 0x07, 0x1F, 0x07, 0x1F,
    0x07, 0x1F, 0x07, 0x1F, 0x07, 0x1F, 0x07, 0x1F, 0x07, 0x1F, 0x07, 0x1F, 0x07, 0x1F, 0x07, 0x1F,
    0x07, 0x1F, 0x07, 0x1F, 0x07, 0x1F, 0x07, 0x1F, 0x07, 0x1F, 0x07, 0x1F, 0x07, 0x1F, 0x07, 0x5F,
    0x07, 0x5F, 0x07, 0x1F, 0x07, 0x1F, 0x07, 0x1F, 0x07, 0x1F, 0x07, 0x1F, 0x07, 0x1F, 0x07, 0x1F,
    0xBF, 0xFF, 0xD7, 0xDF, 0xCF, 0xFF, 0xD7, 0xDF, 0x07, 0x1F, 0x07, 0x1F, 0x07, 0x1F, 0xE7, 0xFF,
    0x8F, 0x9F, 0x07, 0x1F, 0xB7, 0xBF, 0xCF, 0xFF, 0xDF, 0xFF, 0xCF, 0xFF, 0x87, 0x7F, 0x9F, 0x9F,
    0xCF, 0xFF, 0xDF, 0xFF, 0xCF, 0xFF, 0x9F, 0x9F, 0x07, 0x1F, 0x07, 0x1F, 0x07, 0x1F, 0x07, 0x1F,
    0x07, 0x1F, 0x07, 0x1F, 0x07, 0x1F, 0x07, 0x1F, 0x07, 0x1F, 0x07, 0x1F, 0x07, 0x1F, 0x07, 0x1F,
    0x07, 0x1F, 0x07, 0x1F, 0x07, 0x1F, 0x07, 0x1F, 0x07, 0x1F, 0x07, 0x1F, 0x07, 0x1F, 0x07, 0x1F,
    0x07, 0x1F, 0x07, 0x1F, 0x07, 0x1F, 0x07, 0x1F, 0x07, 0x1F, 0x07, 0x1F, 0x07, 0x1F, 0x07, 0x1F,
    0x07, 0x1F, 0x07, 0x1F, 0x07, 0x1F, 0x07, 0x1F, 0x07, 0x1F, 0x07, 0x1F, 0x07, 0x1F, 0x07, 0x1F,
    0x07, 0x5F, 0x07, 0x5F, 0x07, 0x1F, 0x07, 0x1F, 0x07, 0x1F, 0x07, 0x1F, 0x07, 0x1F, 0x07, 0x1F,
    0x07, 0x1F, 0xBF, 0xFF, 0xAF, 0xFF, 0x07, 0x1F, 0xD7, 0xFF, 0x07, 0x1F, 0x07, 0x1F, 0x9F, 0xBF,
    0xBF, 0xFF, 0xCF, 0xFF, 0x07, 0x1F, 0x07, 0x1F, 0x07, 0x1F, 0xDF, 0xFF, 0x07, 0x1F, 0x07, 0x1F,
    0x07, 0x1F, 0x07, 0x1F, 0xDF, 0xFF, 0x07, 0x1F, 0x07, 0x1F, 0x07, 0x1F, 0x07, 0x1F, 0x07, 0x1F,
    0x07, 0x1F, 0x07, 0x1F, 0x07, 0x1F, 0x07, 0x1F, 0x07, 0x1F, 0x07, 0x1F, 0x07, 0x1F, 0x07, 0x1F,
    0x07, 0x1F, 0x07, 0x1F, 0x07, 0x1F, 0x07, 0x1F, 0x07, 0x1F, 0x07, 0x1F, 0x07, 0x1F, 0x07, 0x1F,
    0x07, 0x1F, 0x07, 0x1F, 0x07, 0x1F, 0x07, 0x1F, 0x07, 0x1F, 0x07, 0x1F, 0x07, 0x1F, 0x07, 0x1F,
    0x07, 0x1F, 0x07, 0x1F, 0x07, 0x1F, 0x07, 0x1F, 0x07, 0x1F, 0x07, 0x1F, 0x07, 0x1F, 0x07, 0x1F,
    0x07, 0x1F, 0x07, 0x5F, 0x07, 0x5F, 0x07, 0x1F, 0x07, 0x1F, 0x07, 0x1F, 0x07, 0x1F, 0x07, 0x1F,
    0x07, 0x1F, 0x07, 0x1F, 0xBF, 0xFF, 0xD7, 0xDF, 0xD7, 0xFF, 0xD7, 0xFF, 0x07, 0x1F, 0x07, 0x1F,
    0xCF, 0xFF, 0x07, 0x1F, 0xDF, 0xDF, 0x07, 0x1F, 0x07, 0x1F, 0x07, 0x1F, 0xDF, 0xFF, 0x07, 0x1F,
    0x07, 0x1F, 0x07, 0x1F, 0x07, 0x1F, 0xDF, 0xFF, 0x07, 0x1F, 0x07, 0x1F, 0x07, 0x1F, 0x07, 0x1F,
    0x07, 0x1F, 0x07, 0x1F, 0x07, 0x1F, 0x07, 0x1F, 0x07, 0x1F, 0x07, 0x1F, 0x07, 0x1F, 0x07, 0x1F,
    0x07, 0x1F, 0x07, 0x1F, 0x07, 0x1F, 0x07, 0x1F, 0x07, 0x1F, 0x07, 0x1F, 0x07, 0x1F, 0x07, 0x1F,
    0x07, 0x1F, 0x07, 0x1F, 0x07, 0x1F, 0x07, 0x1F, 0x07, 0x1F, 0x07, 0x1F, 0x07, 0x1F, 0x07, 0x1F,
    0x07, 0x1F, 0x07, 0x1F, 0x07, 0x1F, 0x07, 0x1F, 0x07, 0x1F, 0x07, 0x1F, 0x07, 0x1F, 0x07, 0x1F,
    0x07, 0x1F, 0x07, 0x1F, 0x07, 0x5F, 0x07, 0x5F, 0x07, 0x1F, 0x07, 0x1F, 0x07, 0x1F, 0x07, 0x1F,
    0x07, 0x1F, 0x07, 0x1F, 0x07, 0x1F, 0xBF, 0xFF, 0xAF, 0xFF, 0x07, 0x1F, 0xCF, 0xFF, 0x77, 0x7F,
    0x4F, 0x5F, 0xDF, 0xDF, 0xCF, 0xFF, 0xDF, 0xDF, 0xAF, 0xBF, 0x07, 0x1F, 0x07, 0x1F, 0xDF, 0xFF,
    0x07, 0x1F, 0x07, 0x1F, 0x07, 0x1F, 0x07, 0x1F, 0xDF, 0xFF, 0x07, 0x1F, 0x07, 0x1F, 0x07, 0x1F,
    0x07, 0x1F, 0x07, 0x1F, 0x07, 0x1F, 0x07, 0x1F, 0x07, 0x1F, 0x07, 0x1F, 0x07, 0x1F, 0x07, 0x1F,
    0x07, 0x1F, 0x07, 0x1F, 0x07, 0x1F, 0x07, 0x1F, 0x07, 0x1F, 0x07, 0x1F, 0x07, 0x1F, 0x07, 0x1F,
    0x07, 0x1F, 0x07, 0x1F, 0x07, 0x1F, 0x07, 0x1F, 0x07, 0x1F, 0x07, 0x1F, 0x07, 0x1F, 0x07, 0x1F,
    0x07, 0x1F, 0x07, 0x1F, 0x07, 0x1F, 0x07, 0x1F, 0x07, 0x1F, 0x07, 0x1F, 0x07, 0x1F, 0x07, 0x1F,
    0x07, 0x1F, 0x07, 0x1F, 0x07, 0x1F, 0x07, 0x5F, 0x07, 0x5F, 0x07, 0x1F, 0x07, 0x1F, 0x07, 0x1F,
    0x07, 0x1F, 0x07, 0x1F, 0x07, 0x1F, 0x07, 0x1F, 0xBF, 0xFF, 0xD7, 0xDF, 0xD7, 0xFF, 0xD7, 0xDF,
    0x07, 0x1F, 0xBF, 0xBF, 0xAF, 0xFF, 0x07, 0x1F, 0x4F, 0x5F, 0xCF, 0xFF, 0x07, 0x1F, 0x07, 0x1F,
    0xDF, 0xFF, 0x07, 0x1F, 0x07, 0x1F, 0x07, 0x1F, 0x07, 0x1F, 0xDF, 0xFF, 0x07, 0x1F, 0x07, 0x1F,
    0x07, 0x1F, 0x07, 0x1F, 0x07, 0x1F, 0x07, 0x1F, 0x07, 0x1F, 0x07, 0x1F, 0x07, 0x1F, 0x07, 0x1F,
    0x07, 0x1F, 0x07, 0x1F, 0x07, 0x1F, 0x07, 0x1F, 0x07, 0x1F, 0x07, 0x1F, 0x07, 0x1F, 0x07, 0x1F,
    0x07, 0x1F, 0x07, 0x1F, 0x07, 0x1F, 0x07, 0x1F, 0x07, 0x1F, 0x07, 0x1F, 0x07, 0x1F, 0x07, 0x1F,
    0x07, 0x1F, 0x07, 0x1F, 0x07, 0x1F, 0x07, 0x1F, 0x07, 0x1F, 0x07, 0x1F, 0x07, 0x1F, 0x07, 0x1F,
    0x07, 0x1F, 0x07, 0x1F, 0x07, 0x1F, 0x07, 0x1F, 0x07, 0x5F, 0x07, 0x5F, 0x07, 0x1F, 0x07, 0x1F,
    0x07, 0x1F, 0x07, 0x1F, 0x07, 0x1F, 0x07, 0x1F, 0x07, 0x1F, 0x07, 0x1F, 0x07, 0x1F, 0x07, 0x1F,
    0x07, 0x1F, 0x07, 0x1F, 0x07, 0x1F, 0x07, 0x1F, 0x07, 0x1F, 0x07, 0x1F, 0x07, 0x1F, 0x07, 0x1F,
    0x07, 0x1F, 0x07, 0x1F, 0x07, 0x1F, 0x07, 0x1F, 0x07, 0x1F, 0x07, 0x1F, 0x07, 0x1F, 0x07, 0x1F,
    0x07, 0x1F, 0x07, 0x1F, 0x07, 0x1F, 0x07, 0x1F, 0x07, 0x1F, 0x07, 0x1F, 0x07, 0x1F, 0x07, 0x1F,
    0x07, 0x1F, 0x07, 0x1F, 0x07, 0x1F, 0x07, 0x1F, 0x07, 0x1F, 0x07, 0x1F, 0x07, 0x1F, 0x07, 0x1F,
    0x07, 0x1F, 0x07, 0x1F, 0x07, 0x1F, 0x07, 0x1F, 0x07, 0x1F, 0x07, 0x1F, 0x07, 0x1F, 0x07, 0x1F,
    0x07, 0x1F, 0x07, 0x1F, 0x07, 0x1F, 0x07, 0x1F, 0x07, 0x1F, 0x07, 0x1F, 0x07, 0x1F, 0x07, 0x1F,
    0x07, 0x1F, 0x07, 0x1F, 0x07, 0x1F, 0x07, 0x1F, 0x07, 0x1F, 0x07, 0x5F, 0x07, 0x5F, 0x07, 0x1F,
    0x07, 0x1F, 0x07, 0x1F, 0x07, 0x1F, 0x07, 0x1F, 0x07, 0x1F, 0x07, 0x1F, 0x07, 0x1F, 0x07, 0x1F,
    0x07, 0x1F, 0x07, 0x1F, 0x07, 0x1F, 0x07, 0x1F, 0x07, 0x1F, 0x07, 0x1F, 0x07, 0x1F, 0x07, 0x1F,
    0x07, 0x1F, 0x07, 0x1F, 0x07, 0x1F, 0x07, 0x1F, 0x07, 0x1F, 0x07, 0x1F, 0x07, 0x1F, 0x07, 0x1F,
    0x07, 0x1F, 0x07, 0x1F, 0x07, 0x1F, 0x07, 0x1F, 0x07, 0x1F, 0x07, 0x1F, 0x07, 0x1F, 0x07, 0x1F,
    0x07, 0x1F, 0x07, 0x1F, 0x07, 0x1F, 0x07, 0x1F, 0x07, 0x1F, 0x07, 0x1F, 0x07, 0x1F, 0x07, 0x1F,
    0x07, 0x1F, 0x07, 0x1F, 0x07, 0x1F, 0x07, 0x1F, 0x07, 0x1F, 0x07, 0x1F, 0x07, 0x1F, 0x07, 0x1F,
    0x07, 0x1F, 0x07, 0x1F, 0x07, 0x1F, 0x07, 0x1F, 0x07, 0x1F, 0x07, 0x1F, 0x07, 0x1F, 0x07, 0x1F,
    0x07, 0x1F, 0x07, 0x1F, 0x07, 0x1F, 0x07, 0x1F, 0x07, 0x1F, 0x07, 0x1F, 0x07, 0x5F, 0x07, 0x5F,
    0x07, 0x1F, 0x07, 0x1F, 0x07, 0x1F, 0x07, 0x1F, 0x07, 0x1F, 0x07, 0x1F, 0x07, 0x1F, 0x07, 0x1F,
    0x07, 0x1F, 0x07, 0x1F, 0x07, 0x1F, 0x07, 0x1F, 0x07, 0x1F, 0x07, 0x1F, 0x07, 0x1F, 0x07, 0x1F,
    0x07, 0x1F, 0x07, 0x1F, 0x07, 0x1F, 0x07, 0x1F, 0x07, 0x1F, 0x07, 0x1F, 0x07, 0x1F, 0x07, 0x1F,
    0x07, 0x1F, 0x07, 0x1F, 0x07, 0x1F, 0x07, 0x1F, 0x07, 0x1F, 0x07, 0x1F, 0x07, 0x1F, 0x07, 0x1F,
    0x07, 0x1F, 0x07, 0x1F, 0x07, 0x1F, 0x07, 0x1F, 0x07, 0x1F, 0x07, 0x1F, 0x07, 0x1F, 0x07, 0x1F,
    0x07, 0x1F, 0x07, 0x1F, 0x07, 0x1F, 0x07, 0x1F, 0x07, 0x1F, 0x07, 0x1F, 0x07, 0x1F, 0x07, 0x1F,
    0x07, 0x1F, 0x07, 0x1F, 0x07, 0x1F, 0x07, 0x1F, 0x07, 0x1F, 0x07, 0x1F, 0x07, 0x1F, 0x07, 0x1F,
    0x07, 0x1F, 0x07, 0x1F, 0x07, 0x1F, 0x07, 0x1F, 0x07, 0x1F, 0x07, 0x1F, 0x07, 0x1F, 0x07, 0x5F,
    0x07, 0x5F, 0x07, 0x1F, 0x07, 0x1F, 0x07, 0x1F, 0x07, 0x1F, 0x07, 0x1F, 0x07, 0x1F, 0x07, 0x1F,
    0x07, 0x1F, 0x07, 0x1F, 0x07, 0x1F, 0x07, 0x1F, 0x07, 0x1F, 0x07, 0x1F, 0x07, 0x1F, 0x07, 0x1F,
    0x07, 0x1F, 0x07, 0x1F, 0x07, 0x1F, 0x07, 0x1F, 0x07, 0x1F, 0x07, 0x1F, 0x07, 0x1F, 0x07, 0x1F,
    0x07, 0x1F, 0x07, 0x1F, 0x07, 0x1F, 0x07, 0x1F, 0x07, 0x1F, 0x07, 0x1F, 0x07, 0x1F, 0x07, 0x1F,
    0x07, 0x1F, 0x07, 0x1F, 0x07, 0x1F, 0x07, 0x1F, 0x07, 0x1F, 0x07, 0x1F, 0x07, 0x1F, 0x07, 0x1F,
    0x07, 0x1F, 0x07, 0x1F, 0x07, 0x1F, 0x07, 0x1F, 0x07, 0x1F, 0x07, 0x1F, 0x07, 0x1F, 0x07, 0x1F,
    0x07, 0x1F, 0x07, 0x1F, 0x07, 0x1F, 0x07, 0x1F, 0x07, 0x1F, 0x07, 0x1F, 0x07, 0x1F, 0x07, 0x1F,
    0x07, 0x1F, 0x07, 0x1F, 0x07, 0x1F, 0x07, 0x1F, 0x07, 0x1F, 0x07, 0x1F, 0x07, 0x1F, 0x07, 0x1F,
    0x07, 0x5F, 0x07, 0x5F, 0x07, 0x1F, 0x07, 0x1F, 0x07, 0x1F, 0x07, 0x1F, 0x07, 0x1F, 0x07, 0x1F,
    0x07, 0x1F, 0x07, 0x1F, 0x07, 0x1F, 0x07, 0x1F, 0x07, 0x1F, 0x07, 0x1F, 0x07, 0x1F, 0x07, 0x1F,
    0x07, 0x1F, 0x07, 0x1F, 0x07, 0x1F, 0x07, 0x1F, 0x07, 0x1F, 0x07, 0x1F, 0x07, 0x1F, 0x07, 0x1F,
    0x07, 0x1F, 0x07, 0x1F, 0x07, 0x1F, 0x07, 0x1F, 0x07, 0x1F, 0x07, 0x1F, 0x07, 0x1F, 0x07, 0x1F,
    0x07, 0x1F, 0x07, 0x1F, 0x07, 0x1F, 0x07, 0x1F, 0x07, 0x1F, 0x07, 0x1F, 0x07, 0x1F, 0x07, 0x1F,
    0x07, 0x1F, 0x07, 0x1F, 0x07, 0x1F, 0x07, 0x1F, 0x07, 0x1F, 0x07, 0x1F, 0x07, 0x1F, 0x07, 0x1F,
    0x07, 0x1F, 0x07, 0x1F, 0x07, 0x1F, 0x07, 0x1F, 0x07, 0x1F, 0x07, 0x1F, 0x07, 0x1F, 0x07, 0x1F,
    0x07, 0x1F, 0x07, 0x1F, 0x07, 0x1F, 0x07, 0x1F, 0x07, 0x1F, 0x07, 0x1F, 0x07, 0x1F, 0x07, 0x1F,
    0x07, 0x1F, 0x07, 0x5F, 0x07, 0x5F, 0x07, 0x1F, 0x07, 0x1F, 0x07, 0x1F, 0x07, 0x1F, 0x07, 0x1F,
    0x07, 0x1F, 0x07, 0x1F, 0x07, 0x1F, 0x07, 0x1F, 0x07, 0x1F, 0x07, 0x1F, 0x07, 0x1F, 0x07, 0x1F,
    0x07, 0x1F, 0x07, 0x1F, 0x07, 0x1F, 0x07, 0x1F, 0x07, 0x1F, 0x07, 0x1F, 0x07, 0x1F, 0x07, 0x1F,
    0x07, 0x1F, 0x07, 0x1F, 0x07, 0x1F, 0x07, 0x1F, 0x07, 0x1F, 0x07, 0x1F, 0x07, 0x1F, 0x07, 0x1F,
    0x07, 0x1F, 0x07, 0x1F, 0x07, 0x1F, 0x07, 0x1F, 0x07, 0x1F, 0x07, 0x1F, 0x07, 0x1F, 0x07, 0x1F,
    0x07, 0x1F, 0x07, 0x1F, 0x07, 0x1F, 0x07, 0x1F, 0x07, 0x1F, 0x07, 0x1F, 0x07, 0x1F, 0x07, 0x1F,
    0x07, 0x1F, 0x07, 0x1F, 0x07, 0x1F, 0x07, 0x1F, 0x07, 0x1F, 0x07, 0x1F, 0x07, 0x1F, 0x07, 0x1F,
    0x07, 0x1F, 0x07, 0x1F, 0x07, 0x1F, 0x07, 0x1F, 0x07, 0x1F, 0x07, 0x1F, 0x07, 0x1F, 0x07, 0x1F,
    0x07, 0x1F, 0x07, 0x1F, 0x07, 0x5F, 0x07, 0x5F, 0x07, 0x1F, 0x07, 0x1F, 0x07, 0x1F, 0x07, 0x1F,
    0x07, 0x1F, 0x07, 0x1F, 0x07, 0x1F, 0x07, 0x1F, 0x07, 0x1F, 0x07, 0x1F, 0x07, 0x1F, 0x07, 0x1F,
    0x07, 0x1F, 0x07, 0x1F, 0x07, 0x1F, 0x07, 0x1F, 0x07, 0x1F, 0x07, 0x1F, 0x07, 0x1F, 0x07, 0x1F,
    0x07, 0x1F, 0x07, 0x1F, 0x07, 0x1F, 0x07, 0x1F, 0x07, 0x1F, 0x07, 0x1F, 0x07, 0x1F, 0x07, 0x1F,
    0x07, 0x1F, 0x07, 0x1F, 0x07, 0x1F, 0x07, 0x1F, 0x07, 0x1F, 0x07, 0x1F, 0x07, 0x1F, 0x07, 0x1F,
    0x07, 0x1F, 0x07, 0x1F, 0x07, 0x1F, 0x07, 0x1F, 0x07, 0x1F, 0x07, 0x1F, 0x07, 0x1F, 0x07, 0x1F,
    0x07, 0x1F, 0x07, 0x1F, 0x07, 0x1F, 0x07, 0x1F, 0x07, 0x1F, 0x07, 0x1F, 0x07, 0x1F, 0x07, 0x1F,
    0x07, 0x1F, 0x07, 0x1F, 0x07, 0x1F, 0x07, 0x1F, 0x07, 0x1F, 0x07, 0x1F, 0x07, 0x1F, 0x07, 0x1F,
    0x07, 0x1F, 0x07, 0x1F, 0x07, 0x1F, 0x07, 0x5F, 0x07, 0x5F, 0x07, 0x1F, 0x07, 0x1F, 0x07, 0x1F,
    0x07, 0x1F, 0x07, 0x1F, 0x07, 0x1F, 0x07, 0x1F, 0x07, 0x1F, 0x07, 0x1F, 0x07, 0x1F, 0x07, 0x1F,
    0x07, 0x1F, 0x07, 0x1F, 0x07, 0x1F, 0x07, 0x1F, 0x07, 0x1F, 0x07, 0x1F, 0x07, 0x1F, 0x07, 0x1F,
    0x07, 0x1F, 0x07, 0x1F, 0x07, 0x1F, 0x07, 0x1F, 0x07, 0x1F, 0x07, 0x1F, 0x07, 0x1F, 0x07, 0x1F,
    0x07, 0x1F, 0x07, 0x1F, 0x07, 0x1F, 0x07, 0x1F, 0x07, 0x1F, 0x07, 0x1F, 0x07, 0x1F, 0x07, 0x1F,
    0x07, 0x1F, 0x07, 0x1F, 0x07, 0x1F, 0x07, 0x1F, 0x07, 0x1F, 0x07, 0x1F, 0x07, 0x1F, 0x07, 0x1F,
    0x07, 0x1F, 0x07, 0x1F, 0x07, 0x1F, 0x07, 0x1F, 0x07, 0x1F, 0x07, 0x1F, 0x07, 0x1F, 0x07, 0x1F,
    0x07, 0x1F, 0x07, 0x1F, 0x07, 0x1F, 0x07, 0x1F, 0x07, 0x1F, 0x07, 0x1F, 0x07, 0x1F, 0x07, 0x1F,
    0x07, 0x1F, 0x07, 0x1F, 0x07, 0x1F, 0x07, 0x1F, 0x07, 0x5F, 0x07, 0x5F, 0x07, 0x1F, 0x07, 0x1F,
    0x07, 0x1F, 0x07, 0x1F, 0x07, 0x1F, 0x07, 0x1F, 0x07, 0x1F, 0x07, 0x1F, 0x07, 0x1F, 0x07, 0x1F,
    0x07, 0x1F, 0x07, 0x1F, 0x07, 0x1F, 0x07, 0x1F, 0x07, 0x1F, 0x07, 0x1F, 0x07, 0x1F, 0x07, 0x1F,
    0x07, 0x1F, 0x07, 0x1F, 0x07, 0x1F, 0x07, 0x1F, 0x07, 0x1F, 0x07, 0x1F, 0x07, 0x1F, 0x07, 0x1F,
    0x07, 0x1F, 0x07, 0x1F, 0x07, 0x1F, 0x07, 0x1F, 0x07, 0x1F, 0x07, 0x1F, 0x07, 0x1F, 0x07, 0x1F,
    0x07, 0x1F, 0x07, 0x1F, 0x07, 0x1F, 0x07, 0x1F, 0x07, 0x1F, 0x07, 0x1F, 0x07, 0x1F, 0x07, 0x1F,
    0x07, 0x1F, 0x07, 0x1F, 0x07, 0x1F, 0x07, 0x1F, 0x07, 0x1F, 0x07, 0x1F, 0x07, 0x1F, 0x07, 0x1F,
    0x07, 0x1F, 0x07, 0x1F, 0x07, 0x1F, 0x07, 0x1F, 0x07, 0x1F, 0x07, 0x1F, 0x07, 0x1F, 0x07, 0x1F,
    0x07, 0x1F, 0x07, 0x1F, 0x07, 0x1F, 0x07, 0x1F, 0x07, 0x1F, 0x07, 0x5F, 0x07, 0x5F, 0x07, 0x1F,
    0x07, 0x1F, 0x07, 0x1F, 0x07, 0x1F, 0x07, 0x1F, 0x07, 0x1F, 0x07, 0x1F, 0x07, 0x1F, 0x07, 0x1F,
    0x07, 0x1F, 0x07, 0x1F, 0x07, 0x1F, 0x07, 0x1F, 0x07, 0x1F, 0x07, 0x1F, 0x07, 0x1F, 0x07, 0x1F,
    0x07, 0x1F, 0x07, 0x1F, 0x07, 0x1F, 0x07, 0x1F, 0x07, 0x1F, 0x07, 0x1F, 0x07, 0x1F, 0x07, 0x1F,
    0x07, 0x1F, 0x07, 0x1F, 0x07, 0x1F, 0x07, 0x1F, 0x07, 0x1F, 0x07, 0x1F, 0x07, 0x1F, 0x07, 0x1F,
    0x07, 0x1F, 0x07, 0x1F, 0x07, 0x1F, 0x07, 0x1F, 0x07, 0x1F, 0x07, 0x1F, 0x07, 0x1F, 0x07, 0x1F,
    0x07, 0x1F, 0x07, 0x1F, 0x07, 0x1F, 0x07, 0x1F, 0x07, 0x1F, 0x07, 0x1F, 0x07, 0x1F, 0x07, 0x1F,
    0x07, 0x1F, 0x07, 0x1F, 0x07, 0x1F, 0x07, 0x1F, 0x07, 0x1F, 0x07, 0x1F, 0x07, 0x1F, 0x07, 0x1F,
    0x07, 0x1F, 0x07, 0x1F, 0x07, 0x1F, 0x07, 0x1F, 0x07, 0x1F, 0x07, 0x1F, 0x07, 0x5F, 0x07, 0x5F,
    0x07, 0x1F, 0x07, 0x1F, 0x07, 0x1F, 0x07, 0x1F, 0x07, 0x1F, 0x07, 0x1F, 0x07, 0x1F, 0x07, 0x1F,
    0x07, 0x1F, 0x07, 0x1F, 0x07, 0x1F, 0x07, 0x1F, 0x07, 0x1F, 0x07, 0x1F, 0x07, 0x1F, 0x07, 0x3F,
    0x07, 0x5F, 0x07, 0x5F, 0x07, 0x5F, 0x07, 0x5F, 0x07, 0x5F, 0x07, 0x5F, 0x07, 0x5F, 0x07, 0x3F,
    0x07, 0x1F, 0x07, 0x1F, 0x07, 0x1F, 0x07, 0x3F, 0x07, 0x3F, 0x07, 0x3F, 0x07, 0x3F, 0x07, 0x3F,
    0x07, 0x1F, 0x07, 0x1F, 0x07, 0x1F, 0x07, 0x1F, 0x07, 0x1F, 0x07, 0x3F, 0x07, 0x3F, 0x07, 0x3F,
    0x07, 0x3F, 0x07, 0x1F, 0x07, 0x1F, 0x07, 0x1F, 0x07, 0x1F, 0x07, 0x5F, 0x07, 0x3F, 0x07, 0x1F,
    0x07, 0x1F, 0x07, 0x1F, 0x07, 0x1F, 0x07, 0x1F, 0x07, 0x1F, 0x07, 0x1F, 0x07, 0x1F, 0x07, 0x1F,
    0x07, 0x1F, 0x07, 0x1F, 0x07, 0x1F, 0x07, 0x1F, 0x07, 0x1F, 0x07, 0x1F, 0x07, 0x1F, 0x07, 0x5F,
    0x07, 0x5F, 0x07, 0x1F, 0x07, 0x1F, 0x07, 0x1F, 0x07, 0x1F, 0x07, 0x1F, 0x07, 0x1F, 0x07, 0x1F,
    0x07, 0x1F, 0x07, 0x1F, 0x07, 0x1F, 0x07, 0x1F, 0x07, 0x1F, 0x07, 0x1F, 0x07, 0x1F, 0x07, 0x1F,
    0x07, 0x3F, 0x07, 0x3F, 0x07, 0x3F, 0x07, 0x3F, 0x07, 0x3F, 0x07, 0x3F, 0x07, 0x3F, 0x07, 0x3F,
    0x07, 0x3F, 0x07, 0x1F, 0x07, 0x1F, 0x07, 0x3F, 0x07, 0x3F, 0x07, 0x3F, 0x07, 0x3F, 0x07, 0x3F,
    0x07, 0x3F, 0x07, 0x3F, 0x06, 0xBF, 0x07, 0x1F, 0x07, 0x1F, 0x07, 0x3F, 0x07, 0x3F, 0x07, 0x3F,
    0x07, 0x3F, 0x07, 0x3F, 0x06, 0xBF, 0x07, 0x1F, 0x07, 0x1F, 0x07, 0x3F, 0x07, 0x5F, 0x07, 0x1F,
    0x07, 0x1F, 0x07, 0x1F, 0x07, 0x1F, 0x07, 0x1F, 0x07, 0x1F, 0x07, 0x1F, 0x07, 0x1F, 0x07, 0x1F,
    0x07, 0x1F, 0x07, 0x1F, 0x07, 0x1F, 0x07, 0x1F, 0x07, 0x1F, 0x07, 0x1F, 0x07, 0x1F, 0x07, 0x1F,
    0x07, 0x5F, 0x07, 0x5F, 0x07, 0x1F, 0x07, 0x1F, 0x07, 0x1F, 0x07, 0x1F, 0x07, 0x1F, 0x07, 0x1F,
    0x07, 0x1F, 0x07, 0x1F, 0x07, 0x1F, 0x07, 0x1F, 0x07, 0x1F, 0x07, 0x1F, 0x07, 0x1F, 0x07, 0x1F,
    0x07, 0x1F, 0x07, 0x3F, 0x07, 0x3F, 0x07, 0x3F, 0x07, 0x3F, 0x07, 0x3F, 0x07, 0x3F, 0x07, 0x3F,
    0x07, 0x3F, 0x07, 0x3F, 0x07, 0x1F, 0x07, 0x3F, 0x07, 0x3F, 0x07, 0x3F, 0x07, 0x3F, 0x07, 0x1F,
    0x07, 0x3F, 0x07, 0x3F, 0x07, 0x3F, 0x07, 0x3F, 0x07, 0x1F, 0x07, 0x1F, 0x07, 0x5F, 0x07, 0x3F,
    0x07, 0x1F, 0x07, 0x3F, 0x07, 0x3F, 0x07, 0x3F, 0x07, 0x1F, 0x07, 0x3F, 0x07, 0x3F, 0x07, 0x3F,
    0x07, 0x1F, 0x07, 0x1F, 0x07, 0x1F, 0x07, 0x1F, 0x07, 0x1F, 0x07, 0x1F, 0x07, 0x1F, 0x07, 0x1F,
    0x07, 0x1F, 0x07, 0x1F, 0x07, 0x1F, 0x07, 0x1F, 0x07, 0x1F, 0x07, 0x1F, 0x07, 0x1F, 0x07, 0x1F,
    0x07, 0x1F, 0x07, 0x5F, 0x07, 0x5F, 0x07, 0x1F, 0x07, 0x1F, 0x07, 0x1F, 0x07, 0x1F, 0x07, 0x1F,
    0x07, 0x1F, 0x07, 0x1F, 0x07, 0x1F, 0x07, 0x1F, 0x07, 0x1F, 0x07, 0x1F, 0x07, 0x1F, 0x07, 0x1F,
    0x07, 0x1F, 0x07, 0x1F, 0x07, 0x1F, 0x07, 0x1F, 0x07, 0x1F, 0x07, 0x1F, 0x07, 0x1F, 0x07, 0x3F,
    0x07, 0x3F, 0x07, 0x3F, 0x07, 0x3F, 0x07, 0x1F, 0x07, 0x5F, 0x07, 0x3F, 0x07, 0x3F, 0x07, 0x1F,
    0x07, 0x1F, 0x07, 0x1F, 0x07, 0x3F, 0x07, 0x3F, 0x07, 0x5F, 0x07, 0x1F, 0x07, 0x1F, 0x07, 0x5F,
    0x07, 0x3F, 0x07, 0x1F, 0x07, 0x3F, 0x07, 0x3F, 0x07, 0x3F, 0x07, 0x1F, 0x07, 0x3F, 0x07, 0x3F,
    0x07, 0x1F, 0x07, 0x1F, 0x07, 0x1F, 0x07, 0x1F, 0x07, 0x1F, 0x07, 0x1F, 0x07, 0x1F, 0x07, 0x1F,
    0x07, 0x1F, 0x07, 0x1F, 0x07, 0x1F, 0x07, 0x1F, 0x07, 0x1F, 0x07, 0x1F, 0x07, 0x1F, 0x07, 0x1F,
    0x07, 0x1F, 0x07, 0x1F, 0x07, 0x5F, 0x07, 0x5F, 0x07, 0x1F, 0x07, 0x1F, 0x07, 0x1F, 0x07, 0x1F,
    0x07, 0x1F, 0x07, 0x1F, 0x07, 0x1F, 0x07, 0x1F, 0x07, 0x1F, 0x07, 0x1F, 0x07, 0x1F, 0x07, 0x1F,
    0x07, 0x1F, 0x07, 0x1F, 0x07, 0x1F, 0x07, 0x1F, 0x07, 0x1F, 0x07, 0x1F, 0x07, 0x1F, 0x07, 0x1F,
    0x07, 0x3F, 0x07, 0x3F, 0x07, 0x5F, 0x07, 0x1F, 0x07, 0x1F, 0x07, 0x5F, 0x07, 0x3F, 0x07, 0x3F,
    0x07, 0x3F, 0x07, 0x1F, 0x07, 0x1F, 0x07, 0x3F, 0x07, 0x3F, 0x07, 0x3F, 0x07, 0x1F, 0x07, 0x1F,
    0x07, 0x3F, 0x07, 0x3F, 0x07, 0x3F, 0x07, 0x3F, 0x07, 0x3F, 0x07, 0x1F, 0x07, 0x3F, 0x07, 0x3F,
    0x07, 0x1F, 0x07, 0x1F, 0x07, 0x1F, 0x07, 0x1F, 0x07, 0x1F, 0x07, 0x1F, 0x07, 0x1F, 0x07, 0x1F,
    0x07, 0x1F, 0x07, 0x1F, 0x07, 0x1F, 0x07, 0x1F, 0x07, 0x1F, 0x07, 0x1F, 0x07, 0x1F, 0x07, 0x1F,
    0x07, 0x1F, 0x07, 0x1F, 0x07, 0x1F, 0x07, 0x5F, 0x07, 0x5F, 0x07, 0x1F, 0x07, 0x1F, 0x07, 0x1F,
    0x07, 0x1F, 0x07, 0x1F, 0x07, 0x1F, 0x07, 0x1F, 0x07, 0x1F, 0x07, 0x1F, 0x07, 0x1F, 0x07, 0x1F,
    0x07, 0x1F, 0x07, 0x1F, 0x07, 0x1F, 0x07, 0x1F, 0x07, 0x1F, 0x07, 0x1F, 0x07, 0x1F, 0x07, 0x1F,
    0x07, 0x3F, 0x07, 0x3F, 0x07, 0x3F, 0x07, 0x3F, 0x07, 0x1F, 0x07, 0x1F, 0x07, 0x1F, 0x07, 0x3F,
    0x07, 0x3F, 0x07, 0x3F, 0x07, 0x3F, 0x07, 0x3F, 0x07, 0x3F, 0x07, 0x3F, 0x07, 0x1F, 0x07, 0x1F,
    0x07, 0x1F, 0x07, 0x1F, 0x07, 0x3F, 0x07, 0x5F, 0x07, 0x5F, 0x07, 0x3F, 0x07, 0x3F, 0x07, 0x3F,
    0x07, 0x1F, 0x07, 0x1F, 0x07, 0x1F, 0x07, 0x1F, 0x07, 0x1F, 0x07, 0x1F, 0x07, 0x1F, 0x07, 0x1F,
    0x07, 0x1F, 0x07, 0x1F, 0x07, 0x1F, 0x07, 0x1F, 0x07, 0x1F, 0x07, 0x1F, 0x07, 0x1F, 0x07, 0x1F,
    0x07, 0x1F, 0x07, 0x1F, 0x07, 0x1F, 0x07, 0x1F, 0x07, 0x5F, 0x07, 0x5F, 0x07, 0x1F, 0x07, 0x1F,
    0x07, 0x1F, 0x07, 0x1F, 0x07, 0x1F, 0x07, 0x1F, 0x07, 0x1F, 0x07, 0x1F, 0x07, 0x1F, 0x07, 0x1F,
    0x07, 0x1F, 0x07, 0x1F, 0x07, 0x1F, 0x07, 0x1F, 0x07, 0x1F, 0x07, 0x1F, 0x07, 0x1F, 0x07, 0x1F,
    0x07, 0x1F, 0x07, 0x3F, 0x07, 0x3F, 0x07, 0x5F, 0x07, 0x1F, 0x07, 0x1F, 0x07, 0x1F, 0x06, 0xBF,
    0x07, 0x3F, 0x07, 0x3F, 0x07, 0x3F, 0x07, 0x3F, 0x07, 0x3F, 0x07, 0x3F, 0x07, 0x3F, 0x06, 0xBF,
    0x07, 0x1F, 0x07, 0x1F, 0x07, 0x1F, 0x07, 0x1F, 0x07, 0x1F, 0x07, 0x1F, 0x07, 0x3F, 0x07, 0x3F,
    0x07, 0x3F, 0x06, 0xBF, 0x07, 0x3F, 0x07, 0x3F, 0x07, 0x1F, 0x07, 0x1F, 0x07, 0x1F, 0x07, 0x1F,
    0x07, 0x1F, 0x07, 0x1F, 0x07, 0x1F, 0x07, 0x1F, 0x07, 0x1F, 0x07, 0x1F, 0x07, 0x1F, 0x07, 0x1F,
    0x07, 0x1F, 0x07, 0x1F, 0x07, 0x1F, 0x07, 0x1F, 0x07, 0x1F, 0x07, 0x5F, 0x07, 0x5F, 0x07, 0x1F,
    0x07, 0x1F, 0x07, 0x1F, 0x07, 0x1F, 0x07, 0x1F, 0x07, 0x1F, 0x07, 0x1F, 0x07, 0x1F, 0x07, 0x1F,
    0x07, 0x1F, 0x07, 0x1F, 0x07, 0x1F, 0x07, 0x1F, 0x07, 0x1F, 0x07, 0x1F, 0x07, 0x1F, 0x07, 0x1F,
    0x07, 0x1F, 0x07, 0x3F, 0x07, 0x3F, 0x07, 0x3F, 0x07, 0x3F, 0x07, 0x1F, 0x07, 0x1F, 0x07, 0x1F,
    0x07, 0x3F, 0x07, 0x3F, 0x07, 0x3F, 0x07, 0x5F, 0x07, 0x1F, 0x07, 0x3F, 0x07, 0x3F, 0x07, 0x3F,
    0x07, 0x3F, 0x07, 0x1F, 0x07, 0x1F, 0x07, 0x1F, 0x07, 0x1F, 0x07, 0x1F, 0x07, 0x1F, 0x07, 0x3F,
    0x07, 0x3F, 0x07, 0x3F, 0x07, 0x3F, 0x07, 0x3F, 0x07, 0x3F, 0x07, 0x3F, 0x07, 0x1F, 0x07, 0x1F,
    0x07, 0x1F, 0x07, 0x1F, 0x07, 0x1F, 0x07, 0x1F, 0x07, 0x1F, 0x07, 0x1F, 0x07, 0x1F, 0x07, 0x1F,
    0x07, 0x1F, 0x07, 0x1F, 0x07, 0x1F, 0x07, 0x1F, 0x07, 0x1F, 0x07, 0x1F, 0x07, 0x5F, 0x07, 0x5F,
    0x07, 0x1F, 0x07, 0x1F, 0x07, 0x1F, 0x07, 0x1F, 0x07, 0x1F, 0x07, 0x1F, 0x07, 0x1F, 0x07, 0x1F,
    0x07, 0x1F, 0x07, 0x1F, 0x07, 0x1F, 0x07, 0x1F, 0x07, 0x1F, 0x07, 0x1F, 0x07, 0x1F, 0x07, 0x1F,
    0x07, 0x1F, 0x07, 0x1F, 0x07, 0x3F, 0x07, 0x3F, 0x07, 0x5F, 0x07, 0x1F, 0x07, 0x1F, 0x07, 0x1F,
    0x07, 0x1F, 0x07, 0x3F, 0x07, 0x3F, 0x07, 0x5F, 0x07, 0x1F, 0x07, 0x1F, 0x07, 0x1F, 0x07, 0x5F,
    0x07, 0x3F, 0x07, 0x3F, 0x06, 0xBF, 0x07, 0x1F, 0x07, 0x1F, 0x07, 0x1F, 0x07, 0x1F, 0x07, 0x3F,
    0x07, 0x3F, 0x07, 0x1F, 0x07, 0x5F, 0x07, 0x3F, 0x07, 0x5F, 0x07, 0x3F, 0x07, 0x3F, 0x07, 0x5F,
    0x07, 0x1F, 0x07, 0x1F, 0x07, 0x1F, 0x07, 0x1F, 0x07, 0x1F, 0x07, 0x1F, 0x07, 0x1F, 0x07, 0x1F,
    0x07, 0x1F, 0x07, 0x1F, 0x07, 0x1F, 0x07, 0x1F, 0x07, 0x1F, 0x07, 0x1F, 0x07, 0x1F, 0x07, 0x5F,
    0x07, 0x5F, 0x07, 0x1F, 0x07, 0x1F, 0x07, 0x1F, 0x07, 0x1F, 0x07, 0x1F, 0x07, 0x1F, 0x07, 0x1F,
    0x07, 0x1F, 0x07, 0x1F, 0x07, 0x1F, 0x07, 0x1F, 0x07, 0x1F, 0x07, 0x1F, 0x07, 0x1F, 0x07, 0x1F,
    0x07, 0x1F, 0x07, 0x1F, 0x07, 0x3F, 0x07, 0x3F, 0x07, 0x3F, 0x07, 0x3F, 0x07, 0x1F, 0x07, 0x1F,
    0x07, 0x1F, 0x07, 0x1F, 0x07, 0x3F, 0x07, 0x3F, 0x07, 0x3F, 0x06, 0xBF, 0x07, 0x1F, 0x07, 0x1F,
    0x07, 0x3F, 0x07, 0x3F, 0x07, 0x3F, 0x07, 0x1F, 0x07, 0x1F, 0x07, 0x1F, 0x07, 0x1F, 0x07, 0x3F,
    0x07, 0x3F, 0x07, 0x3F, 0x07, 0x1F, 0x07, 0x3F, 0x07, 0x3F, 0x07, 0x1F, 0x07, 0x3F, 0x07, 0x3F,
    0x07, 0x3F, 0x07, 0x1F, 0x07, 0x1F, 0x07, 0x1F, 0x07, 0x1F, 0x07, 0x1F, 0x07, 0x1F, 0x07, 0x1F,
    0x07, 0x1F, 0x07, 0x1F, 0x07, 0x1F, 0x07, 0x1F, 0x07, 0x1F, 0x07, 0x1F, 0x07, 0x1F, 0x07, 0x1F,
    0x07, 0x5F, 0x07, 0x5F, 0x07, 0x1F, 0x07, 0x1F, 0x07, 0x1F, 0x07, 0x1F, 0x07, 0x1F, 0x07, 0x1F,
    0x07, 0x1F, 0x07, 0x1F, 0x07, 0x1F, 0x07, 0x1F, 0x07, 0x1F, 0x07, 0x1F, 0x07, 0x1F, 0x07, 0x1F,
    0x07, 0x1F, 0x07, 0x1F, 0x07, 0x1F, 0x07, 0x3F, 0x07, 0x3F, 0x07, 0x5F, 0x07, 0x1F, 0x07, 0x1F,
    0x07, 0x1F, 0x07, 0x1F, 0x07, 0x1F, 0x07, 0x3F, 0x07, 0x3F, 0x07, 0x3F, 0x07, 0x3F, 0x07, 0x3F,
    0x07, 0x3F, 0x07, 0x3F, 0x07, 0x3F, 0x07, 0x3F, 0x07, 0x1F, 0x07, 0x1F, 0x07, 0x1F, 0x07, 0x1F,
    0x07, 0x3F, 0x07, 0x3F, 0x07, 0x1F, 0x07, 0x1F, 0x07, 0x5F, 0x07, 0x3F, 0x07, 0x3F, 0x07, 0x3F,
    0x07, 0x3F, 0x07, 0x3F, 0x07, 0x1F, 0x07, 0x1F, 0x07, 0x1F, 0x07, 0x1F, 0x07, 0x1F, 0x07, 0x1F,
    0x07, 0x1F, 0x07, 0x1F, 0x07, 0x1F, 0x07, 0x1F, 0x07, 0x1F, 0x07, 0x1F, 0x07, 0x1F, 0x07, 0x1F,
    0x07, 0x1F, 0x07, 0x5F, 0x07, 0x5F, 0x07, 0x1F, 0x07, 0x1F, 0x07, 0x1F, 0x07, 0x1F, 0x07, 0x1F,
    0x07, 0x1F, 0x07, 0x1F, 0x07, 0x1F, 0x07, 0x1F, 0x07, 0x1F, 0x07, 0x1F, 0x07, 0x1F, 0x07, 0x1F,
    0x07, 0x1F, 0x07, 0x1F, 0x07, 0x1F, 0x07, 0x3F, 0x07, 0x3F, 0x07, 0x3F, 0x07, 0x3F, 0x07, 0x1F,
    0x07, 0x1F, 0x07, 0x1F, 0x07, 0x1F, 0x07, 0x1F, 0x07, 0x1F, 0x07, 0x3F, 0x07, 0x3F, 0x07, 0x3F,
    0x07, 0x3F, 0x07, 0x3F, 0x07, 0x3F, 0x07, 0x3F, 0x07, 0x1F, 0x07, 0x1F, 0x07, 0x1F, 0x07, 0x1F,
    0x07, 0x3F, 0x07, 0x3F, 0x07, 0x1F, 0x07, 0x1F, 0x07, 0x1F, 0x07, 0x5F, 0x07, 0x3F, 0x07, 0x3F,
    0x07, 0x3F, 0x07, 0x3F, 0x07, 0x1F, 0x07, 0x1F, 0x07, 0x1F, 0x07, 0x1F, 0x07, 0x1F, 0x07, 0x1F,
    0x07, 0x1F, 0x07, 0x1F, 0x07, 0x1F, 0x07, 0x1F, 0x07, 0x1F, 0x07, 0x1F, 0x07, 0x1F, 0x07, 0x1F,
    0x07, 0x1F, 0x07, 0x1F, 0x07, 0x5F, 0x07, 0x5F, 0x07, 0x1F, 0x07, 0x1F, 0x07, 0x1F, 0x07, 0x1F,
    0x07, 0x1F, 0x07, 0x1F, 0x07, 0x1F, 0x07, 0x1F, 0x07, 0x1F, 0x07, 0x1F, 0x07, 0x1F, 0x07, 0x1F,
    0x07, 0x1F, 0x07, 0x1F, 0x07, 0x1F, 0x07, 0x1F, 0x07, 0x1F, 0x07, 0x1F, 0x07, 0x1F, 0x07, 0x1F,
    0x07, 0x1F, 0x07, 0x1F, 0x07, 0x1F, 0x07, 0x1F, 0x07, 0x1F, 0x07, 0x1F, 0x07, 0x1F, 0x07, 0x1F,
    0x07, 0x1F, 0x07, 0x3F, 0x07, 0x3F, 0x07, 0x1F, 0x07, 0x1F, 0x07, 0x1F, 0x07, 0x1F, 0x07, 0x1F,
    0x07, 0x1F, 0x07, 0x1F, 0x07, 0x1F, 0x07, 0x1F, 0x07, 0x1F, 0x07, 0x1F, 0x07, 0x1F, 0x07, 0x3F,
    0x07, 0x3F, 0x07, 0x5F, 0x07, 0x1F, 0x07, 0x1F, 0x07, 0x1F, 0x07, 0x1F, 0x07, 0x1F, 0x07, 0x1F,
    0x07, 0x1F, 0x07, 0x1F, 0x07, 0x1F, 0x07, 0x1F, 0x07, 0x1F, 0x07, 0x1F, 0x07, 0x1F, 0x07, 0x1F,
    0x07, 0x1F, 0x07, 0x1F, 0x07, 0x1F, 0x07, 0x5F, 0x07, 0x5F, 0x07, 0x1F, 0x07, 0x1F, 0x07, 0x1F,
    0x07, 0x1F, 0x07, 0x1F, 0x07, 0x1F, 0x07, 0x1F, 0x07, 0x1F, 0x07, 0x1F, 0x07, 0x1F, 0x07, 0x1F,
    0x07, 0x1F, 0x07, 0x1F, 0x07, 0x1F, 0x07, 0x1F, 0x07, 0x1F, 0x07, 0x1F, 0x07, 0x1F, 0x07, 0x1F,
    0x07, 0x1F, 0x07, 0x1F, 0x07, 0x1F, 0x07, 0x1F, 0x07, 0x1F, 0x07, 0x1F, 0x07, 0x1F, 0x07, 0x1F,
    0x07, 0x1F, 0x07, 0x1F, 0x07, 0x1F, 0x07, 0x1F, 0x07, 0x1F, 0x07, 0x1F, 0x07, 0x1F, 0x07, 0x1F,
    0x07, 0x1F, 0x07, 0x1F, 0x07, 0x1F, 0x07, 0x1F, 0x07, 0x1F, 0x07, 0x1F, 0x07, 0x1F, 0x07, 0x1F,
    0x07, 0x1F, 0x07, 0x1F, 0x07, 0x1F, 0x07, 0x1F, 0x07, 0x1F, 0x07, 0x1F, 0x07, 0x1F, 0x07, 0x1F,
    0x07, 0x1F, 0x07, 0x1F, 0x07, 0x1F, 0x07, 0x1F, 0x07, 0x1F, 0x07, 0x1F, 0x07, 0x1F, 0x07, 0x1F,
    0x07, 0x1F, 0x07, 0x1F, 0x07, 0x1F, 0x07, 0x1F, 0x07, 0x5F, 0x07, 0x5F, 0x07, 0x1F, 0x07, 0x1F,
    0x07, 0x1F, 0x07, 0x1F, 0x07, 0x1F, 0x07, 0x1F, 0x07, 0x1F, 0x07, 0x1F, 0x07, 0x1F, 0x07, 0x1F,
    0x07, 0x1F, 0x07, 0x1F, 0x07, 0x1F, 0x07, 0x1F, 0x07, 0x1F, 0x07, 0x1F, 0x07, 0x1F, 0x07, 0x1F,
    0x07, 0x1F, 0x07, 0x1F, 0x07, 0x1F, 0x07, 0x1F, 0x07, 0x1F, 0x07, 0x1F, 0x07, 0x1F, 0x07, 0x1F,
    0x07, 0x1F, 0x07, 0x1F, 0x07, 0x1F, 0x07, 0x1F, 0x07, 0x1F, 0x07, 0x1F, 0x07, 0x1F, 0x07, 0x1F,
    0x07, 0x1F, 0x07, 0x1F, 0x07, 0x1F, 0x07, 0x1F, 0x07, 0x1F, 0x07, 0x1F, 0x07, 0x1F, 0x07, 0x1F,
    0x07, 0x1F, 0x07, 0x1F, 0x07, 0x1F, 0x07, 0x1F, 0x07, 0x1F, 0x07, 0x1F, 0x07, 0x1F, 0x07, 0x1F,
    0x07, 0x1F, 0x07, 0x1F, 0x07, 0x1F, 0x07, 0x1F, 0x07, 0x1F, 0x07, 0x1F, 0x07, 0x1F, 0x07, 0x1F,
    0x07, 0x1F, 0x07, 0x1F, 0x07, 0x1F, 0x07, 0x1F, 0x07, 0x1F, 0x07, 0x5F, 0x07, 0x5F, 0x07, 0x1F,
    0x07, 0x1F, 0x07, 0x1F, 0x07, 0x1F, 0x07, 0x1F, 0x07, 0x1F, 0x07, 0x1F, 0x07, 0x1F, 0x07, 0x1F,
    0x07, 0x1F, 0x07, 0x1F, 0x07, 0x1F, 0x07, 0x1F, 0x07, 0x1F, 0x07, 0x1F, 0x07, 0x1F, 0x07, 0x1F,
    0x07, 0x1F, 0x07, 0x1F, 0x07, 0x1F, 0x07, 0x1F, 0x07, 0x1F, 0x07, 0x1F, 0x07, 0x1F, 0x07, 0x1F,
    0x07, 0x1F, 0x07, 0x1F, 0x07, 0x1F, 0x07, 0x1F, 0x07, 0x1F, 0x07, 0x1F, 0x07, 0x1F, 0x07, 0x1F,
    0x07, 0x1F, 0x07, 0x1F, 0x07, 0x1F, 0x07, 0x1F, 0x07, 0x1F, 0x07, 0x1F, 0x07, 0x1F, 0x07, 0x1F,
    0x07, 0x1F, 0x07, 0x1F, 0x07, 0x1F, 0x07, 0x1F, 0x07, 0x1F, 0x07, 0x1F, 0x07, 0x1F, 0x07, 0x1F,
    0x07, 0x1F, 0x07, 0x1F, 0x07, 0x1F, 0x07, 0x1F, 0x07, 0x1F, 0x07, 0x1F, 0x07, 0x1F, 0x07, 0x1F,
    0x07, 0x1F, 0x07, 0x1F, 0x07, 0x1F, 0x07, 0x1F, 0x07, 0x1F, 0x07, 0x1F, 0x07, 0x5F, 0x07, 0x5F,
    0x07, 0x1F, 0x07, 0x1F, 0x07, 0x1F, 0x07, 0x1F, 0x07, 0x1F, 0x07, 0x1F, 0x07, 0x1F, 0x07, 0x1F,
    0x07, 0x1F, 0x07, 0x1F, 0x07, 0x1F, 0x07, 0x1F, 0x07, 0x1F, 0x07, 0x1F, 0x07, 0x1F, 0x07, 0x1F,
    0x07, 0x1F, 0x07, 0x1F, 0x07, 0x1F, 0x07, 0x1F, 0x07, 0x1F, 0x07, 0x1F, 0x07, 0x1F, 0x07, 0x1F,
    0x07, 0x1F, 0x07, 0x1F, 0x07, 0x1F, 0x07, 0x1F, 0x07, 0x1F, 0x07, 0x1F, 0x07, 0x1F, 0x07, 0x1F,
    0x07, 0x1F, 0x07, 0x1F, 0x07, 0x1F, 0x07, 0x1F, 0x07, 0x1F, 0x07, 0x1F, 0x07, 0x1F, 0x07, 0x1F,
    0x07, 0x1F, 0x07, 0x1F, 0x07, 0x1F, 0x07, 0x1F, 0x07, 0x1F, 0x07, 0x1F, 0x07, 0x1F, 0x07, 0x1F,
    0x07, 0x1F, 0x07, 0x1F, 0x07, 0x1F, 0x07, 0x1F, 0x07, 0x1F, 0x07, 0x1F, 0x07, 0x1F, 0x07, 0x1F,
    0x07, 0x1F, 0x07, 0x1F, 0x07, 0x1F, 0x07, 0x1F, 0x07, 0x1F, 0x07, 0x1F, 0x07, 0x1F, 0x07, 0x5F,
    0x07, 0x5F, 0x07, 0x1F, 0x07, 0x1F, 0x07, 0x1F, 0x07, 0x1F, 0x07, 0x1F, 0x07, 0x1F, 0x07, 0x1F,
    0x07, 0x1F, 0x07, 0x1F, 0x07, 0x1F, 0x07, 0x1F, 0x07, 0x1F, 0x07, 0x1F, 0x07, 0x1F, 0x07, 0x1F,
    0x07, 0x1F, 0x07, 0x1F, 0x07, 0x1F, 0x07, 0x1F, 0x07, 0x1F, 0x07, 0x1F, 0x07, 0x1F, 0x07, 0x1F,
    0x07, 0x1F, 0x07, 0x1F, 0x07, 0x1F, 0x07, 0x1F, 0x07, 0x1F, 0x07, 0x1F, 0x07, 0x1F, 0x07, 0x1F,
    0x07, 0x1F, 0x07, 0x1F, 0x07, 0x1F, 0x07, 0x1F, 0x07, 0x1F, 0x07, 0x1F, 0x07, 0x1F, 0x07, 0x1F,
    0x07, 0x1F, 0x07, 0x1F, 0x07, 0x1F, 0x07, 0x1F, 0x07, 0x1F, 0x07, 0x1F, 0x07, 0x1F, 0x07, 0x1F,
    0x07, 0x1F, 0x07, 0x1F, 0x07, 0x1F, 0x07, 0x1F, 0x07, 0x1F, 0x07, 0x1F, 0x07, 0x1F, 0x07, 0x1F,
    0x07, 0x1F, 0x07, 0x1F, 0x07, 0x1F, 0x07, 0x1F, 0x07, 0x1F, 0x07, 0x1F, 0x07, 0x1F, 0x07, 0x1F,
    0x07, 0x5F, 0x07, 0x5F, 0x07, 0x1F, 0x07, 0x1F, 0x07, 0x1F, 0x07, 0x1F, 0x07, 0x1F, 0x07, 0x1F,
    0x07, 0x1F, 0x07, 0x1F, 0x07, 0x1F, 0x07, 0x1F, 0x07, 0x1F, 0x07, 0x1F, 0x07, 0x1F, 0x07, 0x1F,
    0x07, 0x1F, 0x07, 0x1F, 0x07, 0x1F, 0x07, 0x1F, 0x07, 0x1F, 0x07, 0x1F, 0x07, 0x1F, 0x07, 0x1F,
    0x07, 0x1F, 0x07, 0x1F, 0x07, 0x1F, 0x07, 0x1F, 0x07, 0x1F, 0x07, 0x1F, 0x07, 0x1F, 0x07, 0x1F,
    0x07, 0x1F, 0x07, 0x1F, 0x07, 0x1F, 0x07, 0x1F, 0x07, 0x1F, 0x07, 0x1F, 0x07, 0x1F, 0x07, 0x1F,
    0x07, 0x1F, 0x07, 0x1F, 0x07, 0x1F, 0x07, 0x1F, 0x07, 0x1F, 0x07, 0x1F, 0x07, 0x1F, 0x07, 0x1F,
    0x07, 0x1F, 0x07, 0x1F, 0x07, 0x1F, 0x07, 0x1F, 0x07, 0x1F, 0x07, 0x1F, 0x07, 0x1F, 0x07, 0x1F,
    0x07, 0x1F, 0x07, 0x1F, 0x07, 0x1F, 0x07, 0x1F, 0x07, 0x1F, 0x07, 0x1F, 0x07, 0x1F, 0x07, 0x1F,
    0x07, 0x1F, 0x07, 0x5F, 0x07, 0x5F, 0x07, 0x1F, 0x07, 0x1F, 0x07, 0x1F, 0x07, 0x1F, 0x07, 0x1F,
    0x07, 0x1F, 0x07, 0x1F, 0x07, 0x1F, 0x07, 0x1F, 0x07, 0x1F, 0x07, 0x1F, 0x07, 0x1F, 0x07, 0x1F,
    0x07, 0x1F, 0x07, 0x1F, 0x07, 0x1F, 0x07, 0x1F, 0x07, 0x1F, 0x07, 0x1F, 0x07, 0x1F, 0x07, 0x1F,
    0x07, 0x1F, 0x07, 0x1F, 0x07, 0x1F, 0x07, 0x1F, 0x07, 0x1F, 0x07, 0x1F, 0x07, 0x1F, 0x07, 0x1F,
    0x07, 0x1F, 0x07, 0x1F, 0x07, 0x1F, 0x07, 0x1F, 0x07, 0x1F, 0x07, 0x1F, 0x07, 0x1F, 0x07, 0x1F,
    0x07, 0x1F, 0x07, 0x1F, 0x07, 0x1F, 0x07, 0x1F, 0x07, 0x1F, 0x07, 0x1F, 0x07, 0x1F, 0x07, 0x1F,
    0x07, 0x1F, 0x07, 0x1F, 0x07, 0x1F, 0x07, 0x1F, 0x07, 0x1F, 0x07, 0x1F, 0x07, 0x1F, 0x07, 0x1F,
    0x07, 0x1F, 0x07, 0x1F, 0x07, 0x1F, 0x07, 0x1F, 0x07, 0x1F, 0x07, 0x1F, 0x07, 0x1F, 0x07, 0x1F,
    0x07, 0x1F, 0x07, 0x1F, 0x07, 0x5F, 0x07, 0x5F, 0x07, 0x3F, 0x07, 0x1F, 0x07, 0x1F, 0x07, 0x1F,
    0x07, 0x1F, 0x07, 0x1F, 0x07, 0x1F, 0x07, 0x1F, 0x07, 0x1F, 0x07, 0x1F, 0x07, 0x1F, 0x07, 0x1F,
    0x07, 0x1F, 0x07, 0x1F, 0x07, 0x1F, 0x07, 0x1F, 0x07, 0x1F, 0x07, 0x1F, 0x07, 0x1F, 0x07, 0x1F,
    0x07, 0x1F, 0x07, 0x1F, 0x07, 0x1F, 0x07, 0x1F, 0x07, 0x1F, 0x07, 0x1F, 0x07, 0x1F, 0x07, 0x1F,
    0x07, 0x1F, 0x07, 0x1F, 0x07, 0x1F, 0x07, 0x1F, 0x07, 0x1F, 0x07, 0x1F, 0x07, 0x1F, 0x07, 0x1F,
    0x07, 0x1F, 0x07, 0x1F, 0x07, 0x1F, 0x07, 0x1F, 0x07, 0x1F, 0x07, 0x1F, 0x07, 0x1F, 0x07, 0x1F,
    0x07, 0x1F, 0x07, 0x1F, 0x07, 0x1F, 0x07, 0x1F, 0x07, 0x1F, 0x07, 0x1F, 0x07, 0x1F, 0x07, 0x1F,
    0x07, 0x1F, 0x07, 0x1F, 0x07, 0x1F, 0x07, 0x1F, 0x07, 0x1F, 0x07, 0x1F, 0x07, 0x1F, 0x07, 0x1F,
    0x07, 0x1F, 0x07, 0x1F, 0x07, 0x1F, 0x07, 0x5F, 0x07, 0x9F, 0x06, 0xBF, 0x07, 0x1F, 0x07, 0x1F,
    0x07, 0x1F, 0x07, 0x1F, 0x07, 0x1F, 0x07, 0x1F, 0x07, 0x1F, 0x07, 0x1F, 0x07, 0x1F, 0x07, 0x1F,
    0x07, 0x1F, 0x07, 0x1F, 0x07, 0x1F, 0x07, 0x1F, 0x07, 0x1F, 0x07, 0x1F, 0x07, 0x1F, 0x07, 0x1F,
    0x07, 0x1F, 0x07, 0x1F, 0x07, 0x1F, 0x07, 0x1F, 0x07, 0x1F, 0x07, 0x1F, 0x07, 0x1F, 0x07, 0x1F,
    0x07, 0x1F, 0x07, 0x1F, 0x07, 0x1F, 0x07, 0x1F, 0x07, 0x1F, 0x07, 0x1F, 0x07, 0x1F, 0x07, 0x1F,
    0x07, 0x1F, 0x07, 0x1F, 0x07, 0x1F, 0x07, 0x1F, 0x07, 0x1F, 0x07, 0x1F, 0x07, 0x1F, 0x07, 0x1F,
    0x07, 0x1F, 0x07, 0x1F, 0x07, 0x1F, 0x07, 0x1F, 0x07, 0x1F, 0x07, 0x1F, 0x07, 0x1F, 0x07, 0x1F,
    0x07, 0x1F, 0x07, 0x1F, 0x07, 0x1F, 0x07, 0x1F, 0x07, 0x1F, 0x07, 0x1F, 0x07, 0x1F, 0x07, 0x1F,
    0x07, 0x1F, 0x07, 0x1F, 0x07, 0x1F, 0x07, 0x7F, 0x07, 0x9F, 0x06, 0xBF, 0x07, 0x5F, 0x07, 0x3F,
    0x07, 0x1F, 0x07, 0x1F, 0x07, 0x1F, 0x07, 0x1F, 0x07, 0x1F, 0x07, 0x1F, 0x07, 0x1F, 0x07, 0x1F,
    0x07, 0x1F, 0x07, 0x1F, 0x07, 0x1F, 0x07, 0x1F, 0x07, 0x1F, 0x07, 0x1F, 0x07, 0x1F, 0x07, 0x1F,
    0x07, 0x1F, 0x07, 0x1F, 0x07, 0x1F, 0x07, 0x1F, 0x07, 0x1F, 0x07, 0x1F, 0x07, 0x1F, 0x07, 0x1F,
    0x07, 0x1F, 0x07, 0x1F, 0x07, 0x1F, 0x07, 0x1F, 0x07, 0x1F, 0x07, 0x1F, 0x07, 0x1F, 0x07, 0x1F,
    0x07, 0x1F, 0x07, 0x1F, 0x07, 0x1F, 0x07, 0x1F, 0x07, 0x1F, 0x07, 0x1F, 0x07, 0x1F, 0x07, 0x1F,
    0x07, 0x1F, 0x07, 0x1F, 0x07, 0x1F, 0x07, 0x1F, 0x07, 0x1F, 0x07, 0x1F, 0x07, 0x1F, 0x07, 0x1F,
    0x07, 0x1F, 0x07, 0x1F, 0x07, 0x1F, 0x07, 0x1F, 0x07, 0x1F, 0x07, 0x1F, 0x07, 0x1F, 0x07, 0x1F,
    0x07, 0x1F, 0x07, 0x1F, 0x07, 0x1F, 0x07, 0x3F, 0x07, 0x5F, 0x07, 0x3F, 0x00, 0x00, 0x07, 0x7F,
    0x07, 0x5F, 0x07, 0x7F, 0x07, 0x1F, 0x07, 0x1F, 0x07, 0x1F, 0x07, 0x1F, 0x07, 0x1F, 0x07, 0x1F,
    0x07, 0x1F, 0x07, 0x1F, 0x07, 0x1F, 0x07, 0x1F, 0x07, 0x1F, 0x07, 0x1F, 0x07, 0x1F, 0x07, 0x1F,
    0x07, 0x1F, 0x07, 0x1F, 0x07, 0x1F, 0x07, 0x1F, 0x07, 0x1F, 0x07, 0x1F, 0x07, 0x1F, 0x07, 0x1F,
    0x07, 0x1F, 0x07, 0x1F, 0x07, 0x1F, 0x07, 0x1F, 0x07, 0x1F, 0x07, 0x1F, 0x07, 0x1F, 0x07, 0x1F,
    0x07, 0x1F, 0x07, 0x1F, 0x07, 0x1F, 0x07, 0x1F, 0x07, 0x1F, 0x07, 0x1F, 0x07, 0x1F, 0x07, 0x1F,
    0x07, 0x1F, 0x07, 0x1F, 0x07, 0x1F, 0x07, 0x1F, 0x07, 0x1F, 0x07, 0x1F, 0x07, 0x1F, 0x07, 0x1F,
    0x07, 0x1F, 0x07, 0x1F, 0x07, 0x1F, 0x07, 0x1F, 0x07, 0x1F, 0x07, 0x1F, 0x07, 0x1F, 0x07, 0x1F,
    0x07, 0x1F, 0x07, 0x1F, 0x07, 0x3F, 0x07, 0x5F, 0x07, 0x5F, 0x07, 0x7F, 0x00, 0x00, 0x00, 0x00,
    0x00, 0x00, 0x07, 0x3F, 0x07, 0x9F, 0x07, 0x5F, 0x07, 0x5F, 0x07, 0x5F, 0x07, 0x5F, 0x07, 0x5F,
    0x07, 0x5F, 0x07, 0x5F, 0x07, 0x5F, 0x07, 0x5F, 0x07, 0x5F, 0x07, 0x5F, 0x07, 0x5F, 0x07, 0x5F,
    0x07, 0x5F, 0x07, 0x5F, 0x07, 0x5F, 0x07, 0x5F, 0x07, 0x5F, 0x07, 0x5F, 0x07, 0x5F, 0x07, 0x5F,
    0x07, 0x5F, 0x07, 0x5F, 0x07, 0x5F, 0x07, 0x5F, 0x07, 0x5F, 0x07, 0x5F, 0x07, 0x5F, 0x07, 0x5F,
    0x07, 0x5F, 0x07, 0x5F, 0x07, 0x5F, 0x07, 0x5F, 0x07, 0x5F, 0x07, 0x5F, 0x07, 0x5F, 0x07, 0x5F,
    0x07, 0x5F, 0x07, 0x5F, 0x07, 0x5F, 0x07, 0x5F, 0x07, 0x5F, 0x07, 0x5F, 0x07, 0x5F, 0x07, 0x5F,
    0x07, 0x5F, 0x07, 0x5F, 0x07, 0x5F, 0x07, 0x5F, 0x07, 0x5F, 0x07, 0x5F, 0x07, 0x5F, 0x07, 0x5F,
    0x07, 0x5F, 0x07, 0x5F, 0x07, 0x5F, 0x07, 0x5F, 0x07, 0x9F, 0x06, 0xBF, 0x00, 0x00, 0x00, 0x00
};

const uint8_t img_frame_map[] = {
    0x00, 0x00, 0x00, 0x00, 0x00, 0x00, 0x00, 0x00, 0x00, 0x00, 0x00, 0x00, 0x00, 0x00, 0x00, 0x00,
    0x00, 0x00, 0x00, 0x00, 0x00, 0x00, 0x00, 0x00, 0x00, 0x00, 0x00, 0x00, 0x00, 0x00, 0x00, 0x00,
    0x00, 0x00, 0x00, 0x00, 0x00, 0x00, 0x00, 0x00, 0x00, 0x00, 0x00, 0x00, 0x00, 0x00, 0x00, 0x00,
    0x00, 0x00, 0x00, 0x00, 0x00, 0x00, 0x00, 0x00, 0x00, 0x00, 0x00, 0x00, 0x00, 0x00, 0x00, 0x00,
    0x00, 0x00, 0x00, 0x00, 0x00, 0x00, 0x00, 0x00, 0x00, 0x00, 0x00, 0x00, 0x00, 0x00, 0x00, 0x00,
    0x00, 0x00, 0x00, 0x00, 0x00, 0x00, 0x00, 0x00, 0x00, 0x00, 0x00, 0x00, 0x00, 0x00, 0x00, 0x00,
    0x00, 0x00, 0x00, 0x00, 0x00, 0x00, 0x00, 0x00, 0x00, 0x00, 0x00, 0x00, 0x00, 0x00, 0x00, 0x00,
    0x00, 0x00, 0x00, 0x00, 0x00, 0x00, 0x00, 0x00, 0x00, 0x00, 0x00, 0x00, 0x00, 0x00, 0x00, 0x00,
    0x00, 0x00, 0x00, 0x00, 0x00, 0x00, 0x00, 0x00, 0x00, 0x00, 0x00, 0x00, 0x00, 0x00, 0x00, 0x00,
    0x00, 0x00, 0x00, 0x00, 0x00, 0x00, 0x00, 0x00, 0x00, 0x00, 0x00, 0x00, 0x00, 0x00, 0x00, 0x00,
    0x00, 0x00, 0x00, 0x00, 0x00, 0x00, 0x00, 0x00, 0x00, 0x00, 0x00, 0x00, 0x00, 0x00, 0x00, 0x00,
    0x00, 0x00, 0x00, 0x00, 0x00, 0x00, 0x00, 0x00, 0x00, 0x00, 0x00, 0x00, 0x00, 0x00, 0x00, 0x00,
    0x00, 0x00, 0x00, 0x00, 0x00, 0x00, 0x00, 0x00, 0x00, 0x00, 0x00, 0x00, 0x00, 0x00, 0x00, 0x00,
    0x00, 0x00, 0x00, 0x00, 0x00, 0x00, 0x00, 0x00, 0x00, 0x00, 0x00, 0x00, 0x00, 0x00, 0x00, 0x00,
    0x00, 0x00, 0x00, 0x00, 0x00, 0x00, 0x00, 0x00, 0x00, 0x00, 0x00, 0x00, 0x00, 0x00, 0x00, 0x00,
    0x00, 0x00, 0x00, 0x00, 0x00, 0x00, 0x00, 0x00, 0x00, 0x00, 0x00, 0x00, 0x00, 0x00, 0x00, 0x00,
    0x00, 0x00, 0x00, 0x00, 0x00, 0x00, 0x00, 0x00, 0x00, 0x00, 0x00, 0x00, 0x00, 0x00, 0x00, 0x00,
    0x00, 0x00, 0x00, 0x00, 0x00, 0x00, 0x00, 0x00, 0x00, 0x00, 0x00, 0x00, 0x00, 0x00, 0x00, 0x00,
    0x00, 0x00, 0x00, 0x00, 0x00, 0x00, 0x00, 0x00, 0x00, 0x00, 0x00, 0x00, 0x00, 0x00, 0x00, 0x00,
    0x00, 0x00, 0x00, 0x00, 0x00, 0x00, 0x00, 0x00, 0x00, 0x00, 0x00, 0x00, 0x00, 0x00, 0x00, 0x00,
    0x00, 0x00, 0x00, 0x00, 0x00, 0x00, 0x00, 0x00, 0x00, 0x00, 0x00, 0x00, 0x00, 0x00, 0x00, 0x00,
    0x00, 0x00, 0x00, 0x00, 0x00, 0x00, 0x00, 0x00, 0x00, 0x00, 0x00, 0x00, 0x00, 0x00, 0x00, 0x00,
    0x00, 0x00, 0x00, 0x00, 0x00, 0x00, 0x00, 0x00, 0x00, 0x00, 0x00, 0x00, 0x00, 0x00, 0x00, 0x00,
    0x00, 0x00, 0x00, 0x00, 0x00, 0x00, 0x00, 0x00, 0x00, 0x00, 0x00, 0x00, 0x00, 0x00, 0x00, 0x00,
    0x00, 0x00, 0x00, 0x00, 0x00, 0x00, 0x00, 0x00, 0x00, 0x00, 0x00, 0x00, 0x00, 0x00, 0x00, 0x00,
    0x00, 0x00, 0x00, 0x00, 0x00, 0x00, 0x00, 0x00, 0x00, 0x00, 0x00, 0x00, 0x00, 0x00, 0x00, 0x00,
    0x00, 0x00, 0x00, 0x00, 0x00, 0x00, 0x00, 0x00, 0x00, 0x00, 0x00, 0x00, 0x00, 0x00, 0x00, 0x00,
    0x00, 0x00, 0x00, 0x00, 0x00, 0x00, 0x00, 0x00, 0x00, 0x00, 0x00, 0x00, 0x00, 0x00, 0x00, 0x00,
    0x00, 0x00, 0x00, 0x00, 0x00, 0x00, 0x00, 0x00, 0x00, 0x00, 0x00, 0x00, 0x00, 0x00, 0x00, 0x00,
    0x00, 0x00, 0x00, 0x00, 0x00, 0x00, 0x00, 0x00, 0x00, 0x00, 0x00, 0x00, 0x00, 0x00, 0x00, 0x00,
    0x00, 0x00, 0x00, 0x00, 0x00, 0x00, 0x00, 0x00, 0x00, 0x00, 0x00, 0x00, 0x00, 0x00, 0x00, 0x00,
    0x00, 0x00, 0x00, 0x00, 0x00, 0x00, 0x00, 0x00, 0x00, 0x00, 0x00, 0x00, 0x00, 0x00, 0x00, 0x00,
    0x00, 0x00, 0x00, 0x00, 0x00, 0x00, 0x00, 0x00, 0x00, 0x00, 0x00, 0x00, 0x00, 0x00, 0x00, 0x00,
    0x00, 0x00, 0x00, 0x00, 0x00, 0x00, 0x00, 0x00, 0x00, 0x00, 0x00, 0x00, 0x00, 0x00, 0x00, 0x00,
    0x00, 0x00, 0x00, 0x00, 0x00, 0x00, 0x00, 0x00, 0x00, 0x00, 0x00, 0x00, 0x00, 0x00, 0x00, 0x00,
    0x00, 0x00, 0x00, 0x00, 0x00, 0x00, 0x00, 0x00, 0x00, 0x00, 0x00, 0x00, 0x00, 0x00, 0x00, 0x00,
    0x00, 0x00, 0x00, 0x00, 0x00, 0x00, 0x00, 0x00, 0x00, 0x00, 0x00, 0x00, 0x00, 0x00, 0x00, 0x00,
    0x00, 0x00, 0x00, 0x00, 0x00, 0x00, 0x00, 0x00, 0x00, 0x00, 0x00, 0x00, 0x00, 0x00, 0x00, 0x00,
    0x00, 0x00, 0x00, 0x00, 0x00, 0x00, 0x00, 0x00, 0x00, 0x00, 0x00, 0x00, 0x00, 0x00, 0x00, 0x00,
    0x00, 0x00, 0x00, 0x00, 0x00, 0x00, 0x00, 0x00, 0x00, 0x00, 0x00, 0x00, 0x00, 0x00, 0x00, 0x00,
    0x00, 0x00, 0x00, 0x00, 0x00, 0x00, 0x00, 0x00, 0x00, 0x00, 0x00, 0x00, 0x00, 0x00, 0x00, 0x00,
    0x00, 0x00, 0x00, 0x00, 0x00, 0x00, 0x00, 0x00, 0x00, 0x00, 0x00, 0x00, 0x00, 0x00, 0x00, 0x00,
    0x00, 0x00, 0x00, 0x00, 0x00, 0x00, 0x00, 0x00, 0x00, 0x00, 0x00, 0x00, 0x00, 0x00, 0x00, 0x00,
    0x00, 0x00, 0x00, 0x00, 0x00, 0x00, 0x00, 0x00, 0x00, 0x00, 0x00, 0x00, 0x00, 0x00, 0x00, 0x00,
    0x00, 0x00, 0x00, 0x00, 0x00, 0x00, 0x00, 0x00, 0x00, 0x00, 0x00, 0x00, 0x00, 0x00, 0x00, 0x00,
    0x00, 0x00, 0x00, 0x00, 0x00, 0x00, 0x00, 0x00, 0x00, 0x00, 0x00, 0x00, 0x00, 0x00, 0x00, 0x00,
    0x00, 0x00, 0x00, 0x00, 0x00, 0x00, 0x00, 0x00, 0x00, 0x00, 0x00, 0x00, 0x00, 0x00, 0x00, 0x00,
    0x00, 0x00, 0x00, 0x00, 0x00, 0x00, 0x00, 0x00, 0x00, 0x00, 0x00, 0x00, 0x00, 0x00, 0x00, 0x00,
    0x00, 0x00, 0x00, 0x00, 0x00, 0x00, 0x00, 0x00, 0x00, 0x00, 0x00, 0x00, 0x00, 0x00, 0x00, 0x00,
    0x00, 0x00, 0x00, 0x00, 0x00, 0x00, 0x00, 0x00, 0x00, 0x00, 0x00, 0x00, 0x00, 0x00, 0x00, 0x00,
    0x00, 0x00, 0x00, 0x00, 0x00, 0x00, 0x00, 0x00, 0x00, 0x00, 0x00, 0x00, 0x00, 0x00, 0x00, 0x00,
    0x00, 0x00, 0x00, 0x00, 0x00, 0x00, 0x00, 0x00, 0x00, 0x00, 0x00, 0x00, 0x00, 0x00, 0x00, 0x00,
    0x00, 0x00, 0x00, 0x00, 0x00, 0x00, 0x00, 0x00, 0x00, 0x00, 0x00, 0x00, 0x00, 0x00, 0x00, 0x00,
    0x00, 0x00, 0x00, 0x00, 0x00, 0x00, 0x00, 0x00, 0x00, 0x00, 0x00, 0x00, 0x00, 0x00, 0x00, 0x00,
    0x00, 0x00, 0x00, 0x00, 0x00, 0x00, 0x00, 0x00, 0x00, 0x00, 0x00, 0x00, 0x00, 0x00, 0x00, 0x00,
    0x00, 0x00, 0x00, 0x00, 0x00, 0x00, 0x00, 0x00, 0x00, 0x00, 0x00, 0x00, 0x00, 0x00, 0x00, 0x00,
    0x00, 0x00, 0x00, 0x00, 0x00, 0x00, 0x00, 0x00, 0x00, 0x00, 0x00, 0x00, 0x00, 0x00, 0x00, 0x00,
    0x00, 0x00, 0x00, 0x00, 0x00, 0x00, 0x00, 0x00, 0x00, 0x00, 0x00, 0x00, 0x00, 0x00, 0x00, 0x00,
    0x00, 0x00, 0x00, 0x00, 0x00, 0x00, 0x00, 0x00, 0x00, 0x00, 0x00, 0x00, 0x00, 0x00, 0x00, 0x00,
    0x00, 0x00, 0x00, 0x00, 0x00, 0x00, 0x00, 0x00, 0x00, 0x00, 0x00, 0x00, 0x00, 0x00, 0x00, 0x00,
    0x00, 0x00, 0x00, 0x00, 0x00, 0x00, 0x00, 0x00, 0x00, 0x00, 0x00, 0x00, 0x00, 0x00, 0x00, 0x00,
    0x00, 0x00, 0x00, 0x00, 0x00, 0x00, 0x00, 0x00, 0x00, 0x00, 0x00, 0x00, 0x00, 0x00, 0x00, 0x00,
    0x00, 0x00, 0x00, 0x00, 0x00, 0x00, 0x00, 0x00, 0x00, 0x00, 0x00, 0x00, 0x00, 0x00, 0x00, 0x00,
    0x00, 0x00, 0x00, 0x00, 0x00, 0x00, 0x00, 0x00, 0x00, 0x00, 0x00, 0x00, 0x00, 0x00, 0x00, 0x00,
    0x00, 0x00, 0x00, 0x00, 0x00, 0x00, 0x00, 0x00, 0x00, 0x00, 0x00, 0x00, 0x00, 0x00, 0x00, 0x00,
    0x00, 0x00, 0x00, 0x00, 0x00, 0x00, 0x00, 0x00, 0x00, 0x00, 0x00, 0x00, 0x00, 0x00, 0x00, 0x00,
    0x00, 0x00, 0x00, 0x00, 0x00, 0x00, 0x00, 0x00, 0x00, 0x00, 0x00, 0x00, 0x00, 0x00, 0x00, 0x00,
    0x00, 0x00, 0x00, 0x00, 0x00, 0x00, 0x00, 0x00, 0x00, 0x00, 0x00, 0x00, 0x00, 0x00, 0x00, 0x00,
    0x00, 0x00, 0x00, 0x00, 0x00, 0x00, 0x00, 0x00, 0x00, 0x00, 0x00, 0x00, 0x00, 0x00, 0x00, 0x00,
    0x00, 0x00, 0x00, 0x00, 0x00, 0x00, 0x00, 0x00, 0x00, 0x00, 0x00, 0x00, 0x00, 0x00, 0x00, 0x00,
    0x00, 0x00, 0x00, 0x00, 0x00, 0x00, 0x00, 0x00, 0x00, 0x00, 0x00, 0x00, 0x00, 0x00, 0x00, 0x00,
    0x00, 0x00, 0x00, 0x00, 0x00, 0x00, 0x00, 0x00, 0x00, 0x00, 0x00, 0x00, 0x00, 0x00, 0x00, 0x00,
    0x00, 0x00, 0x00, 0x00, 0x00, 0x00, 0x00, 0x00, 0x00, 0x00, 0x00, 0x00, 0x00, 0x00, 0x00, 0x00,
    0x00, 0x00, 0x00, 0x00, 0x00, 0x00, 0x00, 0x00, 0x00, 0x00, 0x00, 0x00, 0x00, 0x00, 0x00, 0x00,
    0x00, 0x00, 0x00, 0x00, 0x00, 0x00, 0x00, 0x00, 0x00, 0x00, 0x00, 0x00, 0x00, 0x00, 0x00, 0x00,
    0x00, 0x00, 0x00, 0x00, 0x00, 0x00, 0x00, 0x00, 0x00, 0x00, 0x00, 0x00, 0x00, 0x00, 0x00, 0x00,
    0x00, 0x00, 0x00, 0x00, 0x00, 0x00, 0x00, 0x00, 0x00, 0x00, 0x00, 0x00, 0x00, 0x00, 0x00, 0x00,
    0x00, 0x00, 0x00, 0x00, 0x00, 0x00, 0x00, 0x00, 0x00, 0x00, 0x00, 0x00, 0x00, 0x00, 0x00, 0x00,
    0x00, 0x00, 0x00, 0x00, 0x00, 0x00, 0x00, 0x00, 0x00, 0x00, 0x00, 0x00, 0x00, 0x00, 0x00, 0x00,
    0x00, 0x00, 0x00, 0x00, 0x00, 0x00, 0x00, 0x00, 0x00, 0x00, 0x00, 0x00, 0x00, 0x00, 0x00, 0x00,
    0x00, 0x00, 0x00, 0x00, 0x00, 0x00, 0x00, 0x00, 0x00, 0x00, 0x00, 0x00, 0x00, 0x00, 0x00, 0x00,
    0x00, 0x00, 0x00, 0x00, 0x00, 0x00, 0x00, 0x00, 0x00, 0x00, 0x00, 0x00, 0x00, 0x00, 0x00, 0x00,
    0x00, 0x00, 0x00, 0x00, 0x00, 0x00, 0x00, 0x00, 0x00, 0x00, 0x00, 0x00, 0x00, 0x00, 0x00, 0x00,
    0x00, 0x00, 0x00, 0x00, 0x00, 0x00, 0x00, 0x00, 0x00, 0x00, 0x00, 0x00, 0x00, 0x00, 0x00, 0x00,
    0x00, 0x00, 0x00, 0x00, 0x00, 0x00, 0x00, 0x00, 0x00, 0x00, 0x00, 0x00, 0x00, 0x00, 0x00, 0x00,
    0x00, 0x00, 0x00, 0x00, 0x00, 0x00, 0x00, 0x00, 0x00, 0x00, 0x00, 0x00, 0x00, 0x00, 0x00, 0x00,
    0x00, 0x00, 0x00, 0x00, 0x00, 0x00, 0x00, 0x00, 0x00, 0x00, 0x00, 0x00, 0x00, 0x00, 0x00, 0x00,
    0x00, 0x00, 0x00, 0x00, 0x00, 0x00, 0x00, 0x00, 0x00, 0x00, 0x00, 0x00, 0x00, 0x00, 0x00, 0x00,
    0x00, 0x00, 0x00, 0x00, 0x00, 0x00, 0x00, 0x00, 0x00, 0x00, 0x00, 0x00, 0x00, 0x00, 0x00, 0x00,
    0x00, 0x00, 0x00, 0x00, 0x00, 0x00, 0x00, 0x00, 0x00, 0x00, 0x00, 0x00, 0x00, 0x00, 0x00, 0x00,
    0x00, 0x00, 0x00, 0x00, 0x00, 0x00, 0x00, 0x00, 0x00, 0x00, 0x00, 0x00, 0x00, 0x00, 0x00, 0x00,
    0x00, 0x00, 0x00, 0x00, 0x00, 0x00, 0x00, 0x00, 0x00, 0x00, 0x00, 0x00, 0x00, 0x00, 0x00, 0x00,
    0x00, 0x00, 0x00, 0x00, 0x00, 0x00, 0x00, 0x00, 0x00, 0x00, 0x00, 0x00, 0x00, 0x00, 0x00, 0x00,
    0x00, 0x00, 0x00, 0x00, 0x00, 0x00, 0x00, 0x00, 0x00, 0x00, 0x00, 0x00, 0x00, 0x00, 0x00, 0x00,
    0x00, 0x00, 0x00, 0x00, 0x00, 0x00, 0x00, 0x00, 0x00, 0x00, 0x00, 0x00, 0x00, 0x00, 0x00, 0x00,
    0x00, 0x00, 0x00, 0x00, 0x00, 0x00, 0x00, 0x00, 0x00, 0x00, 0x00, 0x00, 0x00, 0x00, 0x00, 0x00,
    0x00, 0x00, 0x00, 0x00, 0x00, 0x00, 0x00, 0x00, 0x00, 0x00, 0x00, 0x00, 0x00, 0x00, 0x00, 0x00,
    0x00, 0x00, 0x00, 0x00, 0x00, 0x00, 0x00, 0x00, 0x00, 0x00, 0x00, 0x00, 0x00, 0x00, 0x00, 0x00,
    0x00, 0x00, 0x00, 0x00, 0x00, 0x00, 0x00, 0x00, 0x00, 0x00, 0x00, 0x00, 0x00, 0x00, 0x00, 0x00,
    0x00, 0x00, 0x00, 0x00, 0x00, 0x00, 0x00, 0x00, 0x00, 0x00, 0x00, 0x00, 0x00, 0x00, 0x00, 0x00,
    0x00, 0x00, 0x00, 0x00, 0x00, 0x00, 0x00, 0x00, 0x00, 0x00, 0x00, 0x00, 0x00, 0x00, 0x00, 0x00,
    0x00, 0x00, 0x00, 0x00, 0x00, 0x00, 0x00, 0x00, 0x00, 0x00, 0x00, 0x00, 0x00, 0x00, 0x00, 0x00,
    0x00, 0x00, 0x00, 0x00, 0x00, 0x00, 0x00, 0x00, 0x00, 0x00, 0x00, 0x00, 0x00, 0x00, 0x00, 0x00,
    0x00, 0x00, 0x00, 0x00, 0x00, 0x00, 0x00, 0x00, 0x00, 0x00, 0x00, 0x00, 0x00, 0x00, 0x00, 0x00,
    0x00, 0x00, 0x00, 0x00, 0x00, 0x00, 0x00, 0x00, 0x00, 0x00, 0x00, 0x00, 0x00, 0x00, 0x00, 0x00,
    0x00, 0x00, 0x00, 0x00, 0x00, 0x00, 0x00, 0x00, 0x00, 0x00, 0x00, 0x00, 0x00, 0x00, 0x00, 0x00,
    0x00, 0x00, 0x00, 0x00, 0x00, 0x00, 0x00, 0x00, 0x00, 0x00, 0x00, 0x00, 0x00, 0x00, 0x00, 0x00,
    0x00, 0x00, 0x00, 0x00, 0x00, 0x00, 0x00, 0x00, 0x00, 0x00, 0x00, 0x00, 0x00, 0x00, 0x00, 0x00,
    0x00, 0x00, 0x00, 0x00, 0x00, 0x00, 0x00, 0x00, 0x00, 0x00, 0x00, 0x00, 0x00, 0x00, 0x00, 0x00,
    0x00, 0x00, 0x00, 0x00, 0x00, 0x00, 0x00, 0x00, 0x00, 0x00, 0x00, 0x00, 0x00, 0x00, 0x00, 0x00,
    0x00, 0x00, 0x00, 0x00, 0x00, 0x00, 0x00, 0x00, 0x00, 0x00, 0x00, 0x00, 0x00, 0x00, 0x00, 0x00,
    0x00, 0x00, 0x00, 0x00, 0x00, 0x00, 0x00, 0x00, 0x00, 0x00, 0x00, 0x00, 0x00, 0x00, 0x00, 0x00,
    0x00, 0x00, 0x00, 0x00, 0x00, 0x00, 0x00, 0x00, 0x00, 0x00, 0x00, 0x00, 0x00, 0x00, 0x00, 0x00,
    0x00, 0x00, 0x00, 0x00, 0x00, 0x00, 0x00, 0x00, 0x00, 0x00, 0x00, 0x00, 0x00, 0x00, 0x00, 0x00,
    0x00, 0x00, 0x00, 0x00, 0x00, 0x00, 0x00, 0x00, 0x00, 0x00, 0x00, 0x00, 0x00, 0x00, 0x00, 0x00,
    0x00, 0x00, 0x00, 0x00, 0x00, 0x00, 0x00, 0x00, 0x00, 0x00, 0x00, 0x00, 0x00, 0x00, 0x00, 0x00,
    0x00, 0x00, 0x00, 0x00, 0x00, 0x00, 0x00, 0x00, 0x00, 0x00, 0x00, 0x00, 0x00, 0x00, 0x00, 0x00,
    0x00, 0x00, 0x00, 0x00, 0x00, 0x00, 0x00, 0x00, 0x00, 0x00, 0x00, 0x00, 0x00, 0x00, 0x00, 0x00,
    0x00, 0x00, 0x00, 0x00, 0x00, 0x00, 0x00, 0x00, 0x00, 0x00, 0x00, 0x00, 0x00, 0x00, 0x00, 0x00,
    0x00, 0x00, 0x00, 0x00, 0x00, 0x00, 0x00, 0x00, 0x00, 0x00, 0x00, 0x00, 0x00, 0x00, 0x00, 0x00,
    0x00, 0x00, 0x00, 0x00, 0x00, 0x00, 0x00, 0x00, 0x00, 0x00, 0x00, 0x00, 0x00, 0x00, 0x00, 0x00,
    0x00, 0x00, 0x00, 0x00, 0x00, 0x00, 0x00, 0x00, 0x00, 0x00, 0x00, 0x00, 0x00, 0x00, 0x00, 0x00,
    0x00, 0x00, 0x00, 0x00, 0x00, 0x00, 0x00, 0x00, 0x00, 0x00, 0x00, 0x00, 0x00, 0x00, 0x00, 0x00,
    0x00, 0x00, 0x00, 0x00, 0x00, 0x00, 0x00, 0x00, 0x00, 0x00, 0x00, 0x00, 0x00, 0x00, 0x00, 0x00,
    0x00, 0x00, 0x00, 0x00, 0x00, 0x00, 0x00, 0x00, 0x00, 0x00, 0x00, 0x00, 0x00, 0x00, 0x00, 0x00,
    0x00, 0x00, 0x00, 0x00, 0x00, 0x00, 0x00, 0x00, 0x00, 0x00, 0x00, 0x00, 0x00, 0x00, 0x00, 0x00,
    0x00, 0x00, 0x00, 0x00, 0x00, 0x00, 0x00, 0x00, 0x00, 0x00, 0x00, 0x00, 0x07, 0x1F, 0x07, 0x1F,
    0x07, 0x3F, 0x07, 0x3F, 0x07, 0x3F, 0x07, 0x3F, 0x07, 0x3F, 0x07, 0x3F, 0x07, 0x3F, 0x07, 0x3F,
    0x07, 0x1F, 0x00, 0x00, 0x00, 0x00, 0x00, 0x00, 0x00, 0x00, 0x00, 0x00, 0x00, 0x00, 0x00, 0x00,
    0x00, 0x00, 0x00, 0x00, 0x00, 0x00, 0x00, 0x00, 0x00, 0x00, 0x00, 0x00, 0x00, 0x00, 0x00, 0x00,
    0x00, 0x00, 0x00, 0x00, 0x00, 0x00, 0x00, 0x00, 0x00, 0x00, 0x00, 0x00, 0x00, 0x00, 0x00, 0x00,
    0x00, 0x00, 0x00, 0x00, 0x00, 0x00, 0x00, 0x00, 0x00, 0x00, 0x00, 0x00, 0x00, 0x00, 0x00, 0x00,
    0x00, 0x00, 0x00, 0x00, 0x00, 0x00, 0x00, 0x00, 0x00, 0x00, 0x00, 0x00, 0x00, 0x00, 0x00, 0x00,
    0x00, 0x00, 0x00, 0x00, 0x00, 0x00, 0x00, 0x00, 0x00, 0x00, 0x00, 0x00, 0x00, 0x00, 0x00, 0x00,
    0x00, 0x00, 0x00, 0x00, 0x00, 0x00, 0x00, 0x00, 0x00, 0x00, 0x00, 0x00, 0x00, 0x00, 0x00, 0x00,
    0x00, 0x00, 0x00, 0x00, 0x00, 0x00, 0x00, 0x00, 0x00, 0x00, 0x00, 0x00, 0x00, 0x00, 0x00, 0x00,
    0x00, 0x00, 0x00, 0x00, 0x00, 0x00, 0x00, 0x00, 0x00, 0x00, 0x00, 0x00, 0x00, 0x00, 0x00, 0x00,
    0x00, 0x00, 0x00, 0x00, 0x00, 0x00, 0x00, 0x00, 0x00, 0x00, 0x00, 0x00, 0x00, 0x00, 0x00, 0x00,
    0x00, 0x00, 0x00, 0x00, 0x00, 0x00, 0x00, 0x00, 0x00, 0x00, 0x00, 0x00, 0x00, 0x00, 0x00, 0x00,
    0x00, 0x00, 0x00, 0x00, 0x00, 0x00, 0x00, 0x00, 0x00, 0x00, 0x00, 0x00, 0x00, 0x00, 0x00, 0x00,
    0x00, 0x00, 0x00, 0x00, 0x00, 0x00, 0x00, 0x00, 0x00, 0x00, 0x00, 0x00, 0x00, 0x00, 0x00, 0x00,
    0x07, 0x1F, 0x07, 0x3F, 0x07, 0x3F, 0x07, 0x3F, 0x07, 0x3F, 0x07, 0x3F, 0x07, 0x3F, 0x07, 0x3F,
    0x07, 0x3F, 0x07, 0x3F, 0x07, 0x3F, 0x07, 0x3F, 0x07, 0x3F, 0x07, 0x3F, 0x07, 0x3F, 0x07, 0x3F,
    0x07, 0x3F, 0x07, 0x3F, 0x07, 0x3F, 0x07, 0x3F, 0x07, 0x3F, 0x07, 0x3F, 0x07, 0x3F, 0x00, 0x00,
    0x00, 0x00, 0x00, 0x00, 0x00, 0x00, 0x00, 0x00, 0x00, 0x00, 0x00, 0x00, 0x00, 0x00, 0x00, 0x00,
    0x00, 0x00, 0x00, 0x00, 0x00, 0x00, 0x00, 0x00, 0x00, 0x00, 0x00, 0x00, 0x00, 0x00, 0x00, 0x00,
    0x00, 0x00, 0x00, 0x00, 0x00, 0x00, 0x00, 0x00, 0x00, 0x00, 0x00, 0x00, 0x00, 0x00, 0x00, 0x00,
    0x00, 0x00, 0x00, 0x00, 0x00, 0x00, 0x00, 0x00, 0x00, 0x00, 0x00, 0x00, 0x00, 0x00, 0x00, 0x00,
    0x00, 0x00, 0x00, 0x00, 0x00, 0x00, 0x00, 0x00, 0x00, 0x00, 0x00, 0x00, 0x00, 0x00, 0x00, 0x00,
    0x00, 0x00, 0x00, 0x00, 0x00, 0x00, 0x00, 0x00, 0x00, 0x00, 0x00, 0x00, 0x00, 0x00, 0x00, 0x00,
    0x00, 0x00, 0x00, 0x00, 0x00, 0x00, 0x00, 0x00, 0x00, 0x00, 0x00, 0x00, 0x00, 0x00, 0x00, 0x00,
    0x00, 0x00, 0x00, 0x00, 0x00, 0x00, 0x00, 0x00, 0x00, 0x00, 0x00, 0x00, 0x00, 0x00, 0x00, 0x00,
    0x00, 0x00, 0x00, 0x00, 0x00, 0x00, 0x00, 0x00, 0x00, 0x00, 0x00, 0x00, 0x00, 0x00, 0x00, 0x00,
    0x00, 0x00, 0x00, 0x00, 0x00, 0x00, 0x00, 0x00, 0x00, 0x00, 0x00, 0x00, 0x00, 0x00, 0x00, 0x00,
    0x00, 0x00, 0x00, 0x00, 0x00, 0x00, 0x00, 0x00, 0x00, 0x00, 0x00, 0x00, 0x00, 0x00, 0x00, 0x00,
    0x00, 0x00, 0x00, 0x00, 0x00, 0x00, 0x00, 0x00, 0x00, 0x00, 0x07, 0x1F, 0x07, 0x3F, 0x07, 0x3F,
    0x07, 0x3F, 0x07, 0x3F, 0x07, 0x3F, 0x07, 0x3F, 0x07, 0x3F, 0x07, 0x3F, 0x07, 0x3F, 0x07, 0x3F,
    0x07, 0x3F, 0x07, 0x3F, 0x07, 0x3F, 0x07, 0x3F, 0x07, 0x3F, 0x07, 0x3F, 0x07, 0x3F, 0x07, 0x3F,
    0x07, 0x3F, 0x07, 0x3F, 0x07, 0x3F, 0x07, 0x3F, 0x07, 0x3F, 0x07, 0x3F, 0x07, 0x3F, 0x07, 0x3F,
    0x07, 0x3F, 0x07, 0x3F, 0x07, 0x3F, 0x00, 0x00, 0x00, 0x00, 0x00, 0x00, 0x00, 0x00, 0x00, 0x00,
    0x00, 0x00, 0x00, 0x00, 0x00, 0x00, 0x00, 0x00, 0x00, 0x00, 0x00, 0x00, 0x00, 0x00, 0x00, 0x00,
    0x00, 0x00, 0x00, 0x00, 0x00, 0x00, 0x00, 0x00, 0x00, 0x00, 0x00, 0x00, 0x00, 0x00, 0x00, 0x00,
    0x00, 0x00, 0x00, 0x00, 0x00, 0x00, 0x00, 0x00, 0x00, 0x00, 0x00, 0x00, 0x00, 0x00, 0x00, 0x00,
    0x00, 0x00, 0x00, 0x00, 0x00, 0x00, 0x00, 0x00, 0x00, 0x00, 0x00, 0x00, 0x00, 0x00, 0x00, 0x00,
    0x00, 0x00, 0x00, 0x00, 0x00, 0x00, 0x00, 0x00, 0x00, 0x00, 0x00, 0x00, 0x00, 0x00, 0x00, 0x00,
    0x00, 0x00, 0x00, 0x00, 0x00, 0x00, 0x00, 0x00, 0x00, 0x00, 0x00, 0x00, 0x00, 0x00, 0x00, 0x00,
    0x00, 0x00, 0x00, 0x00, 0x00, 0x00, 0x00, 0x00, 0x00, 0x00, 0x00, 0x00, 0x00, 0x00, 0x00, 0x00,
    0x00, 0x00, 0x00, 0x00, 0x00, 0x00, 0x00, 0x00, 0x00, 0x00, 0x00, 0x00, 0x00, 0x00, 0x00, 0x00,
    0x00, 0x00, 0x00, 0x00, 0x00, 0x00, 0x00, 0x00, 0x00, 0x00, 0x00, 0x00, 0x00, 0x00, 0x00, 0x00,
    0x00, 0x00, 0x00, 0x00, 0x00, 0x00, 0x00, 0x00, 0x00, 0x00, 0x00, 0x00, 0x00, 0x00, 0x00, 0x00,
    0x00, 0x00, 0x00, 0x00, 0x07, 0x1F, 0x07, 0x3F, 0x07, 0x3F, 0x07, 0x3F, 0x07, 0x3F, 0x07, 0x3F,
    0x07, 0x3F, 0x07, 0x3F, 0x07, 0x3F, 0x07, 0x3F, 0x07, 0x3F, 0x07, 0x3F, 0x07, 0x3F, 0x07, 0x3F,
    0x07, 0x3F, 0x07, 0x3F, 0x07, 0x3F, 0x07, 0x3F, 0x07, 0x3F, 0x07, 0x3F, 0x07, 0x3F, 0x07, 0x3F,
    0x07, 0x3F, 0x07, 0x3F, 0x07, 0x3F, 0x07, 0x3F, 0x07, 0x3F, 0x07, 0x3F, 0x07, 0x3F, 0x07, 0x3F,
    0x07, 0x3F, 0x07, 0x3F, 0x07, 0x3F, 0x07, 0x3F, 0x07, 0x3F, 0x07, 0x1F, 0x00, 0x00, 0x00, 0x00,
    0x00, 0x00, 0x00, 0x00, 0x00, 0x00, 0x00, 0x00, 0x00, 0x00, 0x00, 0x00, 0x00, 0x00, 0x00, 0x00,
    0x00, 0x00, 0x00, 0x00, 0x00, 0x00, 0x00, 0x00, 0x00, 0x00, 0x00, 0x00, 0x00, 0x00, 0x00, 0x00,
    0x00, 0x00, 0x00, 0x00, 0x00, 0x00, 0x00, 0x00, 0x00, 0x00, 0x00, 0x00, 0x00, 0x00, 0x00, 0x00,
    0x00, 0x00, 0x00, 0x00, 0x00, 0x00, 0x00, 0x00, 0x00, 0x00, 0x00, 0x00, 0x00, 0x00, 0x00, 0x00,
    0x00, 0x00, 0x00, 0x00, 0x00, 0x00, 0x00, 0x00, 0x00, 0x00, 0x00, 0x00, 0x00, 0x00, 0x00, 0x00,
    0x00, 0x00, 0x00, 0x00, 0x00, 0x00, 0x00, 0x00, 0x00, 0x00, 0x00, 0x00, 0x00, 0x00, 0x00, 0x00,
    0x00, 0x00, 0x00, 0x00, 0x00, 0x00, 0x00, 0x00, 0x00, 0x00, 0x00, 0x00, 0x00, 0x00, 0x00, 0x00,
    0x00, 0x00, 0x00, 0x00, 0x00, 0x00, 0x00, 0x00, 0x00, 0x00, 0x00, 0x00, 0x00, 0x00, 0x00, 0x00,
    0x00, 0x00, 0x00, 0x00, 0x00, 0x00, 0x00, 0x00, 0x00, 0x00, 0x00, 0x00, 0x00, 0x00, 0x00, 0x00,
    0x00, 0x00, 0x00, 0x00, 0x00, 0x00, 0x00, 0x00, 0x00, 0x00, 0x00, 0x00, 0x00, 0x00, 0x00, 0x00,
    0x07, 0x3F, 0x07, 0x3F, 0x07, 0x3F, 0x07, 0x3F, 0x07, 0x3F, 0x07, 0x3F, 0x07, 0x3F, 0x07, 0x3F,
    0x07, 0x3F, 0x07, 0x3F, 0x07, 0x3F, 0x07, 0x3F, 0x07, 0x3F, 0x07, 0x3F, 0x07, 0x3F, 0x07, 0x3F,
    0x07, 0x3F, 0x07, 0x1F, 0x07, 0x1F, 0x07, 0x1F, 0x07, 0x1F, 0x07, 0x1F, 0x07, 0x3F, 0x07, 0x3F,
    0x07, 0x3F, 0x07, 0x3F, 0x07, 0x3F, 0x07, 0x3F, 0x07, 0x3F, 0x07, 0x3F, 0x07, 0x3F, 0x07, 0x3F,
    0x07, 0x3F, 0x07, 0x3F, 0x07, 0x3F, 0x07, 0x3F, 0x07, 0x3F, 0x07, 0x3F, 0x07, 0x3F, 0x07, 0x3F,
    0x00, 0x00, 0x00, 0x00, 0x00, 0x00, 0x00, 0x00, 0x00, 0x00, 0x00, 0x00, 0x00, 0x00, 0x00, 0x00,
    0x00, 0x00, 0x00, 0x00, 0x00, 0x00, 0x00, 0x00, 0x00, 0x00, 0x00, 0x00, 0x00, 0x00, 0x00, 0x00,
    0x00, 0x00, 0x00, 0x00, 0x00, 0x00, 0x00, 0x00, 0x00, 0x00, 0x00, 0x00, 0x00, 0x00, 0x00, 0x00,
    0x00, 0x00, 0x00, 0x00, 0x00, 0x00, 0x00, 0x00, 0x00, 0x00, 0x00, 0x00, 0x00, 0x00, 0x00, 0x00,
    0x00, 0x00, 0x00, 0x00, 0x00, 0x00, 0x00, 0x00, 0x00, 0x00, 0x00, 0x00, 0x00, 0x00, 0x00, 0x00,
    0x00, 0x00, 0x00, 0x00, 0x00, 0x00, 0x00, 0x00, 0x00, 0x00, 0x00, 0x00, 0x00, 0x00, 0x00, 0x00,
    0x00, 0x00, 0x00, 0x00, 0x00, 0x00, 0x00, 0x00, 0x00, 0x00, 0x00, 0x00, 0x00, 0x00, 0x00, 0x00,
    0x00, 0x00, 0x00, 0x00, 0x00, 0x00, 0x00, 0x00, 0x00, 0x00, 0x00, 0x00, 0x00, 0x00, 0x00, 0x00,
    0x00, 0x00, 0x00, 0x00, 0x00, 0x00, 0x00, 0x00, 0x00, 0x00, 0x00, 0x00, 0x00, 0x00, 0x00, 0x00,
    0x00, 0x00, 0x00, 0x00, 0x00, 0x00, 0x00, 0x00, 0x00, 0x00, 0x00, 0x00, 0x07, 0x3F, 0x07, 0x5F,
    0x07, 0x3F, 0x07, 0x3F, 0x07, 0x3F, 0x07, 0x3F, 0x07, 0x3F, 0x07, 0x3F, 0x07, 0x3F, 0x07, 0x3F,
    0x07, 0x3F, 0x07, 0x3F, 0x07, 0x1F, 0x00, 0x00, 0x00, 0x00, 0x00, 0x00, 0x00, 0x00, 0x00, 0x00,
    0x00, 0x00, 0x00, 0x00, 0x00, 0x00, 0x00, 0x00, 0x00, 0x00, 0x00, 0x00, 0x00, 0x00, 0x00, 0x00,
    0x00, 0x00, 0x00, 0x00, 0x00, 0x00, 0x00, 0x00, 0x00, 0x00, 0x07, 0x5F, 0x07, 0x3F, 0x07, 0x3F,
    0x07, 0x5F, 0x07, 0x3F, 0x07, 0x3F, 0x07, 0x3F, 0x07, 0x3F, 0x07, 0x3F, 0x07, 0x3F, 0x07, 0x3F,
    0x07, 0x3F, 0x07, 0x3F, 0x00, 0x00, 0x00, 0x00, 0x00, 0x00, 0x00, 0x00, 0x00, 0x00, 0x00, 0x00,
    0x00, 0x00, 0x00, 0x00, 0x00, 0x00, 0x00, 0x00, 0x00, 0x00, 0x00, 0x00, 0x00, 0x00, 0x00, 0x00,
    0x00, 0x00, 0x00, 0x00, 0x00, 0x00, 0x00, 0x00, 0x00, 0x00, 0x00, 0x00, 0x00, 0x00, 0x00, 0x00,
    0x00, 0x00, 0x00, 0x00, 0x00, 0x00, 0x00, 0x00, 0x00, 0x00, 0x00, 0x00, 0x00, 0x00, 0x00, 0x00,
    0x00, 0x00, 0x00, 0x00, 0x00, 0x00, 0x00, 0x00, 0x00, 0x00, 0x00, 0x00, 0x00, 0x00, 0x00, 0x00,
    0x00, 0x00, 0x00, 0x00, 0x00, 0x00, 0x00, 0x00, 0x00, 0x00, 0x00, 0x00, 0x00, 0x00, 0x00, 0x00,
    0x00, 0x00, 0x00, 0x00, 0x00, 0x00, 0x00, 0x00, 0x00, 0x00, 0x00, 0x00, 0x00, 0x00, 0x00, 0x00,
    0x00, 0x00, 0x00, 0x00, 0x00, 0x00, 0x00, 0x00, 0x00, 0x00, 0x00, 0x00, 0x00, 0x00, 0x00, 0x00,
    0x00, 0x00, 0x00, 0x00, 0x00, 0x00, 0x00, 0x00, 0x00, 0x00, 0x00, 0x00, 0x00, 0x00, 0x00, 0x00,
    0x00, 0x00, 0x00, 0x00, 0x00, 0x00, 0x00, 0x00, 0x07, 0x3F, 0x07, 0x5F, 0x07, 0x3F, 0x07, 0x3F,
    0x07, 0x3F, 0x07, 0x3F, 0x07, 0x3F, 0x07, 0x3F, 0x07, 0x3F, 0x07, 0x3F, 0x07, 0x1F, 0x00, 0x00,
    0x00, 0x00, 0x00, 0x00, 0x00, 0x00, 0x00, 0x00, 0x00, 0x00, 0x00, 0x00, 0x00, 0x00, 0x00, 0x00,
    0x00, 0x00, 0x00, 0x00, 0x00, 0x00, 0x00, 0x00, 0x00, 0x00, 0x00, 0x00, 0x00, 0x00, 0x00, 0x00,
    0x00, 0x00, 0x00, 0x00, 0x00, 0x00, 0x00, 0x00, 0x00, 0x00, 0x00, 0x00, 0x00, 0x00, 0x00, 0x00,
    0x00, 0x00, 0x07, 0x5F, 0x07, 0x3F, 0x07, 0x3F, 0x07, 0x3F, 0x07, 0x3F, 0x07, 0x3F, 0x07, 0x3F,
    0x07, 0x3F, 0x07, 0x3F, 0x07, 0x3F, 0x07, 0x3F, 0x00, 0x00, 0x00, 0x00, 0x00, 0x00, 0x00, 0x00,
    0x00, 0x00, 0x00, 0x00, 0x00, 0x00, 0x00, 0x00, 0x00, 0x00, 0x00, 0x00, 0x00, 0x00, 0x00, 0x00,
    0x00, 0x00, 0x00, 0x00, 0x00, 0x00, 0x00, 0x00, 0x00, 0x00, 0x00, 0x00, 0x00, 0x00, 0x00, 0x00,
    0x00, 0x00, 0x00, 0x00, 0x00, 0x00, 0x00, 0x00, 0x00, 0x00, 0x00, 0x00, 0x00, 0x00, 0x00, 0x00,
    0x00, 0x00, 0x00, 0x00, 0x00, 0x00, 0x00, 0x00, 0x00, 0x00, 0x00, 0x00, 0x00, 0x00, 0x00, 0x00,
    0x00, 0x00, 0x00, 0x00, 0x00, 0x00, 0x00, 0x00, 0x00, 0x00, 0x00, 0x00, 0x00, 0x00, 0x00, 0x00,
    0x00, 0x00, 0x00, 0x00, 0x00, 0x00, 0x00, 0x00, 0x00, 0x00, 0x00, 0x00, 0x00, 0x00, 0x00, 0x00,
    0x00, 0x00, 0x00, 0x00, 0x00, 0x00, 0x00, 0x00, 0x00, 0x00, 0x00, 0x00, 0x00, 0x00, 0x00, 0x00,
    0x00, 0x00, 0x00, 0x00, 0x00, 0x00, 0x00, 0x00, 0x00, 0x00, 0x00, 0x00, 0x00, 0x00, 0x00, 0x00,
    0x00, 0x00, 0x00, 0x00, 0x07, 0x3F, 0x07, 0x3F, 0x07, 0x3F, 0x07, 0x3F, 0x07, 0x3F, 0x07, 0x3F,
    0x07, 0x3F, 0x07, 0x3F, 0x07, 0x3F, 0x07, 0x3F, 0x00, 0x00, 0x00, 0x00, 0x00, 0x00, 0x00, 0x00,
    0x00, 0x00, 0x00, 0x00, 0x00, 0x00, 0x00, 0x00, 0x00, 0x00, 0x00, 0x00, 0x00, 0x00, 0x00, 0x00,
    0x00, 0x00, 0x00, 0x00, 0x00, 0x00, 0x00, 0x00, 0x00, 0x00, 0x00, 0x00, 0x00, 0x00, 0x00, 0x00,
    0x00, 0x00, 0x00, 0x00, 0x00, 0x00, 0x00, 0x00, 0x00, 0x00, 0x00, 0x00, 0x00, 0x00, 0x00, 0x00,
    0x00, 0x00, 0x00, 0x00, 0x00, 0x00, 0x00, 0x00, 0x07, 0x3F, 0x07, 0x3F, 0x07, 0x3F, 0x07, 0x3F,
    0x07, 0x3F, 0x07, 0x3F, 0x07, 0x3F, 0x07, 0x3F, 0x07, 0x3F, 0x07, 0x1F, 0x00, 0x00, 0x00, 0x00,
    0x00, 0x00, 0x00, 0x00, 0x00, 0x00, 0x00, 0x00, 0x00, 0x00, 0x00, 0x00, 0x00, 0x00, 0x00, 0x00,
    0x00, 0x00, 0x00, 0x00, 0x00, 0x00, 0x00, 0x00, 0x00, 0x00, 0x00, 0x00, 0x00, 0x00, 0x00, 0x00,
    0x00, 0x00, 0x00, 0x00, 0x00, 0x00, 0x00, 0x00, 0x00, 0x00, 0x00, 0x00, 0x00, 0x00, 0x00, 0x00,
    0x00, 0x00, 0x00, 0x00, 0x00, 0x00, 0x00, 0x00, 0x00, 0x00, 0x00, 0x00, 0x00, 0x00, 0x00, 0x00,
    0x00, 0x00, 0x00, 0x00, 0x00, 0x00, 0x00, 0x00, 0x00, 0x00, 0x00, 0x00, 0x00, 0x00, 0x00, 0x00,
    0x00, 0x00, 0x00, 0x00, 0x00, 0x00, 0x00, 0x00, 0x00, 0x00, 0x00, 0x00, 0x00, 0x00, 0x00, 0x00,
    0x00, 0x00, 0x00, 0x00, 0x00, 0x00, 0x00, 0x00, 0x00, 0x00, 0x00, 0x00, 0x00, 0x00, 0x00, 0x00,
    0x00, 0x00, 0x00, 0x00, 0x00, 0x00, 0x00, 0x00, 0x00, 0x00, 0x00, 0x00, 0x00, 0x00, 0x00, 0x00,
    0x07, 0x1F, 0x07, 0x5F, 0x07, 0x3F, 0x07, 0x3F, 0x07, 0x3F, 0x07, 0x3F, 0x07, 0x3F, 0x07, 0x3F,
    0x07, 0x3F, 0x07, 0x1F, 0x00, 0x00, 0x00, 0x00, 0x00, 0x00, 0x00, 0x00, 0x00, 0x00, 0x00, 0x00,
    0x00, 0x00, 0x00, 0x00, 0x00, 0x00, 0x00, 0x00, 0x00, 0x00, 0x00, 0x00, 0x00, 0x00, 0x00, 0x00,
    0x00, 0x00, 0x00, 0x00, 0x00, 0x00, 0x00, 0x00, 0x00, 0x00, 0x00, 0x00, 0x00, 0x00, 0x00, 0x00,
    0x00, 0x00, 0x00, 0x00, 0x00, 0x00, 0x00, 0x00, 0x00, 0x00, 0x00, 0x00, 0x00, 0x00, 0x00, 0x00,
    0x00, 0x00, 0x00, 0x00, 0x00, 0x00, 0x00, 0x00, 0x00, 0x00, 0x00, 0x00, 0x07, 0x5F, 0x07, 0x3F,
    0x07, 0x5F, 0x07, 0x3F, 0x07, 0x3F, 0x07, 0x3F, 0x07, 0x3F, 0x07, 0x3F, 0x07, 0x5F, 0x07, 0x1F,
    0x00, 0x00, 0x00, 0x00, 0x00, 0x00, 0x00, 0x00, 0x00, 0x00, 0x00, 0x00, 0x00, 0x00, 0x00, 0x00,
    0x00, 0x00, 0x00, 0x00, 0x00, 0x00, 0x00, 0x00, 0x00, 0x00, 0x00, 0x00, 0x00, 0x00, 0x00, 0x00,
    0x00, 0x00, 0x00, 0x00, 0x00, 0x00, 0x00, 0x00, 0x00, 0x00, 0x00, 0x00, 0x00, 0x00, 0x00, 0x00,
    0x00, 0x00, 0x00, 0x00, 0x00, 0x00, 0x00, 0x00, 0x00, 0x00, 0x00, 0x00, 0x00, 0x00, 0x00, 0x00,
    0x00, 0x00, 0x00, 0x00, 0x00, 0x00, 0x00, 0x00, 0x00, 0x00, 0x00, 0x00, 0x00, 0x00, 0x00, 0x00,
    0x00, 0x00, 0x00, 0x00, 0x00, 0x00, 0x00, 0x00, 0x00, 0x00, 0x00, 0x00, 0x00, 0x00, 0x00, 0x00,
    0x00, 0x00, 0x00, 0x00, 0x00, 0x00, 0x00, 0x00, 0x00, 0x00, 0x00, 0x00, 0x00, 0x00, 0x00, 0x00,
    0x00, 0x00, 0x00, 0x00, 0x00, 0x00, 0x00, 0x00, 0x00, 0x00, 0x00, 0x00, 0x00, 0x00, 0x07, 0x3F,
    0x07, 0x5F, 0x07, 0x3F, 0x07, 0x3F, 0x07, 0x3F, 0x07, 0x3F, 0x07, 0x3F, 0x07, 0x3F, 0x07, 0x1F,
    0x00, 0x00, 0x00, 0x00, 0x00, 0x00, 0x00, 0x00, 0x00, 0x00, 0x00, 0x00, 0x00, 0x00, 0x00, 0x00,
    0x00, 0x00, 0x00, 0x00, 0x00, 0x00, 0x00, 0x00, 0x00, 0x00, 0x00, 0x00, 0x00, 0x00, 0x00, 0x00,
    0x00, 0x00, 0x00, 0x00, 0x00, 0x00, 0x00, 0x00, 0x00, 0x00, 0x00, 0x00, 0x00, 0x00, 0x00, 0x00,
    0x00, 0x00, 0x00, 0x00, 0x00, 0x00, 0x00, 0x00, 0x00, 0x00, 0x00, 0x00, 0x00, 0x00, 0x00, 0x00,
    0x00, 0x00, 0x00, 0x00, 0x00, 0x00, 0x00, 0x00, 0x00, 0x00, 0x00, 0x00, 0x00, 0x00, 0x00, 0x00,
    0x07, 0x5F, 0x07, 0x3F, 0x07, 0x3F, 0x07, 0x3F, 0x07, 0x3F, 0x07, 0x3F, 0x07, 0x3F, 0x07, 0x3F,
    0x07, 0x3F, 0x00, 0x00, 0x00, 0x00, 0x00, 0x00, 0x00, 0x00, 0x00, 0x00, 0x00, 0x00, 0x00, 0x00,
    0x00, 0x00, 0x00, 0x00, 0x00, 0x00, 0x00, 0x00, 0x00, 0x00, 0x00, 0x00, 0x00, 0x00, 0x00, 0x00,
    0x00, 0x00, 0x00, 0x00, 0x00, 0x00, 0x00, 0x00, 0x00, 0x00, 0x00, 0x00, 0x00, 0x00, 0x00, 0x00,
    0x00, 0x00, 0x00, 0x00, 0x00, 0x00, 0x00, 0x00, 0x00, 0x00, 0x00, 0x00, 0x00, 0x00, 0x00, 0x00,
    0x00, 0x00, 0x00, 0x00, 0x00, 0x00, 0x00, 0x00, 0x00, 0x00, 0x00, 0x00, 0x00, 0x00, 0x00, 0x00,
    0x00, 0x00, 0x00, 0x00, 0x00, 0x00, 0x00, 0x00, 0x00, 0x00, 0x00, 0x00, 0x00, 0x00, 0x00, 0x00,
    0x00, 0x00, 0x00, 0x00, 0x00, 0x00, 0x00, 0x00, 0x00, 0x00, 0x00, 0x00, 0x00, 0x00, 0x00, 0x00,
    0x00, 0x00, 0x00, 0x00, 0x00, 0x00, 0x00, 0x00, 0x00, 0x00, 0x00, 0x00, 0x07, 0x3F, 0x07, 0x3F,
    0x07, 0x3F, 0x07, 0x3F, 0x07, 0x3F, 0x07, 0x3F, 0x07, 0x3F, 0x07, 0x1F, 0x00, 0x00, 0x00, 0x00,
    0x00, 0x00, 0x00, 0x00, 0x00, 0x00, 0x00, 0x00, 0x00, 0x00, 0x00, 0x00, 0x00, 0x00, 0x00, 0x00,
    0x00, 0x00, 0x00, 0x00, 0x00, 0x00, 0x00, 0x00, 0x00, 0x00, 0x00, 0x00, 0x00, 0x00, 0x00, 0x00,
    0x00, 0x00, 0x00, 0x00, 0x00, 0x00, 0x00, 0x00, 0x00, 0x00, 0x00, 0x00, 0x00, 0x00, 0x00, 0x00,
    0x00, 0x00, 0x00, 0x00, 0x00, 0x00, 0x00, 0x00, 0x00, 0x00, 0x00, 0x00, 0x00, 0x00, 0x00, 0x00,
    0x00, 0x00, 0x00, 0x00, 0x00, 0x00, 0x00, 0x00, 0x00, 0x00, 0x00, 0x00, 0x00, 0x00, 0x00, 0x00,
    0x00, 0x00, 0x00, 0x00, 0x07, 0x5F, 0x07, 0x3F, 0x07, 0x3F, 0x07, 0x3F, 0x07, 0x3F, 0x07, 0x3F,
    0x07, 0x3F, 0x07, 0x3F, 0x00, 0x00, 0x00, 0x00, 0x00, 0x00, 0x00, 0x00, 0x00, 0x00, 0x00, 0x00,
    0x00, 0x00, 0x00, 0x00, 0x00, 0x00, 0x00, 0x00, 0x00, 0x00, 0x00, 0x00, 0x00, 0x00, 0x00, 0x00,
    0x00, 0x00, 0x00, 0x00, 0x00, 0x00, 0x00, 0x00, 0x00, 0x00, 0x00, 0x00, 0x00, 0x00, 0x00, 0x00,
    0x00, 0x00, 0x00, 0x00, 0x00, 0x00, 0x00, 0x00, 0x00, 0x00, 0x00, 0x00, 0x00, 0x00, 0x00, 0x00,
    0x00, 0x00, 0x00, 0x00, 0x00, 0x00, 0x00, 0x00, 0x00, 0x00, 0x00, 0x00, 0x00, 0x00, 0x00, 0x00,
    0x00, 0x00, 0x00, 0x00, 0x00, 0x00, 0x00, 0x00, 0x00, 0x00, 0x00, 0x00, 0x00, 0x00, 0x00, 0x00,
    0x00, 0x00, 0x00, 0x00, 0x00, 0x00, 0x00, 0x00, 0x00, 0x00, 0x00, 0x00, 0x00, 0x00, 0x00, 0x00,
    0x00, 0x00, 0x00, 0x00, 0x00, 0x00, 0x00, 0x00, 0x07, 0x1F, 0x07, 0x5F, 0x07, 0x3F, 0x07, 0x3F,
    0x07, 0x3F, 0x07, 0x3F, 0x07, 0x3F, 0x07, 0x3F, 0x00, 0x00, 0x00, 0x00, 0x00, 0x00, 0x00, 0x00,
    0x00, 0x00, 0x00, 0x00, 0x00, 0x00, 0x00, 0x00, 0x00, 0x00, 0x00, 0x00, 0x00, 0x00, 0x00, 0x00,
    0x00, 0x00, 0x00, 0x00, 0x00, 0x00, 0x00, 0x00, 0x00, 0x00, 0x00, 0x00, 0x00, 0x00, 0x00, 0x00,
    0x00, 0x00, 0x00, 0x00, 0x00, 0x00, 0x00, 0x00, 0x00, 0x00, 0x00, 0x00, 0x00, 0x00, 0x00, 0x00,
    0x00, 0x00, 0x00, 0x00, 0x00, 0x00, 0x00, 0x00, 0x00, 0x00, 0x00, 0x00, 0x00, 0x00, 0x00, 0x00,
    0x00, 0x00, 0x00, 0x00, 0x00, 0x00, 0x00, 0x00, 0x00, 0x00, 0x00, 0x00, 0x00, 0x00, 0x00, 0x00,
    0x00, 0x00, 0x00, 0x00, 0x00, 0x00, 0x00, 0x00, 0x07, 0x3F, 0x07, 0x5F, 0x07, 0x3F, 0x07, 0x3F,
    0x07, 0x3F, 0x07, 0x3F, 0x07, 0x3F, 0x07, 0x1F, 0x00, 0x00, 0x00, 0x00, 0x00, 0x00, 0x00, 0x00,
    0x00, 0x00, 0x00, 0x00, 0x00, 0x00, 0x00, 0x00, 0x00, 0x00, 0x00, 0x00, 0x00, 0x00, 0x00, 0x00,
    0x00, 0x00, 0x00, 0x00, 0x00, 0x00, 0x00, 0x00, 0x00, 0x00, 0x00, 0x00, 0x00, 0x00, 0x00, 0x00,
    0x00, 0x00, 0x00, 0x00, 0x00, 0x00, 0x00, 0x00, 0x00, 0x00, 0x00, 0x00, 0x00, 0x00, 0x00, 0x00,
    0x00, 0x00, 0x00, 0x00, 0x00, 0x00, 0x00, 0x00, 0x00, 0x00, 0x00, 0x00, 0x00, 0x00, 0x00, 0x00,
    0x00, 0x00, 0x00, 0x00, 0x00, 0x00, 0x00, 0x00, 0x00, 0x00, 0x00, 0x00, 0x00, 0x00, 0x00, 0x00,
    0x00, 0x00, 0x00, 0x00, 0x00, 0x00, 0x00, 0x00, 0x00, 0x00, 0x00, 0x00, 0x00, 0x00, 0x00, 0x00,
    0x00, 0x00, 0x00, 0x00, 0x00, 0x00, 0x07, 0x5F, 0x07, 0x5F, 0x07, 0x3F, 0x07, 0x3F, 0x07, 0x3F,
    0x07, 0x3F, 0x07, 0x3F, 0x07, 0x1F, 0x00, 0x00, 0x00, 0x00, 0x00, 0x00, 0x00, 0x00, 0x00, 0x00,
    0x00, 0x00, 0x00, 0x00, 0x00, 0x00, 0x00, 0x00, 0x00, 0x00, 0x00, 0x00, 0x00, 0x00, 0x00, 0x00,
    0x00, 0x00, 0x00, 0x00, 0x00, 0x00, 0x00, 0x00, 0x00, 0x00, 0x00, 0x00, 0x00, 0x00, 0x00, 0x00,
    0x00, 0x00, 0x00, 0x00, 0x00, 0x00, 0x00, 0x00, 0x00, 0x00, 0x00, 0x00, 0x00, 0x00, 0x00, 0x00,
    0x00, 0x00, 0x00, 0x00, 0x00, 0x00, 0x00, 0x00, 0x00, 0x00, 0x00, 0x00, 0x00, 0x00, 0x00, 0x00,
    0x00, 0x00, 0x00, 0x00, 0x00, 0x00, 0x00, 0x00, 0x00, 0x00, 0x00, 0x00, 0x00, 0x00, 0x00, 0x00,
    0x00, 0x00, 0x00, 0x00, 0x00, 0x00, 0x00, 0x00, 0x00, 0x00, 0x07, 0x1F, 0x07, 0x3F, 0x07, 0x3F,
    0x07, 0x3F, 0x07, 0x3F, 0x07, 0x3F, 0x07, 0x3F, 0x07, 0x1F, 0x00, 0x00, 0x00, 0x00, 0x00, 0x00,
    0x00, 0x00, 0x00, 0x00, 0x00, 0x00, 0x00, 0x00, 0x00, 0x00, 0x00, 0x00, 0x00, 0x00, 0x00, 0x00,
    0x00, 0x00, 0x00, 0x00, 0x00, 0x00, 0x00, 0x00, 0x00, 0x00, 0x00, 0x00, 0x00, 0x00, 0x00, 0x00,
    0x00, 0x00, 0x00, 0x00, 0x00, 0x00, 0x00, 0x00, 0x00, 0x00, 0x00, 0x00, 0x00, 0x00, 0x00, 0x00,
    0x00, 0x00, 0x00, 0x00, 0x00, 0x00, 0x00, 0x00, 0x00, 0x00, 0x00, 0x00, 0x00, 0x00, 0x00, 0x00,
    0x00, 0x00, 0x00, 0x00, 0x00, 0x00, 0x00, 0x00, 0x00, 0x00, 0x00, 0x00, 0x00, 0x00, 0x00, 0x00,
    0x00, 0x00, 0x00, 0x00, 0x00, 0x00, 0x00, 0x00, 0x00, 0x00, 0x00, 0x00, 0x00, 0x00, 0x00, 0x00,
    0x00, 0x00, 0x00, 0x00, 0x07, 0x5F, 0x07, 0x5F, 0x07, 0x3F, 0x07, 0x3F, 0x07, 0x3F, 0x07, 0x3F,
    0x07, 0x3F, 0x00, 0x00, 0x00, 0x00, 0x00, 0x00, 0x00, 0x00, 0x00, 0x00, 0x00, 0x00, 0x00, 0x00,
    0x00, 0x00, 0x00, 0x00, 0x00, 0x00, 0x00, 0x00, 0x00, 0x00, 0x00, 0x00, 0x00, 0x00, 0x00, 0x00,
    0x00, 0x00, 0x00, 0x00, 0x00, 0x00, 0x00, 0x00, 0x00, 0x00, 0x00, 0x00, 0x00, 0x00, 0x00, 0x00,
    0x00, 0x00, 0x00, 0x00, 0x00, 0x00, 0x00, 0x00, 0x00, 0x00, 0x00, 0x00, 0x00, 0x00, 0x00, 0x00,
    0x00, 0x00, 0x00, 0x00, 0x00, 0x00, 0x00, 0x00, 0x00, 0x00, 0x00, 0x00, 0x00, 0x00, 0x00, 0x00,
    0x00, 0x00, 0x00, 0x00, 0x00, 0x00, 0x00, 0x00, 0x00, 0x00, 0x00, 0x00, 0x00, 0x00, 0x00, 0x00,
    0x00, 0x00, 0x00, 0x00, 0x00, 0x00, 0x00, 0x00, 0x00, 0x00, 0x00, 0x00, 0x00, 0x00, 0x07, 0x3F,
    0x07, 0x3F, 0x07, 0x3F, 0x07, 0x3F, 0x07, 0x3F, 0x07, 0x3F, 0x07, 0x1F, 0x00, 0x00, 0x00, 0x00,
    0x00, 0x00, 0x00, 0x00, 0x00, 0x00, 0x00, 0x00, 0x00, 0x00, 0x00, 0x00, 0x00, 0x00, 0x00, 0x00,
    0x00, 0x00, 0x00, 0x00, 0x00, 0x00, 0x00, 0x00, 0x00, 0x00, 0x00, 0x00, 0x00, 0x00, 0x00, 0x00,
    0x00, 0x00, 0x00, 0x00, 0x00, 0x00, 0x00, 0x00, 0x00, 0x00, 0x00, 0x00, 0x00, 0x00, 0x00, 0x00,
    0x00, 0x00, 0x00, 0x00, 0x00, 0x00, 0x00, 0x00, 0x00, 0x00, 0x00, 0x00, 0x00, 0x00, 0x00, 0x00,
    0x00, 0x00, 0x00, 0x00, 0x00, 0x00, 0x00, 0x00, 0x00, 0x00, 0x00, 0x00, 0x00, 0x00, 0x00, 0x00,
    0x00, 0x00, 0x00, 0x00, 0x00, 0x00, 0x00, 0x00, 0x00, 0x00, 0x00, 0x00, 0x00, 0x00, 0x00, 0x00,
    0x00, 0x00, 0x07, 0x3F, 0x07, 0x3F, 0x07, 0x3F, 0x07, 0x3F, 0x07, 0x3F, 0x07, 0x3F, 0x07, 0x1F,
    0x00, 0x00, 0x00, 0x00, 0x00, 0x00, 0x00, 0x00, 0x00, 0x00, 0x00, 0x00, 0x00, 0x00, 0x00, 0x00,
    0x00, 0x00, 0x00, 0x00, 0x00, 0x00, 0x00, 0x00, 0x00, 0x00, 0x00, 0x00, 0x00, 0x00, 0x00, 0x00,
    0x00, 0x00, 0x00, 0x00, 0x00, 0x00, 0x00, 0x00, 0x00, 0x00, 0x00, 0x00, 0x00, 0x00, 0x00, 0x00,
    0x00, 0x00, 0x00, 0x00, 0x00, 0x00, 0x00, 0x00, 0x00, 0x00, 0x00, 0x00, 0x00, 0x00, 0x00, 0x00,
    0x00, 0x00, 0x00, 0x00, 0x00, 0x00, 0x00, 0x00, 0x00, 0x00, 0x00, 0x00, 0x00, 0x00, 0x00, 0x00,
    0x00, 0x00, 0x00, 0x00, 0x00, 0x00, 0x00, 0x00, 0x00, 0x00, 0x00, 0x00, 0x00, 0x00, 0x00, 0x00,
    0x00, 0x00, 0x00, 0x00, 0x00, 0x00, 0x00, 0x00, 0x00, 0x00, 0x00, 0x00, 0x00, 0x00, 0x00, 0x00,
    0x07, 0x5F, 0x07, 0x5F, 0x07, 0x3F, 0x07, 0x3F, 0x07, 0x3F, 0x07, 0x3F, 0x07, 0x3F, 0x00, 0x00,
    0x00, 0x00, 0x00, 0x00, 0x00, 0x00, 0x00, 0x00, 0x00, 0x00, 0x00, 0x00, 0x00, 0x00, 0x00, 0x00,
    0x00, 0x00, 0x00, 0x00, 0x00, 0x00, 0x00, 0x00, 0x00, 0x00, 0x00, 0x00, 0x00, 0x00, 0x00, 0x00,
    0x00, 0x00, 0x00, 0x00, 0x00, 0x00, 0x00, 0x00, 0x00, 0x00, 0x00, 0x00, 0x00, 0x00, 0x00, 0x00,
    0x00, 0x00, 0x00, 0x00, 0x00, 0x00, 0x00, 0x00, 0x00, 0x00, 0x00, 0x00, 0x00, 0x00, 0x00, 0x00,
    0x00, 0x00, 0x00, 0x00, 0x00, 0x00, 0x00, 0x00, 0x00, 0x00, 0x00, 0x00, 0x00, 0x00, 0x00, 0x00,
    0x00, 0x00, 0x00, 0x00, 0x00, 0x00, 0x00, 0x00, 0x00, 0x00, 0x00, 0x00, 0x00, 0x00, 0x00, 0x00,
    0x07, 0x3F, 0x07, 0x3F, 0x07, 0x3F, 0x07, 0x3F, 0x07, 0x3F, 0x07, 0x3F, 0x07, 0x1F, 0x00, 0x00,
    0x00, 0x00, 0x00, 0x00, 0x00, 0x00, 0x00, 0x00, 0x00, 0x00, 0x00, 0x00, 0x00, 0x00, 0x00, 0x00,
    0x00, 0x00, 0x00, 0x00, 0x00, 0x00, 0x00, 0x00, 0x00, 0x00, 0x00, 0x00, 0x00, 0x00, 0x00, 0x00,
    0x00, 0x00, 0x00, 0x00, 0x00, 0x00, 0x00, 0x00, 0x00, 0x00, 0x00, 0x00, 0x00, 0x00, 0x00, 0x00,
    0x00, 0x00, 0x00, 0x00, 0x00, 0x00, 0x00, 0x00, 0x00, 0x00, 0x00, 0x00, 0x00, 0x00, 0x00, 0x00,
    0x00, 0x00, 0x00, 0x00, 0x00, 0x00, 0x00, 0x00, 0x00, 0x00, 0x00, 0x00, 0x00, 0x00, 0x00, 0x00,
    0x00, 0x00, 0x00, 0x00, 0x00, 0x00, 0x00, 0x00, 0x00, 0x00, 0x00, 0x00, 0x00, 0x00, 0x00, 0x00,
    0x00, 0x00, 0x00, 0x00, 0x00, 0x00, 0x00, 0x00, 0x00, 0x00, 0x00, 0x00, 0x00, 0x00, 0x00, 0x00,
    0x00, 0x00, 0x07, 0x5F, 0x07, 0x3F, 0x07, 0x3F, 0x07, 0x3F, 0x07, 0x3F, 0x07, 0x3F, 0x07, 0x3F,
    0x00, 0x00, 0x00, 0x00, 0x00, 0x00, 0x00, 0x00, 0x00, 0x00, 0x00, 0x00, 0x00, 0x00, 0x00, 0x00,
    0x00, 0x00, 0x00, 0x00, 0x00, 0x00, 0x00, 0x00, 0x00, 0x00, 0x00, 0x00, 0x00, 0x00, 0x00, 0x00,
    0x00, 0x00, 0x00, 0x00, 0x00, 0x00, 0x00, 0x00, 0x00, 0x00, 0x00, 0x00, 0x00, 0x00, 0x00, 0x00,
    0x00, 0x00, 0x00, 0x00, 0x00, 0x00, 0x00, 0x00, 0x00, 0x00, 0x00, 0x00, 0x00, 0x00, 0x00, 0x00,
    0x00, 0x00, 0x00, 0x00, 0x00, 0x00, 0x00, 0x00, 0x00, 0x00, 0x00, 0x00, 0x00, 0x00, 0x00, 0x00,
    0x00, 0x00, 0x00, 0x00, 0x00, 0x00, 0x00, 0x00, 0x00, 0x00, 0x00, 0x00, 0x00, 0x00, 0x07, 0x5F,
    0x07, 0x5F, 0x07, 0x3F, 0x07, 0x3F, 0x07, 0x3F, 0x07, 0x3F, 0x07, 0x1F, 0x00, 0x00, 0x00, 0x00,
    0x00, 0x00, 0x00, 0x00, 0x00, 0x00, 0x00, 0x00, 0x00, 0x00, 0x00, 0x00, 0x00, 0x00, 0x00, 0x00,
    0x00, 0x00, 0x00, 0x00, 0x00, 0x00, 0x00, 0x00, 0x00, 0x00, 0x00, 0x00, 0x00, 0x00, 0x00, 0x00,
    0x00, 0x00, 0x00, 0x00, 0x00, 0x00, 0x00, 0x00, 0x00, 0x00, 0x00, 0x00, 0x00, 0x00, 0x00, 0x00,
    0x00, 0x00, 0x00, 0x00, 0x00, 0x00, 0x00, 0x00, 0x00, 0x00, 0x00, 0x00, 0x00, 0x00, 0x00, 0x00,
    0x00, 0x00, 0x00, 0x00, 0x00, 0x00, 0x00, 0x00, 0x00, 0x00, 0x00, 0x00, 0x00, 0x00, 0x00, 0x00,
    0x00, 0x00, 0x00, 0x00, 0x00, 0x00, 0x00, 0x00, 0x00, 0x00, 0x00, 0x00, 0x00, 0x00, 0x00, 0x00,
    0x00, 0x00, 0x00, 0x00, 0x00, 0x00, 0x00, 0x00, 0x00, 0x00, 0x00, 0x00, 0x00, 0x00, 0x00, 0x00,
    0x00, 0x00, 0x00, 0x00, 0x07, 0x1F, 0x07, 0x5F, 0x07, 0x3F, 0x07, 0x3F, 0x07, 0x3F, 0x07, 0x3F,
    0x07, 0x1F, 0x00, 0x00, 0x00, 0x00, 0x00, 0x00, 0x00, 0x00, 0x00, 0x00, 0x00, 0x00, 0x00, 0x00,
    0x00, 0x00, 0x00, 0x00, 0x00, 0x00, 0x00, 0x00, 0x00, 0x00, 0x00, 0x00, 0x00, 0x00, 0x00, 0x00,
    0x00, 0x00, 0x00, 0x00, 0x00, 0x00, 0x00, 0x00, 0x00, 0x00, 0x00, 0x00, 0x00, 0x00, 0x00, 0x00,
    0x00, 0x00, 0x00, 0x00, 0x00, 0x00, 0x00, 0x00, 0x00, 0x00, 0x00, 0x00, 0x00, 0x00, 0x00, 0x00,
    0x00, 0x00, 0x00, 0x00, 0x00, 0x00, 0x00, 0x00, 0x00, 0x00, 0x00, 0x00, 0x00, 0x00, 0x00, 0x00,
    0x00, 0x00, 0x00, 0x00, 0x00, 0x00, 0x00, 0x00, 0x00, 0x00, 0x00, 0x00, 0x07, 0x5F, 0x07, 0x5F,
    0x07, 0x3F, 0x07, 0x3F, 0x07, 0x3F, 0x07, 0x5F, 0x00, 0x00, 0x00, 0x00, 0x00, 0x00, 0x00, 0x00,
    0x00, 0x00, 0x00, 0x00, 0x00, 0x00, 0x00, 0x00, 0x00, 0x00, 0x00, 0x00, 0x00, 0x00, 0x00, 0x00,
    0x00, 0x00, 0x00, 0x00, 0x00, 0x00, 0x00, 0x00, 0x00, 0x00, 0x00, 0x00, 0x00, 0x00, 0x00, 0x00,
    0x00, 0x00, 0x00, 0x00, 0x00, 0x00, 0x00, 0x00, 0x00, 0x00, 0x00, 0x00, 0x00, 0x00, 0x00, 0x00,
    0x00, 0x00, 0x00, 0x00, 0x00, 0x00, 0x00, 0x00, 0x00, 0x00, 0x00, 0x00, 0x00, 0x00, 0x00, 0x00,
    0x00, 0x00, 0x00, 0x00, 0x00, 0x00, 0x00, 0x00, 0x00, 0x00, 0x00, 0x00, 0x00, 0x00, 0x00, 0x00,
    0x00, 0x00, 0x00, 0x00, 0x00, 0x00, 0x00, 0x00, 0x00, 0x00, 0x00, 0x00, 0x00, 0x00, 0x00, 0x00,
    0x00, 0x00, 0x00, 0x00, 0x00, 0x00, 0x00, 0x00, 0x00, 0x00, 0x00, 0x00, 0x00, 0x00, 0x00, 0x00,
    0x00, 0x00, 0x00, 0x00, 0x00, 0x00, 0x00, 0x00, 0x07, 0x5F, 0x07, 0x3F, 0x07, 0x3F, 0x07, 0x3F,
    0x07, 0x3F, 0x07, 0x1F, 0x00, 0x00, 0x00, 0x00, 0x00, 0x00, 0x00, 0x00, 0x00, 0x00, 0x00, 0x00,
    0x00, 0x00, 0x00, 0x00, 0x00, 0x00, 0x00, 0x00, 0x00, 0x00, 0x00, 0x00, 0x00, 0x00, 0x00, 0x00,
    0x00, 0x00, 0x00, 0x00, 0x00, 0x00, 0x00, 0x00, 0x00, 0x00, 0x00, 0x00, 0x00, 0x00, 0x00, 0x00,
    0x00, 0x00, 0x00, 0x00, 0x00, 0x00, 0x00, 0x00, 0x00, 0x00, 0x00, 0x00, 0x00, 0x00, 0x00, 0x00,
    0x00, 0x00, 0x00, 0x00, 0x00, 0x00, 0x00, 0x00, 0x00, 0x00, 0x00, 0x00, 0x00, 0x00, 0x00, 0x00,
    0x00, 0x00, 0x00, 0x00, 0x00, 0x00, 0x00, 0x00, 0x00, 0x00, 0x07, 0x1F, 0x07, 0x5F, 0x07, 0x3F,
    0x07, 0x3F, 0x07, 0x3F, 0x07, 0x3F, 0x00, 0x00, 0x00, 0x00, 0x00, 0x00, 0x00, 0x00, 0x00, 0x00,
    0x00, 0x00, 0x00, 0x00, 0x00, 0x00, 0x00, 0x00, 0x00, 0x00, 0x00, 0x00, 0x00, 0x00, 0x00, 0x00,
    0x00, 0x00, 0x00, 0x00, 0x00, 0x00, 0x00, 0x00, 0x00, 0x00, 0x00, 0x00, 0x00, 0x00, 0x00, 0x00,
    0x00, 0x00, 0x00, 0x00, 0x00, 0x00, 0x00, 0x00, 0x00, 0x00, 0x00, 0x00, 0x00, 0x00, 0x00, 0x00,
    0x00, 0x00, 0x00, 0x00, 0x00, 0x00, 0x00, 0x00, 0x00, 0x00, 0x00, 0x00, 0x00, 0x00, 0x00, 0x00,
    0x00, 0x00, 0x00, 0x00, 0x00, 0x00, 0x00, 0x00, 0x00, 0x00, 0x00, 0x00, 0x00, 0x00, 0x00, 0x00,
    0x00, 0x00, 0x00, 0x00, 0x00, 0x00, 0x00, 0x00, 0x00, 0x00, 0x00, 0x00, 0x00, 0x00, 0x00, 0x00,
    0x00, 0x00, 0x00, 0x00, 0x00, 0x00, 0x00, 0x00, 0x00, 0x00, 0x00, 0x00, 0x00, 0x00, 0x00, 0x00,
    0x00, 0x00, 0x00, 0x00, 0x00, 0x00, 0x00, 0x00, 0x07, 0x1F, 0x07, 0x3F, 0x07, 0x3F, 0x07, 0x3F,
    0x07, 0x3F, 0x07, 0x3F, 0x07, 0x1F, 0x00, 0x00, 0x00, 0x00, 0x00, 0x00, 0x00, 0x00, 0x00, 0x00,
    0x00, 0x00, 0x00, 0x00, 0x00, 0x00, 0x00, 0x00, 0x00, 0x00, 0x00, 0x00, 0x00, 0x00, 0x00, 0x00,
    0x00, 0x00, 0x00, 0x00, 0x00, 0x00, 0x00, 0x00, 0x00, 0x00, 0x00, 0x00, 0x00, 0x00, 0x00, 0x00,
    0x00, 0x00, 0x00, 0x00, 0x00, 0x00, 0x00, 0x00, 0x00, 0x00, 0x00, 0x00, 0x00, 0x00, 0x00, 0x00,
    0x00, 0x00, 0x00, 0x00, 0x00, 0x00, 0x00, 0x00, 0x00, 0x00, 0x00, 0x00, 0x00, 0x00, 0x00, 0x00,
    0x00, 0x00, 0x00, 0x00, 0x00, 0x00, 0x00, 0x00, 0x00, 0x00, 0x07, 0x5F, 0x07, 0x3F, 0x07, 0x3F,
    0x07, 0x3F, 0x07, 0x3F, 0x07, 0x1F, 0x00, 0x00, 0x00, 0x00, 0x00, 0x00, 0x00, 0x00, 0x00, 0x00,
    0x00, 0x00, 0x00, 0x00, 0x00, 0x00, 0x00, 0x00, 0x00, 0x00, 0x00, 0x00, 0x00, 0x00, 0x00, 0x00,
    0x00, 0x00, 0x00, 0x00, 0x00, 0x00, 0x00, 0x00, 0x00, 0x00, 0x00, 0x00, 0x00, 0x00, 0x00, 0x00,
    0x00, 0x00, 0x00, 0x00, 0x00, 0x00, 0x00, 0x00, 0x00, 0x00, 0x00, 0x00, 0x00, 0x00, 0x00, 0x00,
    0x00, 0x00, 0x00, 0x00, 0x00, 0x00, 0x00, 0x00, 0x00, 0x00, 0x00, 0x00, 0x00, 0x00, 0x00, 0x00,
    0x00, 0x00, 0x00, 0x00, 0x00, 0x00, 0x00, 0x00, 0x00, 0x00, 0x00, 0x00, 0x00, 0x00, 0x00, 0x00,
    0x00, 0x00, 0x00, 0x00, 0x00, 0x00, 0x00, 0x00, 0x00, 0x00, 0x00, 0x00, 0x00, 0x00, 0x00, 0x00,
    0x00, 0x00, 0x00, 0x00, 0x00, 0x00, 0x00, 0x00, 0x00, 0x00, 0x00, 0x00, 0x00, 0x00, 0x00, 0x00,
    0x00, 0x00, 0x00, 0x00, 0x00, 0x00, 0x00, 0x00, 0x00, 0x00, 0x07, 0x1F, 0x07, 0x3F, 0x07, 0x3F,
    0x07, 0x3F, 0x07, 0x3F, 0x07, 0x3F, 0x00, 0x00, 0x00, 0x00, 0x00, 0x00, 0x00, 0x00, 0x00, 0x00,
    0x00, 0x00, 0x00, 0x00, 0x00, 0x00, 0x00, 0x00, 0x00, 0x00, 0x00, 0x00, 0x00, 0x00, 0x00, 0x00,
    0x00, 0x00, 0x00, 0x00, 0x00, 0x00, 0x00, 0x00, 0x00, 0x00, 0x00, 0x00, 0x00, 0x00, 0x00, 0x00,
    0x00, 0x00, 0x00, 0x00, 0x00, 0x00, 0x00, 0x00, 0x00, 0x00, 0x00, 0x00, 0x00, 0x00, 0x00, 0x00,
    0x00, 0x00, 0x00, 0x00, 0x00, 0x00, 0x00, 0x00, 0x00, 0x00, 0x00, 0x00, 0x00, 0x00, 0x00, 0x00,
    0x00, 0x00, 0x00, 0x00, 0x00, 0x00, 0x00, 0x00, 0x07, 0x3F, 0x07, 0x3F, 0x07, 0x3F, 0x07, 0x3F,
    0x07, 0x3F, 0x07, 0x1F, 0x00, 0x00, 0x00, 0x00, 0x00, 0x00, 0x00, 0x00, 0x00, 0x00, 0x00, 0x00,
    0x00, 0x00, 0x00, 0x00, 0x00, 0x00, 0x00, 0x00, 0x00, 0x00, 0x00, 0x00, 0x00, 0x00, 0x00, 0x00,
    0x00, 0x00, 0x00, 0x00, 0x00, 0x00, 0x00, 0x00, 0x00, 0x00, 0x00, 0x00, 0x00, 0x00, 0x00, 0x00,
    0x00, 0x00, 0x00, 0x00, 0x00, 0x00, 0x00, 0x00, 0x00, 0x00, 0x00, 0x00, 0x00, 0x00, 0x00, 0x00,
    0x00, 0x00, 0x00, 0x00, 0x00, 0x00, 0x00, 0x00, 0x00, 0x00, 0x00, 0x00, 0x00, 0x00, 0x00, 0x00,
    0x00, 0x00, 0x00, 0x00, 0x00, 0x00, 0x00, 0x00, 0x00, 0x00, 0x00, 0x00, 0x00, 0x00, 0x00, 0x00,
    0x00, 0x00, 0x00, 0x00, 0x00, 0x00, 0x00, 0x00, 0x00, 0x00, 0x00, 0x00, 0x00, 0x00, 0x00, 0x00,
    0x00, 0x00, 0x00, 0x00, 0x00, 0x00, 0x00, 0x00, 0x00, 0x00, 0x00, 0x00, 0x00, 0x00, 0x00, 0x00,
    0x00, 0x00, 0x00, 0x00, 0x00, 0x00, 0x00, 0x00, 0x00, 0x00, 0x00, 0x00, 0x07, 0x5F, 0x07, 0x5F,
    0x07, 0x3F, 0x07, 0x3F, 0x07, 0x3F, 0x07, 0x3F, 0x00, 0x00, 0x00, 0x00, 0x00, 0x00, 0x00, 0x00,
    0x00, 0x00, 0x00, 0x00, 0x00, 0x00, 0x00, 0x00, 0x00, 0x00, 0x00, 0x00, 0x00, 0x00, 0x00, 0x00,
    0x00, 0x00, 0x00, 0x00, 0x00, 0x00, 0x00, 0x00, 0x00, 0x00, 0x00, 0x00, 0x00, 0x00, 0x00, 0x00,
    0x00, 0x00, 0x00, 0x00, 0x00, 0x00, 0x00, 0x00, 0x00, 0x00, 0x00, 0x00, 0x00, 0x00, 0x00, 0x00,
    0x00, 0x00, 0x00, 0x00, 0x00, 0x00, 0x00, 0x00, 0x00, 0x00, 0x00, 0x00, 0x00, 0x00, 0x00, 0x00,
    0x00, 0x00, 0x00, 0x00, 0x00, 0x00, 0x07, 0x5F, 0x07, 0x3F, 0x07, 0x3F, 0x07, 0x3F, 0x07, 0x3F,
    0x07, 0x1F, 0x00, 0x00, 0x00, 0x00, 0x00, 0x00, 0x00, 0x00, 0x00, 0x00, 0x00, 0x00, 0x00, 0x00,
    0x00, 0x00, 0x00, 0x00, 0x00, 0x00, 0x00, 0x00, 0x00, 0x00, 0x00, 0x00, 0x00, 0x00, 0x00, 0x00,
    0x00, 0x00, 0x00, 0x00, 0x00, 0x00, 0x00, 0x00, 0x00, 0x00, 0x00, 0x00, 0x00, 0x00, 0x00, 0x00,
    0x00, 0x00, 0x00, 0x00, 0x00, 0x00, 0x00, 0x00, 0x00, 0x00, 0x00, 0x00, 0x00, 0x00, 0x00, 0x00,
    0x00, 0x00, 0x00, 0x00, 0x00, 0x00, 0x00, 0x00, 0x00, 0x00, 0x00, 0x00, 0x00, 0x00, 0x00, 0x00,
    0x00, 0x00, 0x00, 0x00, 0x00, 0x00, 0x00, 0x00, 0x00, 0x00, 0x00, 0x00, 0x00, 0x00, 0x00, 0x00,
    0x00, 0x00, 0x00, 0x00, 0x00, 0x00, 0x00, 0x00, 0x00, 0x00, 0x00, 0x00, 0x00, 0x00, 0x00, 0x00,
    0x00, 0x00, 0x00, 0x00, 0x00, 0x00, 0x00, 0x00, 0x00, 0x00, 0x00, 0x00, 0x00, 0x00, 0x00, 0x00,
    0x00, 0x00, 0x00, 0x00, 0x00, 0x00, 0x00, 0x00, 0x00, 0x00, 0x00, 0x00, 0x00, 0x00, 0x07, 0x3F,
    0x07, 0x3F, 0x07, 0x3F, 0x07, 0x3F, 0x07, 0x3F, 0x07, 0x1F, 0x00, 0x00, 0x00, 0x00, 0x00, 0x00,
    0x00, 0x00, 0x00, 0x00, 0x00, 0x00, 0x00, 0x00, 0x00, 0x00, 0x00, 0x00, 0x00, 0x00, 0x00, 0x00,
    0x00, 0x00, 0x00, 0x00, 0x00, 0x00, 0x00, 0x00, 0x00, 0x00, 0x00, 0x00, 0x00, 0x00, 0x00, 0x00,
    0x00, 0x00, 0x00, 0x00, 0x00, 0x00, 0x00, 0x00, 0x00, 0x00, 0x00, 0x00, 0x00, 0x00, 0x00, 0x00,
    0x00, 0x00, 0x00, 0x00, 0x00, 0x00, 0x00, 0x00, 0x00, 0x00, 0x00, 0x00, 0x00, 0x00, 0x00, 0x00,
    0x00, 0x00, 0x00, 0x00, 0x00, 0x00, 0x07, 0x5F, 0x07, 0x3F, 0x07, 0x3F, 0x07, 0x3F, 0x07, 0x3F,
    0x00, 0x00, 0x00, 0x00, 0x00, 0x00, 0x00, 0x00, 0x00, 0x00, 0x00, 0x00, 0x00, 0x00, 0x00, 0x00,
    0x00, 0x00, 0x00, 0x00, 0x00, 0x00, 0x00, 0x00, 0x00, 0x00, 0x00, 0x00, 0x00, 0x00, 0x00, 0x00,
    0x00, 0x00, 0x00, 0x00, 0x00, 0x00, 0x00, 0x00, 0x00, 0x00, 0x00, 0x00, 0x00, 0x00, 0x00, 0x00,
    0x00, 0x00, 0x00, 0x00, 0x00, 0x00, 0x00, 0x00, 0x00, 0x00, 0x00, 0x00, 0x00, 0x00, 0x00, 0x00,
    0x00, 0x00, 0x00, 0x00, 0x00, 0x00, 0x00, 0x00, 0x00, 0x00, 0x00, 0x00, 0x00, 0x00, 0x00, 0x00,
    0x00, 0x00, 0x00, 0x00, 0x00, 0x00, 0x00, 0x00, 0x00, 0x00, 0x00, 0x00, 0x00, 0x00, 0x00, 0x00,
    0x00, 0x00, 0x00, 0x00, 0x00, 0x00, 0x00, 0x00, 0x00, 0x00, 0x00, 0x00, 0x00, 0x00, 0x00, 0x00,
    0x00, 0x00, 0x00, 0x00, 0x00, 0x00, 0x00, 0x00, 0x00, 0x00, 0x00, 0x00, 0x00, 0x00, 0x00, 0x00,
    0x00, 0x00, 0x00, 0x00, 0x00, 0x00, 0x00, 0x00, 0x00, 0x00, 0x00, 0x00, 0x00, 0x00, 0x00, 0x00,
    0x07, 0x3F, 0x07, 0x3F, 0x07, 0x3F, 0x07, 0x3F, 0x07, 0x3F, 0x00, 0x00, 0x00, 0x00, 0x00, 0x00,
    0x00, 0x00, 0x00, 0x00, 0x00, 0x00, 0x00, 0x00, 0x00, 0x00, 0x00, 0x00, 0x00, 0x00, 0x00, 0x00,
    0x00, 0x00, 0x00, 0x00, 0x00, 0x00, 0x00, 0x00, 0x00, 0x00, 0x00, 0x00, 0x00, 0x00, 0x00, 0x00,
    0x00, 0x00, 0x00, 0x00, 0x00, 0x00, 0x00, 0x00, 0x00, 0x00, 0x00, 0x00, 0x00, 0x00, 0x00, 0x00,
    0x00, 0x00, 0x00, 0x00, 0x00, 0x00, 0x00, 0x00, 0x00, 0x00, 0x00, 0x00, 0x00, 0x00, 0x00, 0x00,
    0x00, 0x00, 0x00, 0x00, 0x07, 0x3F, 0x07, 0x3F, 0x07, 0x3F, 0x07, 0x3F, 0x07, 0x3F, 0x00, 0x00,
    0x00, 0x00, 0x00, 0x00, 0x00, 0x00, 0x00, 0x00, 0x00, 0x00, 0x00, 0x00, 0x00, 0x00, 0x00, 0x00,
    0x00, 0x00, 0x00, 0x00, 0x00, 0x00, 0x00, 0x00, 0x00, 0x00, 0x00, 0x00, 0x00, 0x00, 0x00, 0x00,
    0x00, 0x00, 0x00, 0x00, 0x00, 0x00, 0x00, 0x00, 0x00, 0x00, 0x00, 0x00, 0x00, 0x00, 0x00, 0x00,
    0x00, 0x00, 0x00, 0x00, 0x00, 0x00, 0x00, 0x00, 0x00, 0x00, 0x00, 0x00, 0x00, 0x00, 0x00, 0x00,
    0x00, 0x00, 0x00, 0x00, 0x00, 0x00, 0x00, 0x00, 0x00, 0x00, 0x00, 0x00, 0x00, 0x00, 0x00, 0x00,
    0x00, 0x00, 0x00, 0x00, 0x00, 0x00, 0x00, 0x00, 0x00, 0x00, 0x00, 0x00, 0x00, 0x00, 0x00, 0x00,
    0x00, 0x00, 0x00, 0x00, 0x00, 0x00, 0x00, 0x00, 0x00, 0x00, 0x00, 0x00, 0x00, 0x00, 0x00, 0x00,
    0x00, 0x00, 0x00, 0x00, 0x00, 0x00, 0x00, 0x00, 0x00, 0x00, 0x00, 0x00, 0x00, 0x00, 0x00, 0x00,
    0x00, 0x00, 0x00, 0x00, 0x00, 0x00, 0x00, 0x00, 0x00, 0x00, 0x00, 0x00, 0x00, 0x00, 0x00, 0x00,
    0x00, 0x00, 0x07, 0x5F, 0x07, 0x3F, 0x07, 0x3F, 0x07, 0x3F, 0x07, 0x3F, 0x00, 0x00, 0x00, 0x00,
    0x00, 0x00, 0x00, 0x00, 0x00, 0x00, 0x00, 0x00, 0x00, 0x00, 0x00, 0x00, 0x00, 0x00, 0x00, 0x00,
    0x00, 0x00, 0x00, 0x00, 0x00, 0x00, 0x00, 0x00, 0x00, 0x00, 0x00, 0x00, 0x00, 0x00, 0x00, 0x00,
    0x00, 0x00, 0x00, 0x00, 0x00, 0x00, 0x00, 0x00, 0x00, 0x00, 0x00, 0x00, 0x00, 0x00, 0x00, 0x00,
    0x00, 0x00, 0x00, 0x00, 0x00, 0x00, 0x00, 0x00, 0x00, 0x00, 0x00, 0x00, 0x00, 0x00, 0x00, 0x00,
    0x00, 0x00, 0x07, 0x5F, 0x07, 0x3F, 0x07, 0x3F, 0x07, 0x3F, 0x07, 0x3F, 0x07, 0x1F, 0x00, 0x00,
    0x00, 0x00, 0x00, 0x00, 0x00, 0x00, 0x00, 0x00, 0x00, 0x00, 0x00, 0x00, 0x00, 0x00, 0x00, 0x00,
    0x00, 0x00, 0x00, 0x00, 0x00, 0x00, 0x00, 0x00, 0x00, 0x00, 0x00, 0x00, 0x00, 0x00, 0x00, 0x00,
    0x00, 0x00, 0x00, 0x00, 0x00, 0x00, 0x00, 0x00, 0x00, 0x00, 0x00, 0x00, 0x00, 0x00, 0x00, 0x00,
    0x00, 0x00, 0x00, 0x00, 0x00, 0x00, 0x00, 0x00, 0x00, 0x00, 0x00, 0x00, 0x00, 0x00, 0x00, 0x00,
    0x00, 0x00, 0x00, 0x00, 0x00, 0x00, 0x00, 0x00, 0x00, 0x00, 0x00, 0x00, 0x00, 0x00, 0x00, 0x00,
    0x00, 0x00, 0x00, 0x00, 0x00, 0x00, 0x00, 0x00, 0x00, 0x00, 0x00, 0x00, 0x00, 0x00, 0x00, 0x00,
    0x00, 0x00, 0x00, 0x00, 0x00, 0x00, 0x00, 0x00, 0x00, 0x00, 0x00, 0x00, 0x00, 0x00, 0x00, 0x00,
    0x00, 0x00, 0x00, 0x00, 0x00, 0x00, 0x00, 0x00, 0x00, 0x00, 0x00, 0x00, 0x00, 0x00, 0x00, 0x00,
    0x00, 0x00, 0x00, 0x00, 0x00, 0x00, 0x00, 0x00, 0x00, 0x00, 0x00, 0x00, 0x00, 0x00, 0x00, 0x00,
    0x00, 0x00, 0x07, 0x1F, 0x07, 0x3F, 0x07, 0x3F, 0x07, 0x3F, 0x07, 0x3F, 0x07, 0x1F, 0x00, 0x00,
    0x00, 0x00, 0x00, 0x00, 0x00, 0x00, 0x00, 0x00, 0x00, 0x00, 0x00, 0x00, 0x00, 0x00, 0x00, 0x00,
    0x00, 0x00, 0x00, 0x00, 0x00, 0x00, 0x00, 0x00, 0x00, 0x00, 0x00, 0x00, 0x00, 0x00, 0x00, 0x00,
    0x00, 0x00, 0x00, 0x00, 0x00, 0x00, 0x00, 0x00, 0x00, 0x00, 0x00, 0x00, 0x00, 0x00, 0x00, 0x00,
    0x00, 0x00, 0x00, 0x00, 0x00, 0x00, 0x00, 0x00, 0x00, 0x00, 0x00, 0x00, 0x00, 0x00, 0x00, 0x00,
    0x00, 0x00, 0x07, 0x3F, 0x07, 0x3F, 0x07, 0x3F, 0x07, 0x3F, 0x07, 0x3F, 0x00, 0x00, 0x00, 0x00,
    0x00, 0x00, 0x00, 0x00, 0x00, 0x00, 0x00, 0x00, 0x00, 0x00, 0x00, 0x00, 0x00, 0x00, 0x00, 0x00,
    0x00, 0x00, 0x00, 0x00, 0x00, 0x00, 0x00, 0x00, 0x00, 0x00, 0x00, 0x00, 0x00, 0x00, 0x00, 0x00,
    0x00, 0x00, 0x00, 0x00, 0x00, 0x00, 0x00, 0x00, 0x00, 0x00, 0x00, 0x00, 0x00, 0x00, 0x00, 0x00,
    0x00, 0x00, 0x00, 0x00, 0x00, 0x00, 0x00, 0x00, 0x00, 0x00, 0x00, 0x00, 0x00, 0x00, 0x00, 0x00,
    0x00, 0x00, 0x00, 0x00, 0x00, 0x00, 0x00, 0x00, 0x00, 0x00, 0x00, 0x00, 0x00, 0x00, 0x00, 0x00,
    0x00, 0x00, 0x00, 0x00, 0x00, 0x00, 0x00, 0x00, 0x00, 0x00, 0x00, 0x00, 0x00, 0x00, 0x00, 0x00,
    0x00, 0x00, 0x00, 0x00, 0x00, 0x00, 0x00, 0x00, 0x00, 0x00, 0x00, 0x00, 0x00, 0x00, 0x00, 0x00,
    0x00, 0x00, 0x00, 0x00, 0x00, 0x00, 0x00, 0x00, 0x00, 0x00, 0x00, 0x00, 0x00, 0x00, 0x00, 0x00,
    0x00, 0x00, 0x00, 0x00, 0x00, 0x00, 0x00, 0x00, 0x00, 0x00, 0x00, 0x00, 0x00, 0x00, 0x00, 0x00,
    0x00, 0x00, 0x00, 0x00, 0x07, 0x3F, 0x07, 0x3F, 0x07, 0x3F, 0x07, 0x3F, 0x07, 0x3F, 0x00, 0x00,
    0x00, 0x00, 0x00, 0x00, 0x00, 0x00, 0x00, 0x00, 0x00, 0x00, 0x00, 0x00, 0x00, 0x00, 0x00, 0x00,
    0x00, 0x00, 0x00, 0x00, 0x00, 0x00, 0x00, 0x00, 0x00, 0x00, 0x00, 0x00, 0x00, 0x00, 0x00, 0x00,
    0x00, 0x00, 0x00, 0x00, 0x00, 0x00, 0x00, 0x00, 0x00, 0x00, 0x00, 0x00, 0x00, 0x00, 0x00, 0x00,
    0x00, 0x00, 0x00, 0x00, 0x00, 0x00, 0x00, 0x00, 0x00, 0x00, 0x00, 0x00, 0x00, 0x00, 0x00, 0x00,
    0x07, 0x5F, 0x07, 0x3F, 0x07, 0x3F, 0x07, 0x3F, 0x07, 0x3F, 0x00, 0x00, 0x00, 0x00, 0x00, 0x00,
    0x00, 0x00, 0x00, 0x00, 0x00, 0x00, 0x00, 0x00, 0x00, 0x00, 0x00, 0x00, 0x00, 0x00, 0x00, 0x00,
    0x00, 0x00, 0x00, 0x00, 0x00, 0x00, 0x00, 0x00, 0x00, 0x00, 0x00, 0x00, 0x00, 0x00, 0x00, 0x00,
    0x00, 0x00, 0x00, 0x00, 0x00, 0x00, 0x00, 0x00, 0x00, 0x00, 0x00, 0x00, 0x00, 0x00, 0x00, 0x00,
    0x00, 0x00, 0x00, 0x00, 0x00, 0x00, 0x00, 0x00, 0x00, 0x00, 0x00, 0x00, 0x00, 0x00, 0x00, 0x00,
    0x00, 0x00, 0x00, 0x00, 0x00, 0x00, 0x00, 0x00, 0x00, 0x00, 0x00, 0x00, 0x00, 0x00, 0x00, 0x00,
    0x00, 0x00, 0x00, 0x00, 0x00, 0x00, 0x00, 0x00, 0x00, 0x00, 0x00, 0x00, 0x00, 0x00, 0x00, 0x00,
    0x00, 0x00, 0x00, 0x00, 0x00, 0x00, 0x00, 0x00, 0x00, 0x00, 0x00, 0x00, 0x00, 0x00, 0x00, 0x00,
    0x00, 0x00, 0x00, 0x00, 0x00, 0x00, 0x00, 0x00, 0x00, 0x00, 0x00, 0x00, 0x00, 0x00, 0x00, 0x00,
    0x00, 0x00, 0x00, 0x00, 0x00, 0x00, 0x00, 0x00, 0x00, 0x00, 0x00, 0x00, 0x00, 0x00, 0x00, 0x00,
    0x00, 0x00, 0x00, 0x00, 0x00, 0x00, 0x07, 0x5F, 0x07, 0x3F, 0x07, 0x3F, 0x07, 0x3F, 0x07, 0x3F,
    0x00, 0x00, 0x00, 0x00, 0x00, 0x00, 0x00, 0x00, 0x00, 0x00, 0x00, 0x00, 0x00, 0x00, 0x00, 0x00,
    0x00, 0x00, 0x00, 0x00, 0x00, 0x00, 0x00, 0x00, 0x00, 0x00, 0x00, 0x00, 0x00, 0x00, 0x00, 0x00,
    0x00, 0x00, 0x00, 0x00, 0x00, 0x00, 0x00, 0x00, 0x00, 0x00, 0x00, 0x00, 0x00, 0x00, 0x00, 0x00,
    0x00, 0x00, 0x00, 0x00, 0x00, 0x00, 0x00, 0x00, 0x00, 0x00, 0x00, 0x00, 0x00, 0x00, 0x00, 0x00,
    0x07, 0x3F, 0x07, 0x3F, 0x07, 0x3F, 0x07, 0x3F, 0x07, 0x1F, 0x00, 0x00, 0x00, 0x00, 0x00, 0x00,
    0x00, 0x00, 0x00, 0x00, 0x00, 0x00, 0x00, 0x00, 0x00, 0x00, 0x00, 0x00, 0x00, 0x00, 0x00, 0x00,
    0x00, 0x00, 0x00, 0x00, 0x00, 0x00, 0x00, 0x00, 0x00, 0x00, 0x00, 0x00, 0x00, 0x00, 0x00, 0x00,
    0x00, 0x00, 0x00, 0x00, 0x00, 0x00, 0x00, 0x00, 0x00, 0x00, 0x00, 0x00, 0x00, 0x00, 0x00, 0x00,
    0x00, 0x00, 0x00, 0x00, 0x00, 0x00, 0x00, 0x00, 0x00, 0x00, 0x00, 0x00, 0x00, 0x00, 0x00, 0x00,
    0x00, 0x00, 0x00, 0x00, 0x00, 0x00, 0x00, 0x00, 0x00, 0x00, 0x00, 0x00, 0x00, 0x00, 0x00, 0x00,
    0x00, 0x00, 0x00, 0x00, 0x00, 0x00, 0x00, 0x00, 0x00, 0x00, 0x00, 0x00, 0x00, 0x00, 0x00, 0x00,
    0x00, 0x00, 0x00, 0x00, 0x00, 0x00, 0x00, 0x00, 0x00, 0x00, 0x00, 0x00, 0x00, 0x00, 0x00, 0x00,
    0x00, 0x00, 0x00, 0x00, 0x00, 0x00, 0x00, 0x00, 0x00, 0x00, 0x00, 0x00, 0x00, 0x00, 0x00, 0x00,
    0x00, 0x00, 0x00, 0x00, 0x00, 0x00, 0x00, 0x00, 0x00, 0x00, 0x00, 0x00, 0x00, 0x00, 0x00, 0x00,
    0x00, 0x00, 0x00, 0x00, 0x00, 0x00, 0x07, 0x3F, 0x07, 0x3F, 0x07, 0x3F, 0x07, 0x3F, 0x07, 0x5F,
    0x00, 0x00, 0x00, 0x00, 0x00, 0x00, 0x00, 0x00, 0x00, 0x00, 0x00, 0x00, 0x00, 0x00, 0x00, 0x00,
    0x00, 0x00, 0x00, 0x00, 0x00, 0x00, 0x00, 0x00, 0x00, 0x00, 0x00, 0x00, 0x00, 0x00, 0x00, 0x00,
    0x00, 0x00, 0x00, 0x00, 0x00, 0x00, 0x00, 0x00, 0x00, 0x00, 0x00, 0x00, 0x00, 0x00, 0x00, 0x00,
    0x00, 0x00, 0x00, 0x00, 0x00, 0x00, 0x00, 0x00, 0x00, 0x00, 0x00, 0x00, 0x00, 0x00, 0x07, 0x3F,
    0x07, 0x3F, 0x07, 0x3F, 0x07, 0x3F, 0x07, 0x3F, 0x00, 0x00, 0x00, 0x00, 0x00, 0x00, 0x00, 0x00,
    0x00, 0x00, 0x00, 0x00, 0x00, 0x00, 0x00, 0x00, 0x00, 0x00, 0x00, 0x00, 0x00, 0x00, 0x00, 0x00,
    0x00, 0x00, 0x00, 0x00, 0x00, 0x00, 0x00, 0x00, 0x00, 0x00, 0x00, 0x00, 0x00, 0x00, 0x00, 0x00,
    0x00, 0x00, 0x00, 0x00, 0x00, 0x00, 0x00, 0x00, 0x00, 0x00, 0x00, 0x00, 0x00, 0x00, 0x00, 0x00,
    0x00, 0x00, 0x00, 0x00, 0x00, 0x00, 0x00, 0x00, 0x00, 0x00, 0x00, 0x00, 0x00, 0x00, 0x00, 0x00,
    0x00, 0x00, 0x00, 0x00, 0x00, 0x00, 0x00, 0x00, 0x00, 0x00, 0x00, 0x00, 0x00, 0x00, 0x00, 0x00,
    0x00, 0x00, 0x00, 0x00, 0x00, 0x00, 0x00, 0x00, 0x00, 0x00, 0x00, 0x00, 0x00, 0x00, 0x00, 0x00,
    0x00, 0x00, 0x00, 0x00, 0x00, 0x00, 0x00, 0x00, 0x00, 0x00, 0x00, 0x00, 0x00, 0x00, 0x00, 0x00,
    0x00, 0x00, 0x00, 0x00, 0x00, 0x00, 0x00, 0x00, 0x00, 0x00, 0x00, 0x00, 0x00, 0x00, 0x00, 0x00,
    0x00, 0x00, 0x00, 0x00, 0x00, 0x00, 0x00, 0x00, 0x00, 0x00, 0x00, 0x00, 0x00, 0x00, 0x00, 0x00,
    0x00, 0x00, 0x00, 0x00, 0x00, 0x00, 0x00, 0x00, 0x07, 0x3F, 0x07, 0x3F, 0x07, 0x3F, 0x07, 0x3F,
    0x07, 0x3F, 0x00, 0x00, 0x00, 0x00, 0x00, 0x00, 0x00, 0x00, 0x00, 0x00, 0x00, 0x00, 0x00, 0x00,
    0x00, 0x00, 0x00, 0x00, 0x00, 0x00, 0x00, 0x00, 0x00, 0x00, 0x00, 0x00, 0x00, 0x00, 0x00, 0x00,
    0x00, 0x00, 0x00, 0x00, 0x00, 0x00, 0x00, 0x00, 0x00, 0x00, 0x00, 0x00, 0x00, 0x00, 0x00, 0x00,
    0x00, 0x00, 0x00, 0x00, 0x00, 0x00, 0x00, 0x00, 0x00, 0x00, 0x00, 0x00, 0x00, 0x00, 0x07, 0x3F,
    0x07, 0x3F, 0x07, 0x3F, 0x07, 0x3F, 0x07, 0x1F, 0x00, 0x00, 0x00, 0x00, 0x00, 0x00, 0x00, 0x00,
    0x00, 0x00, 0x00, 0x00, 0x00, 0x00, 0x00, 0x00, 0x00, 0x00, 0x00, 0x00, 0x00, 0x00, 0x00, 0x00,
    0x00, 0x00, 0x00, 0x00, 0x00, 0x00, 0x00, 0x00, 0x00, 0x00, 0x00, 0x00, 0x00, 0x00, 0x00, 0x00,
    0x00, 0x00, 0x00, 0x00, 0x00, 0x00, 0x00, 0x00, 0x00, 0x00, 0x00, 0x00, 0x00, 0x00, 0x00, 0x00,
    0x00, 0x00, 0x00, 0x00, 0x00, 0x00, 0x00, 0x00, 0x00, 0x00, 0x00, 0x00, 0x00, 0x00, 0x00, 0x00,
    0x00, 0x00, 0x00, 0x00, 0x00, 0x00, 0x00, 0x00, 0x00, 0x00, 0x00, 0x00, 0x00, 0x00, 0x00, 0x00,
    0x00, 0x00, 0x00, 0x00, 0x00, 0x00, 0x00, 0x00, 0x00, 0x00, 0x00, 0x00, 0x00, 0x00, 0x00, 0x00,
    0x00, 0x00, 0x00, 0x00, 0x00, 0x00, 0x00, 0x00, 0x00, 0x00, 0x00, 0x00, 0x00, 0x00, 0x00, 0x00,
    0x00, 0x00, 0x00, 0x00, 0x00, 0x00, 0x00, 0x00, 0x00, 0x00, 0x00, 0x00, 0x00, 0x00, 0x00, 0x00,
    0x00, 0x00, 0x00, 0x00, 0x00, 0x00, 0x00, 0x00, 0x00, 0x00, 0x00, 0x00, 0x00, 0x00, 0x00, 0x00,
    0x00, 0x00, 0x00, 0x00, 0x00, 0x00, 0x00, 0x00, 0x07, 0x5F, 0x07, 0x3F, 0x07, 0x3F, 0x07, 0x3F,
    0x07, 0x5F, 0x00, 0x00, 0x00, 0x00, 0x00, 0x00, 0x00, 0x00, 0x00, 0x00, 0x00, 0x00, 0x00, 0x00,
    0x00, 0x00, 0x00, 0x00, 0x00, 0x00, 0x00, 0x00, 0x00, 0x00, 0x00, 0x00, 0x00, 0x00, 0x00, 0x00,
    0x00, 0x00, 0x00, 0x00, 0x00, 0x00, 0x00, 0x00, 0x00, 0x00, 0x00, 0x00, 0x00, 0x00, 0x00, 0x00,
    0x00, 0x00, 0x00, 0x00, 0x00, 0x00, 0x00, 0x00, 0x00, 0x00, 0x00, 0x00, 0x07, 0x5F, 0x07, 0x3F,
    0x07, 0x3F, 0x07, 0x3F, 0x07, 0x3F, 0x00, 0x00, 0x00, 0x00, 0x00, 0x00, 0x00, 0x00, 0x00, 0x00,
    0x00, 0x00, 0x00, 0x00, 0x00, 0x00, 0x00, 0x00, 0x00, 0x00, 0x00, 0x00, 0x00, 0x00, 0x00, 0x00,
    0x00, 0x00, 0x00, 0x00, 0x00, 0x00, 0x00, 0x00, 0x00, 0x00, 0x00, 0x00, 0x00, 0x00, 0x00, 0x00,
    0x00, 0x00, 0x00, 0x00, 0x00, 0x00, 0x00, 0x00, 0x00, 0x00, 0x00, 0x00, 0x00, 0x00, 0x00, 0x00,
    0x00, 0x00, 0x00, 0x00, 0x00, 0x00, 0x00, 0x00, 0x00, 0x00, 0x00, 0x00, 0x00, 0x00, 0x00, 0x00,
    0x00, 0x00, 0x00, 0x00, 0x00, 0x00, 0x00, 0x00, 0x00, 0x00, 0x00, 0x00, 0x00, 0x00, 0x00, 0x00,
    0x00, 0x00, 0x00, 0x00, 0x00, 0x00, 0x00, 0x00, 0x00, 0x00, 0x00, 0x00, 0x00, 0x00, 0x00, 0x00,
    0x00, 0x00, 0x00, 0x00, 0x00, 0x00, 0x00, 0x00, 0x00, 0x00, 0x00, 0x00, 0x00, 0x00, 0x00, 0x00,
    0x00, 0x00, 0x00, 0x00, 0x00, 0x00, 0x00, 0x00, 0x00, 0x00, 0x00, 0x00, 0x00, 0x00, 0x00, 0x00,
    0x00, 0x00, 0x00, 0x00, 0x00, 0x00, 0x00, 0x00, 0x00, 0x00, 0x00, 0x00, 0x00, 0x00, 0x00, 0x00,
    0x00, 0x00, 0x00, 0x00, 0x00, 0x00, 0x00, 0x00, 0x00, 0x00, 0x07, 0x3F, 0x07, 0x3F, 0x07, 0x3F,
    0x07, 0x3F, 0x07, 0x1F, 0x00, 0x00, 0x00, 0x00, 0x00, 0x00, 0x00, 0x00, 0x00, 0x00, 0x00, 0x00,
    0x00, 0x00, 0x00, 0x00, 0x00, 0x00, 0x00, 0x00, 0x00, 0x00, 0x00, 0x00, 0x00, 0x00, 0x00, 0x00,
    0x00, 0x00, 0x00, 0x00, 0x00, 0x00, 0x00, 0x00, 0x00, 0x00, 0x00, 0x00, 0x00, 0x00, 0x00, 0x00,
    0x00, 0x00, 0x00, 0x00, 0x00, 0x00, 0x00, 0x00, 0x00, 0x00, 0x00, 0x00, 0x07, 0x3F, 0x07, 0x3F,
    0x07, 0x3F, 0x07, 0x3F, 0x07, 0x3F, 0x00, 0x00, 0x00, 0x00, 0x00, 0x00, 0x00, 0x00, 0x00, 0x00,
    0x00, 0x00, 0x00, 0x00, 0x00, 0x00, 0x00, 0x00, 0x00, 0x00, 0x00, 0x00, 0x00, 0x00, 0x00, 0x00,
    0x00, 0x00, 0x00, 0x00, 0x00, 0x00, 0x00, 0x00, 0x00, 0x00, 0x00, 0x00, 0x00, 0x00, 0x00, 0x00,
    0x00, 0x00, 0x00, 0x00, 0x00, 0x00, 0x00, 0x00, 0x00, 0x00, 0x00, 0x00, 0x00, 0x00, 0x00, 0x00,
    0x00, 0x00, 0x00, 0x00, 0x00, 0x00, 0x00, 0x00, 0x00, 0x00, 0x00, 0x00, 0x00, 0x00, 0x00, 0x00,
    0x00, 0x00, 0x00, 0x00, 0x00, 0x00, 0x00, 0x00, 0x00, 0x00, 0x00, 0x00, 0x00, 0x00, 0x00, 0x00,
    0x00, 0x00, 0x00, 0x00, 0x00, 0x00, 0x00, 0x00, 0x00, 0x00, 0x00, 0x00, 0x00, 0x00, 0x00, 0x00,
    0x00, 0x00, 0x00, 0x00, 0x00, 0x00, 0x00, 0x00, 0x00, 0x00, 0x00, 0x00, 0x00, 0x00, 0x00, 0x00,
    0x00, 0x00, 0x00, 0x00, 0x00, 0x00, 0x00, 0x00, 0x00, 0x00, 0x00, 0x00, 0x00, 0x00, 0x00, 0x00,
    0x00, 0x00, 0x00, 0x00, 0x00, 0x00, 0x00, 0x00, 0x00, 0x00, 0x00, 0x00, 0x00, 0x00, 0x00, 0x00,
    0x00, 0x00, 0x00, 0x00, 0x00, 0x00, 0x00, 0x00, 0x00, 0x00, 0x07, 0x3F, 0x07, 0x3F, 0x07, 0x3F,
    0x07, 0x3F, 0x07, 0x3F, 0x00, 0x00, 0x00, 0x00, 0x00, 0x00, 0x00, 0x00, 0x00, 0x00, 0x00, 0x00,
    0x00, 0x00, 0x00, 0x00, 0x00, 0x00, 0x00, 0x00, 0x00, 0x00, 0x00, 0x00, 0x00, 0x00, 0x00, 0x00,
    0x00, 0x00, 0x00, 0x00, 0x00, 0x00, 0x00, 0x00, 0x00, 0x00, 0x00, 0x00, 0x00, 0x00, 0x00, 0x00,
    0x00, 0x00, 0x00, 0x00, 0x00, 0x00, 0x00, 0x00, 0x00, 0x00, 0x00, 0x00, 0x07, 0x5F, 0x07, 0x3F,
    0x07, 0x3F, 0x07, 0x3F, 0x00, 0x00, 0x00, 0x00, 0x00, 0x00, 0x00, 0x00, 0x00, 0x00, 0x00, 0x00,
    0x00, 0x00, 0x00, 0x00, 0x00, 0x00, 0x00, 0x00, 0x00, 0x00, 0x00, 0x00, 0x00, 0x00, 0x00, 0x00,
    0x00, 0x00, 0x00, 0x00, 0x00, 0x00, 0x00, 0x00, 0x00, 0x00, 0x00, 0x00, 0x00, 0x00, 0x00, 0x00,
    0x00, 0x00, 0x00, 0x00, 0x00, 0x00, 0x00, 0x00, 0x00, 0x00, 0x00, 0x00, 0x00, 0x00, 0x00, 0x00,
    0x00, 0x00, 0x00, 0x00, 0x00, 0x00, 0x00, 0x00, 0x00, 0x00, 0x00, 0x00, 0x00, 0x00, 0x00, 0x00,
    0x00, 0x00, 0x00, 0x00, 0x00, 0x00, 0x00, 0x00, 0x00, 0x00, 0x00, 0x00, 0x00, 0x00, 0x00, 0x00,
    0x00, 0x00, 0x00, 0x00, 0x00, 0x00, 0x00, 0x00, 0x00, 0x00, 0x00, 0x00, 0x00, 0x00, 0x00, 0x00,
    0x00, 0x00, 0x00, 0x00, 0x00, 0x00, 0x00, 0x00, 0x00, 0x00, 0x00, 0x00, 0x00, 0x00, 0x00, 0x00,
    0x00, 0x00, 0x00, 0x00, 0x00, 0x00, 0x00, 0x00, 0x00, 0x00, 0x00, 0x00, 0x00, 0x00, 0x00, 0x00,
    0x00, 0x00, 0x00, 0x00, 0x00, 0x00, 0x00, 0x00, 0x00, 0x00, 0x00, 0x00, 0x00, 0x00, 0x00, 0x00,
    0x00, 0x00, 0x00, 0x00, 0x00, 0x00, 0x00, 0x00, 0x00, 0x00, 0x00, 0x00, 0x07, 0x5F, 0x07, 0x3F,
    0x07, 0x3F, 0x07, 0x3F, 0x00, 0x00, 0x00, 0x00, 0x00, 0x00, 0x00, 0x00, 0x00, 0x00, 0x00, 0x00,
    0x00, 0x00, 0x00, 0x00, 0x00, 0x00, 0x00, 0x00, 0x00, 0x00, 0x00, 0x00, 0x00, 0x00, 0x00, 0x00,
    0x00, 0x00, 0x00, 0x00, 0x00, 0x00, 0x00, 0x00, 0x00, 0x00, 0x00, 0x00, 0x00, 0x00, 0x00, 0x00,
    0x00, 0x00, 0x00, 0x00, 0x00, 0x00, 0x00, 0x00, 0x00, 0x00, 0x07, 0x3F, 0x07, 0x3F, 0x07, 0x3F,
    0x07, 0x3F, 0x07, 0x3F, 0x00, 0x00, 0x00, 0x00, 0x00, 0x00, 0x00, 0x00, 0x00, 0x00, 0x00, 0x00,
    0x00, 0x00, 0x00, 0x00, 0x00, 0x00, 0x00, 0x00, 0x00, 0x00, 0x00, 0x00, 0x00, 0x00, 0x00, 0x00,
    0x00, 0x00, 0x00, 0x00, 0x00, 0x00, 0x00, 0x00, 0x00, 0x00, 0x00, 0x00, 0x00, 0x00, 0x00, 0x00,
    0x00, 0x00, 0x00, 0x00, 0x00, 0x00, 0x00, 0x00, 0x00, 0x00, 0x00, 0x00, 0x00, 0x00, 0x00, 0x00,
    0x00, 0x00, 0x00, 0x00, 0x00, 0x00, 0x00, 0x00, 0x00, 0x00, 0x00, 0x00, 0x00, 0x00, 0x00, 0x00,
    0x00, 0x00, 0x00, 0x00, 0x00, 0x00, 0x00, 0x00, 0x00, 0x00, 0x00, 0x00, 0x00, 0x00, 0x00, 0x00,
    0x00, 0x00, 0x00, 0x00, 0x00, 0x00, 0x00, 0x00, 0x00, 0x00, 0x00, 0x00, 0x00, 0x00, 0x00, 0x00,
    0x00, 0x00, 0x00, 0x00, 0x00, 0x00, 0x00, 0x00, 0x00, 0x00, 0x00, 0x00, 0x00, 0x00, 0x00, 0x00,
    0x00, 0x00, 0x00, 0x00, 0x00, 0x00, 0x00, 0x00, 0x00, 0x00, 0x00, 0x00, 0x00, 0x00, 0x00, 0x00,
    0x00, 0x00, 0x00, 0x00, 0x00, 0x00, 0x00, 0x00, 0x00, 0x00, 0x00, 0x00, 0x00, 0x00, 0x00, 0x00,
    0x00, 0x00, 0x00, 0x00, 0x00, 0x00, 0x00, 0x00, 0x00, 0x00, 0x00, 0x00, 0x07, 0x3F, 0x07, 0x3F,
    0x07, 0x3F, 0x07, 0x3F, 0x07, 0x3F, 0x00, 0x00, 0x00, 0x00, 0x00, 0x00, 0x00, 0x00, 0x00, 0x00,
    0x00, 0x00, 0x00, 0x00, 0x00, 0x00, 0x00, 0x00, 0x00, 0x00, 0x00, 0x00, 0x00, 0x00, 0x00, 0x00,
    0x00, 0x00, 0x00, 0x00, 0x00, 0x00, 0x00, 0x00, 0x00, 0x00, 0x00, 0x00, 0x00, 0x00, 0x00, 0x00,
    0x00, 0x00, 0x00, 0x00, 0x00, 0x00, 0x00, 0x00, 0x00, 0x00, 0x07, 0x3F, 0x07, 0x3F, 0x07, 0x3F,
    0x07, 0x3F, 0x07, 0x1F, 0x00, 0x00, 0x00, 0x00, 0x00, 0x00, 0x00, 0x00, 0x00, 0x00, 0x00, 0x00,
    0x00, 0x00, 0x00, 0x00, 0x00, 0x00, 0x00, 0x00, 0x00, 0x00, 0x00, 0x00, 0x00, 0x00, 0x00, 0x00,
    0x00, 0x00, 0x00, 0x00, 0x00, 0x00, 0x00, 0x00, 0x00, 0x00, 0x00, 0x00, 0x00, 0x00, 0x00, 0x00,
    0x00, 0x00, 0x00, 0x00, 0x00, 0x00, 0x00, 0x00, 0x00, 0x00, 0x00, 0x00, 0x00, 0x00, 0x00, 0x00,
    0x00, 0x00, 0x00, 0x00, 0x00, 0x00, 0x00, 0x00, 0x00, 0x00, 0x00, 0x00, 0x00, 0x00, 0x00, 0x00,
    0x00, 0x00, 0x00, 0x00, 0x00, 0x00, 0x00, 0x00, 0x00, 0x00, 0x00, 0x00, 0x00, 0x00, 0x00, 0x00,
    0x00, 0x00, 0x00, 0x00, 0x00, 0x00, 0x00, 0x00, 0x00, 0x00, 0x00, 0x00, 0x00, 0x00, 0x00, 0x00,
    0x00, 0x00, 0x00, 0x00, 0x00, 0x00, 0x00, 0x00, 0x00, 0x00, 0x00, 0x00, 0x00, 0x00, 0x00, 0x00,
    0x00, 0x00, 0x00, 0x00, 0x00, 0x00, 0x00, 0x00, 0x00, 0x00, 0x00, 0x00, 0x00, 0x00, 0x00, 0x00,
    0x00, 0x00, 0x00, 0x00, 0x00, 0x00, 0x00, 0x00, 0x00, 0x00, 0x00, 0x00, 0x00, 0x00, 0x00, 0x00,
    0x00, 0x00, 0x00, 0x00, 0x00, 0x00, 0x00, 0x00, 0x00, 0x00, 0x00, 0x00, 0x07, 0x1F, 0x07, 0x3F,
    0x07, 0x3F, 0x07, 0x3F, 0x07, 0x3F, 0x00, 0x00, 0x00, 0x00, 0x00, 0x00, 0x00, 0x00, 0x00, 0x00,
    0x00, 0x00, 0x00, 0x00, 0x00, 0x00, 0x00, 0x00, 0x00, 0x00, 0x00, 0x00, 0x00, 0x00, 0x00, 0x00,
    0x00, 0x00, 0x00, 0x00, 0x00, 0x00, 0x00, 0x00, 0x00, 0x00, 0x00, 0x00, 0x00, 0x00, 0x00, 0x00,
    0x00, 0x00, 0x00, 0x00, 0x00, 0x00, 0x00, 0x00, 0x00, 0x00, 0x07, 0x3F, 0x07, 0x3F, 0x07, 0x3F,
    0x07, 0x3F, 0x00, 0x00, 0x00, 0x00, 0x00, 0x00, 0x00, 0x00, 0x00, 0x00, 0x00, 0x00, 0x00, 0x00,
    0x00, 0x00, 0x00, 0x00, 0x00, 0x00, 0x00, 0x00, 0x00, 0x00, 0x00, 0x00, 0x00, 0x00, 0x00, 0x00,
    0x07, 0x1F, 0x07, 0x3F, 0x07, 0x1F, 0x00, 0x00, 0x00, 0x00, 0x00, 0x00, 0x00, 0x00, 0x00, 0x00,
    0x00, 0x00, 0x00, 0x00, 0x00, 0x00, 0x00, 0x00, 0x00, 0x00, 0x00, 0x00, 0x00, 0x00, 0x00, 0x00,
    0x00, 0x00, 0x00, 0x00, 0x07, 0x1F, 0x07, 0x3F, 0x07, 0x1F, 0x00, 0x00, 0x00, 0x00, 0x00, 0x00,
    0x00, 0x00, 0x00, 0x00, 0x00, 0x00, 0x00, 0x00, 0x00, 0x00, 0x00, 0x00, 0x00, 0x00, 0x00, 0x00,
    0x00, 0x00, 0x00, 0x00, 0x00, 0x00, 0x00, 0x00, 0x07, 0x1F, 0x07, 0x1F, 0x07, 0x3F, 0x07, 0x1F,
    0x00, 0x00, 0x00, 0x00, 0x00, 0x00, 0x00, 0x00, 0x00, 0x00, 0x00, 0x00, 0x00, 0x00, 0x00, 0x00,
    0x00, 0x00, 0x00, 0x00, 0x00, 0x00, 0x00, 0x00, 0x00, 0x00, 0x00, 0x00, 0x00, 0x00, 0x07, 0x1F,
    0x07, 0x1F, 0x07, 0x3F, 0x07, 0x1F, 0x00, 0x00, 0x00, 0x00, 0x00, 0x00, 0x00, 0x00, 0x00, 0x00,
    0x00, 0x00, 0x00, 0x00, 0x00, 0x00, 0x00, 0x00, 0x00, 0x00, 0x00, 0x00, 0x00, 0x00, 0x07, 0x5F,
    0x07, 0x3F, 0x07, 0x3F, 0x07, 0x3F, 0x00, 0x00, 0x00, 0x00, 0x00, 0x00, 0x00, 0x00, 0x00, 0x00,
    0x00, 0x00, 0x00, 0x00, 0x00, 0x00, 0x00, 0x00, 0x00, 0x00, 0x00, 0x00, 0x00, 0x00, 0x00, 0x00,
    0x00, 0x00, 0x00, 0x00, 0x00, 0x00, 0x00, 0x00, 0x00, 0x00, 0x00, 0x00, 0x00, 0x00, 0x00, 0x00,
    0x00, 0x00, 0x00, 0x00, 0x00, 0x00, 0x00, 0x00, 0x07, 0x3F, 0x07, 0x3F, 0x07, 0x3F, 0x07, 0x3F,
    0x07, 0x3F, 0x00, 0x00, 0x00, 0x00, 0x00, 0x00, 0x00, 0x00, 0x00, 0x00, 0x00, 0x00, 0x00, 0x00,
    0x00, 0x00, 0x00, 0x00, 0x00, 0x00, 0x00, 0x00, 0x00, 0x00, 0x07, 0x1F, 0x07, 0x3F, 0x07, 0x3F,
    0x07, 0x3F, 0x07, 0x3F, 0x07, 0x3F, 0x07, 0x3F, 0x07, 0x3F, 0x07, 0x1F, 0x00, 0x00, 0x00, 0x00,
    0x00, 0x00, 0x00, 0x00, 0x00, 0x00, 0x00, 0x00, 0x00, 0x00, 0x00, 0x00, 0x00, 0x00, 0x07, 0x1F,
    0x07, 0x3F, 0x07, 0x3F, 0x07, 0x3F, 0x07, 0x3F, 0x07, 0x3F, 0x07, 0x3F, 0x07, 0x3F, 0x07, 0x1F,
    0x00, 0x00, 0x00, 0x00, 0x00, 0x00, 0x00, 0x00, 0x00, 0x00, 0x00, 0x00, 0x00, 0x00, 0x00, 0x00,
    0x00, 0x00, 0x00, 0x00, 0x07, 0x5F, 0x07, 0x3F, 0x07, 0x3F, 0x07, 0x3F, 0x07, 0x3F, 0x07, 0x3F,
    0x07, 0x3F, 0x07, 0x3F, 0x00, 0x00, 0x00, 0x00, 0x00, 0x00, 0x00, 0x00, 0x00, 0x00, 0x00, 0x00,
    0x00, 0x00, 0x00, 0x00, 0x00, 0x00, 0x00, 0x00, 0x00, 0x00, 0x07, 0x3F, 0x07, 0x3F, 0x07, 0x3F,
    0x07, 0x3F, 0x07, 0x3F, 0x07, 0x3F, 0x07, 0x3F, 0x07, 0x3F, 0x00, 0x00, 0x00, 0x00, 0x00, 0x00,
    0x00, 0x00, 0x00, 0x00, 0x00, 0x00, 0x00, 0x00, 0x00, 0x00, 0x00, 0x00, 0x00, 0x00, 0x07, 0x3F,
    0x07, 0x3F, 0x07, 0x3F, 0x07, 0x3F, 0x07, 0x3F, 0x00, 0x00, 0x00, 0x00, 0x00, 0x00, 0x00, 0x00,
    0x00, 0x00, 0x00, 0x00, 0x00, 0x00, 0x00, 0x00, 0x00, 0x00, 0x00, 0x00, 0x00, 0x00, 0x00, 0x00,
    0x00, 0x00, 0x00, 0x00, 0x00, 0x00, 0x00, 0x00, 0x00, 0x00, 0x00, 0x00, 0x00, 0x00, 0x00, 0x00,
    0x00, 0x00, 0x00, 0x00, 0x00, 0x00, 0x00, 0x00, 0x07, 0x3F, 0x07, 0x3F, 0x07, 0x3F, 0x07, 0x3F,
    0x07, 0x1F, 0x00, 0x00, 0x00, 0x00, 0x00, 0x00, 0x00, 0x00, 0x00, 0x00, 0x00, 0x00, 0x00, 0x00,
    0x00, 0x00, 0x00, 0x00, 0x00, 0x00, 0x00, 0x00, 0x07, 0x5F, 0x07, 0x5F, 0x07, 0x3F, 0x07, 0x3F,
    0x07, 0x3F, 0x07, 0x3F, 0x07, 0x3F, 0x07, 0x3F, 0x07, 0x3F, 0x07, 0x3F, 0x07, 0x3F, 0x00, 0x00,
    0x00, 0x00, 0x00, 0x00, 0x00, 0x00, 0x00, 0x00, 0x00, 0x00, 0x00, 0x00, 0x07, 0x3F, 0x07, 0x3F,
    0x07, 0x3F, 0x07, 0x3F, 0x07, 0x3F, 0x07, 0x3F, 0x07, 0x3F, 0x07, 0x3F, 0x07, 0x3F, 0x07, 0x3F,
    0x07, 0x3F, 0x00, 0x00, 0x00, 0x00, 0x00, 0x00, 0x00, 0x00, 0x00, 0x00, 0x00, 0x00, 0x00, 0x00,
    0x00, 0x00, 0x07, 0x3F, 0x07, 0x3F, 0x07, 0x3F, 0x07, 0x3F, 0x07, 0x3F, 0x07, 0x3F, 0x07, 0x3F,
    0x07, 0x3F, 0x07, 0x3F, 0x07, 0x3F, 0x00, 0x00, 0x00, 0x00, 0x00, 0x00, 0x00, 0x00, 0x00, 0x00,
    0x00, 0x00, 0x00, 0x00, 0x00, 0x00, 0x00, 0x00, 0x07, 0x3F, 0x07, 0x3F, 0x07, 0x3F, 0x07, 0x3F,
    0x07, 0x3F, 0x07, 0x3F, 0x07, 0x3F, 0x07, 0x3F, 0x07, 0x3F, 0x07, 0x3F, 0x00, 0x00, 0x00, 0x00,
    0x00, 0x00, 0x00, 0x00, 0x00, 0x00, 0x00, 0x00, 0x00, 0x00, 0x00, 0x00, 0x00, 0x00, 0x07, 0x1F,
    0x07, 0x3F, 0x07, 0x3F, 0x07, 0x3F, 0x07, 0x3F, 0x00, 0x00, 0x00, 0x00, 0x00, 0x00, 0x00, 0x00,
    0x00, 0x00, 0x00, 0x00, 0x00, 0x00, 0x00, 0x00, 0x00, 0x00, 0x00, 0x00, 0x00, 0x00, 0x00, 0x00,
    0x00, 0x00, 0x00, 0x00, 0x00, 0x00, 0x00, 0x00, 0x00, 0x00, 0x00, 0x00, 0x00, 0x00, 0x00, 0x00,
    0x00, 0x00, 0x00, 0x00, 0x00, 0x00, 0x00, 0x00, 0x07, 0x3F, 0x07, 0x3F, 0x07, 0x3F, 0x07, 0x3F,
    0x00, 0x00, 0x00, 0x00, 0x00, 0x00, 0x00, 0x00, 0x00, 0x00, 0x00, 0x00, 0x00, 0x00, 0x00, 0x00,
    0x00, 0x00, 0x00, 0x00, 0x00, 0x00, 0x07, 0x5F, 0x07, 0x5F, 0x07, 0x3F, 0x07, 0x3F, 0x07, 0x3F,
    0x07, 0x3F, 0x07, 0x1F, 0x07, 0x3F, 0x07, 0x3F, 0x07, 0x3F, 0x07, 0x3F, 0x07, 0x3F, 0x07, 0x1F,
    0x00, 0x00, 0x00, 0x00, 0x00, 0x00, 0x00, 0x00, 0x00, 0x00, 0x07, 0x5F, 0x07, 0x5F, 0x07, 0x3F,
    0x07, 0x3F, 0x07, 0x3F, 0x07, 0x3F, 0x07, 0x1F, 0x07, 0x3F, 0x07, 0x3F, 0x07, 0x5F, 0x07, 0x3F,
    0x07, 0x3F, 0x07, 0x3F, 0x00, 0x00, 0x00, 0x00, 0x00, 0x00, 0x00, 0x00, 0x00, 0x00, 0x00, 0x00,
    0x07, 0x5F, 0x07, 0x3F, 0x07, 0x3F, 0x07, 0x3F, 0x07, 0x3F, 0x07, 0x1F, 0x07, 0x1F, 0x07, 0x3F,
    0x07, 0x5F, 0x07, 0x3F, 0x07, 0x3F, 0x07, 0x5F, 0x00, 0x00, 0x00, 0x00, 0x00, 0x00, 0x00, 0x00,
    0x00, 0x00, 0x00, 0x00, 0x00, 0x00, 0x07, 0x3F, 0x07, 0x3F, 0x07, 0x3F, 0x07, 0x3F, 0x07, 0x3F,
    0x07, 0x1F, 0x07, 0x3F, 0x07, 0x3F, 0x07, 0x5F, 0x07, 0x3F, 0x07, 0x3F, 0x07, 0x3F, 0x00, 0x00,
    0x00, 0x00, 0x00, 0x00, 0x00, 0x00, 0x00, 0x00, 0x00, 0x00, 0x00, 0x00, 0x00, 0x00, 0x00, 0x00,
    0x07, 0x3F, 0x07, 0x3F, 0x07, 0x3F, 0x07, 0x5F, 0x00, 0x00, 0x00, 0x00, 0x00, 0x00, 0x00, 0x00,
    0x00, 0x00, 0x00, 0x00, 0x00, 0x00, 0x00, 0x00, 0x00, 0x00, 0x00, 0x00, 0x00, 0x00, 0x00, 0x00,
    0x00, 0x00, 0x00, 0x00, 0x00, 0x00, 0x00, 0x00, 0x00, 0x00, 0x00, 0x00, 0x00, 0x00, 0x00, 0x00,
    0x00, 0x00, 0x00, 0x00, 0x00, 0x00, 0x00, 0x00, 0x07, 0x3F, 0x07, 0x3F, 0x07, 0x3F, 0x07, 0x3F,
    0x00, 0x00, 0x00, 0x00, 0x00, 0x00, 0x00, 0x00, 0x00, 0x00, 0x00, 0x00, 0x00, 0x00, 0x00, 0x00,
    0x00, 0x00, 0x00, 0x00, 0x00, 0x00, 0x07, 0x3F, 0x07, 0x3F, 0x07, 0x3F, 0x07, 0x3F, 0x00, 0x00,
    0x00, 0x00, 0x00, 0x00, 0x00, 0x00, 0x00, 0x00, 0x07, 0x3F, 0x07, 0x3F, 0x07, 0x3F, 0x07, 0x3F,
    0x00, 0x00, 0x00, 0x00, 0x00, 0x00, 0x00, 0x00, 0x00, 0x00, 0x07, 0x3F, 0x07, 0x3F, 0x07, 0x3F,
    0x07, 0x3F, 0x00, 0x00, 0x00, 0x00, 0x00, 0x00, 0x00, 0x00, 0x00, 0x00, 0x07, 0x5F, 0x07, 0x3F,
    0x07, 0x3F, 0x07, 0x5F, 0x00, 0x00, 0x00, 0x00, 0x00, 0x00, 0x00, 0x00, 0x00, 0x00, 0x00, 0x00,
    0x07, 0x5F, 0x07, 0x3F, 0x07, 0x3F, 0x07, 0x3F, 0x00, 0x00, 0x00, 0x00, 0x00, 0x00, 0x00, 0x00,
    0x00, 0x00, 0x07, 0x5F, 0x07, 0x3F, 0x07, 0x3F, 0x07, 0x3F, 0x00, 0x00, 0x00, 0x00, 0x00, 0x00,
    0x00, 0x00, 0x00, 0x00, 0x07, 0x5F, 0x07, 0x3F, 0x07, 0x3F, 0x07, 0x3F, 0x07, 0x1F, 0x00, 0x00,
    0x00, 0x00, 0x00, 0x00, 0x00, 0x00, 0x07, 0x5F, 0x07, 0x5F, 0x07, 0x3F, 0x07, 0x3F, 0x07, 0x1F,
    0x00, 0x00, 0x00, 0x00, 0x00, 0x00, 0x00, 0x00, 0x00, 0x00, 0x00, 0x00, 0x00, 0x00, 0x00, 0x00,
    0x07, 0x3F, 0x07, 0x3F, 0x07, 0x3F, 0x07, 0x3F, 0x00, 0x00, 0x00, 0x00, 0x00, 0x00, 0x00, 0x00,
    0x00, 0x00, 0x00, 0x00, 0x00, 0x00, 0x00, 0x00, 0x00, 0x00, 0x00, 0x00, 0x00, 0x00, 0x00, 0x00,
    0x00, 0x00, 0x00, 0x00, 0x00, 0x00, 0x00, 0x00, 0x00, 0x00, 0x00, 0x00, 0x00, 0x00, 0x00, 0x00,
    0x00, 0x00, 0x00, 0x00, 0x00, 0x00, 0x07, 0x3F, 0x07, 0x3F, 0x07, 0x3F, 0x07, 0x3F, 0x07, 0x3F,
    0x00, 0x00, 0x00, 0x00, 0x00, 0x00, 0x00, 0x00, 0x00, 0x00, 0x00, 0x00, 0x00, 0x00, 0x00, 0x00,
    0x00, 0x00, 0x00, 0x00, 0x07, 0x5F, 0x07, 0x3F, 0x07, 0x3F, 0x07, 0x3F, 0x00, 0x00, 0x00, 0x00,
    0x00, 0x00, 0x00, 0x00, 0x00, 0x00, 0x00, 0x00, 0x00, 0x00, 0x07, 0x5F, 0x07, 0x3F, 0x07, 0x3F,
    0x07, 0x1F, 0x00, 0x00, 0x00, 0x00, 0x00, 0x00, 0x00, 0x00, 0x07, 0x3F, 0x07, 0x3F, 0x07, 0x3F,
    0x00, 0x00, 0x00, 0x00, 0x00, 0x00, 0x00, 0x00, 0x00, 0x00, 0x00, 0x00, 0x00, 0x00, 0x07, 0x3F,
    0x07, 0x3F, 0x07, 0x3F, 0x07, 0x1F, 0x00, 0x00, 0x00, 0x00, 0x00, 0x00, 0x00, 0x00, 0x07, 0x3F,
    0x07, 0x3F, 0x07, 0x3F, 0x07, 0x3F, 0x00, 0x00, 0x00, 0x00, 0x00, 0x00, 0x00, 0x00, 0x00, 0x00,
    0x00, 0x00, 0x07, 0x1F, 0x07, 0x3F, 0x07, 0x3F, 0x07, 0x5F, 0x00, 0x00, 0x00, 0x00, 0x00, 0x00,
    0x00, 0x00, 0x00, 0x00, 0x07, 0x3F, 0x07, 0x3F, 0x07, 0x3F, 0x07, 0x3F, 0x00, 0x00, 0x00, 0x00,
    0x00, 0x00, 0x00, 0x00, 0x00, 0x00, 0x00, 0x00, 0x07, 0x3F, 0x07, 0x3F, 0x07, 0x3F, 0x07, 0x3F,
    0x00, 0x00, 0x00, 0x00, 0x00, 0x00, 0x00, 0x00, 0x00, 0x00, 0x00, 0x00, 0x00, 0x00, 0x00, 0x00,
    0x07, 0x3F, 0x07, 0x3F, 0x07, 0x3F, 0x07, 0x3F, 0x07, 0x3F, 0x00, 0x00, 0x00, 0x00, 0x00, 0x00,
    0x00, 0x00, 0x00, 0x00, 0x00, 0x00, 0x00, 0x00, 0x00, 0x00, 0x00, 0x00, 0x00, 0x00, 0x00, 0x00,
    0x00, 0x00, 0x00, 0x00, 0x00, 0x00, 0x00, 0x00, 0x00, 0x00, 0x00, 0x00, 0x00, 0x00, 0x00, 0x00,
    0x00, 0x00, 0x00, 0x00, 0x00, 0x00, 0x07, 0x3F, 0x07, 0x3F, 0x07, 0x3F, 0x07, 0x3F, 0x07, 0x3F,
    0x00, 0x00, 0x00, 0x00, 0x00, 0x00, 0x00, 0x00, 0x00, 0x00, 0x00, 0x00, 0x00, 0x00, 0x00, 0x00,
    0x00, 0x00, 0x00, 0x00, 0x07, 0x3F, 0x07, 0x3F, 0x07, 0x3F, 0x00, 0x00, 0x00, 0x00, 0x00, 0x00,
    0x00, 0x00, 0x00, 0x00, 0x00, 0x00, 0x00, 0x00, 0x00, 0x00, 0x07, 0x3F, 0x07, 0x3F, 0x07, 0x3F,
    0x07, 0x1F, 0x00, 0x00, 0x00, 0x00, 0x00, 0x00, 0x00, 0x00, 0x07, 0x3F, 0x07, 0x3F, 0x07, 0x3F,
    0x00, 0x00, 0x00, 0x00, 0x00, 0x00, 0x00, 0x00, 0x00, 0x00, 0x00, 0x00, 0x00, 0x00, 0x07, 0x3F,
    0x07, 0x3F, 0x07, 0x3F, 0x07, 0x3F, 0x00, 0x00, 0x00, 0x00, 0x00, 0x00, 0x00, 0x00, 0x07, 0x3F,
    0x07, 0x3F, 0x07, 0x3F, 0x07, 0x1F, 0x00, 0x00, 0x00, 0x00, 0x00, 0x00, 0x00, 0x00, 0x00, 0x00,
    0x00, 0x00, 0x00, 0x00, 0x07, 0x3F, 0x07, 0x3F, 0x07, 0x3F, 0x07, 0x1F, 0x00, 0x00, 0x00, 0x00,
    0x00, 0x00, 0x00, 0x00, 0x07, 0x5F, 0x07, 0x3F, 0x07, 0x3F, 0x00, 0x00, 0x00, 0x00, 0x00, 0x00,
    0x00, 0x00, 0x00, 0x00, 0x00, 0x00, 0x00, 0x00, 0x00, 0x00, 0x07, 0x5F, 0x07, 0x3F, 0x07, 0x3F,
    0x00, 0x00, 0x00, 0x00, 0x00, 0x00, 0x00, 0x00, 0x00, 0x00, 0x00, 0x00, 0x00, 0x00, 0x00, 0x00,
    0x07, 0x5F, 0x07, 0x3F, 0x07, 0x3F, 0x07, 0x3F, 0x07, 0x3F, 0x00, 0x00, 0x00, 0x00, 0x00, 0x00,
    0x00, 0x00, 0x00, 0x00, 0x00, 0x00, 0x00, 0x00, 0x00, 0x00, 0x00, 0x00, 0x00, 0x00, 0x00, 0x00,
    0x00, 0x00, 0x00, 0x00, 0x00, 0x00, 0x00, 0x00, 0x00, 0x00, 0x00, 0x00, 0x00, 0x00, 0x00, 0x00,
    0x00, 0x00, 0x00, 0x00, 0x00, 0x00, 0x07, 0x3F, 0x07, 0x3F, 0x07, 0x3F, 0x07, 0x3F, 0x00, 0x00,
    0x00, 0x00, 0x00, 0x00, 0x00, 0x00, 0x00, 0x00, 0x00, 0x00, 0x00, 0x00, 0x00, 0x00, 0x00, 0x00,
    0x00, 0x00, 0x00, 0x00, 0x07, 0x3F, 0x07, 0x3F, 0x07, 0x3F, 0x00, 0x00, 0x00, 0x00, 0x00, 0x00,
    0x00, 0x00, 0x00, 0x00, 0x00, 0x00, 0x00, 0x00, 0x00, 0x00, 0x00, 0x00, 0x00, 0x00, 0x00, 0x00,
    0x00, 0x00, 0x00, 0x00, 0x00, 0x00, 0x00, 0x00, 0x00, 0x00, 0x07, 0x3F, 0x07, 0x3F, 0x07, 0x3F,
    0x00, 0x00, 0x00, 0x00, 0x00, 0x00, 0x00, 0x00, 0x00, 0x00, 0x00, 0x00, 0x00, 0x00, 0x07, 0x3F,
    0x07, 0x3F, 0x07, 0x3F, 0x07, 0x3F, 0x00, 0x00, 0x00, 0x00, 0x00, 0x00, 0x00, 0x00, 0x07, 0x5F,
    0x07, 0x3F, 0x07, 0x3F, 0x00, 0x00, 0x00, 0x00, 0x00, 0x00, 0x00, 0x00, 0x00, 0x00, 0x00, 0x00,
    0x00, 0x00, 0x00, 0x00, 0x07, 0x3F, 0x07, 0x3F, 0x07, 0x3F, 0x07, 0x3F, 0x00, 0x00, 0x00, 0x00,
    0x00, 0x00, 0x07, 0x3F, 0x07, 0x3F, 0x07, 0x3F, 0x07, 0x3F, 0x00, 0x00, 0x00, 0x00, 0x00, 0x00,
    0x00, 0x00, 0x00, 0x00, 0x00, 0x00, 0x00, 0x00, 0x00, 0x00, 0x07, 0x3F, 0x07, 0x3F, 0x07, 0x3F,
    0x07, 0x1F, 0x00, 0x00, 0x00, 0x00, 0x00, 0x00, 0x00, 0x00, 0x00, 0x00, 0x00, 0x00, 0x00, 0x00,
    0x00, 0x00, 0x07, 0x3F, 0x07, 0x3F, 0x07, 0x3F, 0x07, 0x3F, 0x00, 0x00, 0x00, 0x00, 0x00, 0x00,
    0x00, 0x00, 0x00, 0x00, 0x00, 0x00, 0x00, 0x00, 0x00, 0x00, 0x00, 0x00, 0x00, 0x00, 0x00, 0x00,
    0x00, 0x00, 0x00, 0x00, 0x00, 0x00, 0x00, 0x00, 0x00, 0x00, 0x00, 0x00, 0x00, 0x00, 0x00, 0x00,
    0x00, 0x00, 0x00, 0x00, 0x00, 0x00, 0x07, 0x3F, 0x07, 0x3F, 0x07, 0x3F, 0x07, 0x3F, 0x00, 0x00,
    0x00, 0x00, 0x00, 0x00, 0x00, 0x00, 0x00, 0x00, 0x00, 0x00, 0x00, 0x00, 0x00, 0x00, 0x00, 0x00,
    0x00, 0x00, 0x07, 0x1F, 0x07, 0x3F, 0x07, 0x3F, 0x07, 0x3F, 0x00, 0x00, 0x00, 0x00, 0x07, 0x1F,
    0x07, 0x3F, 0x07, 0x3F, 0x07, 0x3F, 0x07, 0x1F, 0x00, 0x00, 0x00, 0x00, 0x00, 0x00, 0x00, 0x00,
    0x00, 0x00, 0x00, 0x00, 0x00, 0x00, 0x00, 0x00, 0x00, 0x00, 0x07, 0x3F, 0x07, 0x3F, 0x07, 0x3F,
    0x07, 0x1F, 0x00, 0x00, 0x00, 0x00, 0x00, 0x00, 0x00, 0x00, 0x00, 0x00, 0x00, 0x00, 0x07, 0x3F,
    0x07, 0x3F, 0x07, 0x3F, 0x00, 0x00, 0x00, 0x00, 0x00, 0x00, 0x00, 0x00, 0x07, 0x1F, 0x07, 0x3F,
    0x07, 0x3F, 0x07, 0x3F, 0x00, 0x00, 0x00, 0x00, 0x00, 0x00, 0x00, 0x00, 0x00, 0x00, 0x00, 0x00,
    0x00, 0x00, 0x00, 0x00, 0x07, 0x1F, 0x07, 0x3F, 0x07, 0x3F, 0x07, 0x3F, 0x00, 0x00, 0x00, 0x00,
    0x00, 0x00, 0x07, 0x3F, 0x07, 0x3F, 0x07, 0x3F, 0x07, 0x3F, 0x00, 0x00, 0x00, 0x00, 0x00, 0x00,
    0x00, 0x00, 0x00, 0x00, 0x00, 0x00, 0x00, 0x00, 0x00, 0x00, 0x07, 0x3F, 0x07, 0x3F, 0x07, 0x3F,
    0x07, 0x3F, 0x00, 0x00, 0x00, 0x00, 0x00, 0x00, 0x00, 0x00, 0x00, 0x00, 0x00, 0x00, 0x00, 0x00,
    0x00, 0x00, 0x07, 0x3F, 0x07, 0x3F, 0x07, 0x3F, 0x07, 0x3F, 0x00, 0x00, 0x00, 0x00, 0x00, 0x00,
    0x00, 0x00, 0x00, 0x00, 0x00, 0x00, 0x00, 0x00, 0x00, 0x00, 0x00, 0x00, 0x00, 0x00, 0x00, 0x00,
    0x00, 0x00, 0x00, 0x00, 0x00, 0x00, 0x00, 0x00, 0x00, 0x00, 0x00, 0x00, 0x00, 0x00, 0x00, 0x00,
    0x00, 0x00, 0x00, 0x00, 0x00, 0x00, 0x07, 0x3F, 0x07, 0x3F, 0x07, 0x3F, 0x07, 0x3F, 0x00, 0x00,
    0x00, 0x00, 0x00, 0x00, 0x00, 0x00, 0x00, 0x00, 0x00, 0x00, 0x00, 0x00, 0x00, 0x00, 0x00, 0x00,
    0x00, 0x00, 0x07, 0x3F, 0x07, 0x3F, 0x07, 0x3F, 0x07, 0x3F, 0x07, 0x1F, 0x07, 0x3F, 0x07, 0x3F,
    0x07, 0x3F, 0x07, 0x3F, 0x07, 0x3F, 0x07, 0x3F, 0x07, 0x3F, 0x07, 0x1F, 0x00, 0x00, 0x00, 0x00,
    0x00, 0x00, 0x00, 0x00, 0x00, 0x00, 0x00, 0x00, 0x00, 0x00, 0x07, 0x3F, 0x07, 0x3F, 0x07, 0x3F,
    0x07, 0x3F, 0x07, 0x1F, 0x00, 0x00, 0x00, 0x00, 0x00, 0x00, 0x00, 0x00, 0x07, 0x3F, 0x07, 0x3F,
    0x07, 0x3F, 0x07, 0x3F, 0x00, 0x00, 0x00, 0x00, 0x00, 0x00, 0x00, 0x00, 0x07, 0x3F, 0x07, 0x3F,
    0x07, 0x3F, 0x07, 0x3F, 0x00, 0x00, 0x00, 0x00, 0x00, 0x00, 0x00, 0x00, 0x00, 0x00, 0x00, 0x00,
    0x00, 0x00, 0x00, 0x00, 0x00, 0x00, 0x07, 0x3F, 0x07, 0x3F, 0x07, 0x3F, 0x00, 0x00, 0x00, 0x00,
    0x00, 0x00, 0x07, 0x3F, 0x07, 0x3F, 0x07, 0x3F, 0x07, 0x1F, 0x00, 0x00, 0x00, 0x00, 0x00, 0x00,
    0x00, 0x00, 0x00, 0x00, 0x00, 0x00, 0x00, 0x00, 0x00, 0x00, 0x07, 0x5F, 0x07, 0x3F, 0x07, 0x3F,
    0x07, 0x3F, 0x00, 0x00, 0x00, 0x00, 0x00, 0x00, 0x00, 0x00, 0x00, 0x00, 0x00, 0x00, 0x00, 0x00,
    0x00, 0x00, 0x07, 0x3F, 0x07, 0x3F, 0x07, 0x3F, 0x07, 0x3F, 0x00, 0x00, 0x00, 0x00, 0x00, 0x00,
    0x00, 0x00, 0x00, 0x00, 0x00, 0x00, 0x00, 0x00, 0x00, 0x00, 0x00, 0x00, 0x00, 0x00, 0x00, 0x00,
    0x00, 0x00, 0x00, 0x00, 0x00, 0x00, 0x00, 0x00, 0x00, 0x00, 0x00, 0x00, 0x00, 0x00, 0x00, 0x00,
    0x00, 0x00, 0x00, 0x00, 0x00, 0x00, 0x07, 0x3F, 0x07, 0x3F, 0x07, 0x3F, 0x07, 0x3F, 0x00, 0x00,
    0x00, 0x00, 0x00, 0x00, 0x00, 0x00, 0x00, 0x00, 0x00, 0x00, 0x00, 0x00, 0x00, 0x00, 0x00, 0x00,
    0x00, 0x00, 0x07, 0x3F, 0x07, 0x3F, 0x07, 0x3F, 0x07, 0x3F, 0x07, 0x5F, 0x07, 0x3F, 0x07, 0x3F,
    0x07, 0x3F, 0x07, 0x3F, 0x07, 0x3F, 0x07, 0x3F, 0x07, 0x3F, 0x07, 0x3F, 0x07, 0x3F, 0x00, 0x00,
    0x00, 0x00, 0x00, 0x00, 0x00, 0x00, 0x00, 0x00, 0x00, 0x00, 0x00, 0x00, 0x07, 0x3F, 0x07, 0x3F,
    0x07, 0x3F, 0x07, 0x3F, 0x07, 0x3F, 0x07, 0x3F, 0x07, 0x3F, 0x07, 0x5F, 0x07, 0x3F, 0x07, 0x3F,
    0x07, 0x3F, 0x00, 0x00, 0x00, 0x00, 0x00, 0x00, 0x00, 0x00, 0x00, 0x00, 0x07, 0x3F, 0x07, 0x3F,
    0x07, 0x3F, 0x07, 0x3F, 0x00, 0x00, 0x00, 0x00, 0x00, 0x00, 0x00, 0x00, 0x00, 0x00, 0x00, 0x00,
    0x00, 0x00, 0x00, 0x00, 0x00, 0x00, 0x07, 0x3F, 0x07, 0x3F, 0x07, 0x3F, 0x00, 0x00, 0x00, 0x00,
    0x00, 0x00, 0x07, 0x3F, 0x07, 0x3F, 0x07, 0x3F, 0x00, 0x00, 0x00, 0x00, 0x00, 0x00, 0x00, 0x00,
    0x00, 0x00, 0x00, 0x00, 0x00, 0x00, 0x00, 0x00, 0x00, 0x00, 0x00, 0x00, 0x07, 0x3F, 0x07, 0x3F,
    0x07, 0x3F, 0x00, 0x00, 0x00, 0x00, 0x00, 0x00, 0x00, 0x00, 0x00, 0x00, 0x00, 0x00, 0x00, 0x00,
    0x00, 0x00, 0x07, 0x3F, 0x07, 0x3F, 0x07, 0x3F, 0x07, 0x3F, 0x00, 0x00, 0x00, 0x00, 0x00, 0x00,
    0x00, 0x00, 0x00, 0x00, 0x00, 0x00, 0x00, 0x00, 0x00, 0x00, 0x00, 0x00, 0x00, 0x00, 0x00, 0x00,
    0x00, 0x00, 0x00, 0x00, 0x00, 0x00, 0x00, 0x00, 0x00, 0x00, 0x00, 0x00, 0x00, 0x00, 0x00, 0x00,
    0x00, 0x00, 0x00, 0x00, 0x00, 0x00, 0x07, 0x3F, 0x07, 0x3F, 0x07, 0x3F, 0x07, 0x3F, 0x00, 0x00,
    0x00, 0x00, 0x00, 0x00, 0x00, 0x00, 0x00, 0x00, 0x00, 0x00, 0x00, 0x00, 0x00, 0x00, 0x00, 0x00,
    0x00, 0x00, 0x07, 0x3F, 0x07, 0x3F, 0x07, 0x3F, 0x07, 0x3F, 0x07, 0x3F, 0x07, 0x3F, 0x07, 0x3F,
    0x07, 0x1F, 0x00, 0x00, 0x07, 0x3F, 0x07, 0x3F, 0x07, 0x3F, 0x07, 0x3F, 0x07, 0x3F, 0x07, 0x1F,
    0x00, 0x00, 0x00, 0x00, 0x00, 0x00, 0x00, 0x00, 0x00, 0x00, 0x00, 0x00, 0x00, 0x00, 0x07, 0x3F,
    0x07, 0x5F, 0x07, 0x3F, 0x07, 0x3F, 0x07, 0x3F, 0x07, 0x3F, 0x07, 0x3F, 0x07, 0x3F, 0x07, 0x3F,
    0x00, 0x00, 0x00, 0x00, 0x00, 0x00, 0x00, 0x00, 0x00, 0x00, 0x00, 0x00, 0x07, 0x3F, 0x07, 0x3F,
    0x07, 0x3F, 0x07, 0x3F, 0x00, 0x00, 0x00, 0x00, 0x00, 0x00, 0x00, 0x00, 0x00, 0x00, 0x00, 0x00,
    0x00, 0x00, 0x00, 0x00, 0x00, 0x00, 0x07, 0x3F, 0x07, 0x3F, 0x07, 0x3F, 0x00, 0x00, 0x00, 0x00,
    0x00, 0x00, 0x07, 0x3F, 0x07, 0x3F, 0x07, 0x3F, 0x00, 0x00, 0x00, 0x00, 0x00, 0x00, 0x00, 0x00,
    0x00, 0x00, 0x00, 0x00, 0x00, 0x00, 0x00, 0x00, 0x00, 0x00, 0x00, 0x00, 0x07, 0x3F, 0x07, 0x3F,
    0x07, 0x3F, 0x00, 0x00, 0x00, 0x00, 0x00, 0x00, 0x00, 0x00, 0x00, 0x00, 0x00, 0x00, 0x00, 0x00,
    0x00, 0x00, 0x07, 0x3F, 0x07, 0x3F, 0x07, 0x3F, 0x07, 0x3F, 0x00, 0x00, 0x00, 0x00, 0x00, 0x00,
    0x00, 0x00, 0x00, 0x00, 0x00, 0x00, 0x00, 0x00, 0x00, 0x00, 0x00, 0x00, 0x00, 0x00, 0x00, 0x00,
    0x00, 0x00, 0x00, 0x00, 0x00, 0x00, 0x00, 0x00, 0x00, 0x00, 0x00, 0x00, 0x00, 0x00, 0x00, 0x00,
    0x00, 0x00, 0x00, 0x00, 0x00, 0x00, 0x07, 0x3F, 0x07, 0x3F, 0x07, 0x3F, 0x07, 0x3F, 0x00, 0x00,
    0x00, 0x00, 0x00, 0x00, 0x00, 0x00, 0x00, 0x00, 0x00, 0x00, 0x00, 0x00, 0x00, 0x00, 0x00, 0x00,
    0x00, 0x00, 0x07, 0x3F, 0x07, 0x3F, 0x07, 0x3F, 0x07, 0x3F, 0x07, 0x3F, 0x07, 0x1F, 0x00, 0x00,
    0x00, 0x00, 0x00, 0x00, 0x00, 0x00, 0x00, 0x00, 0x07, 0x3F, 0x07, 0x3F, 0x07, 0x3F, 0x07, 0x5F,
    0x00, 0x00, 0x00, 0x00, 0x00, 0x00, 0x00, 0x00, 0x00, 0x00, 0x00, 0x00, 0x07, 0x5F, 0x07, 0x3F,
    0x07, 0x3F, 0x07, 0x3F, 0x07, 0x3F, 0x07, 0x3F, 0x07, 0x3F, 0x07, 0x3F, 0x07, 0x3F, 0x07, 0x3F,
    0x07, 0x3F, 0x07, 0x1F, 0x00, 0x00, 0x00, 0x00, 0x00, 0x00, 0x00, 0x00, 0x07, 0x3F, 0x07, 0x3F,
    0x07, 0x3F, 0x07, 0x3F, 0x00, 0x00, 0x00, 0x00, 0x00, 0x00, 0x00, 0x00, 0x00, 0x00, 0x00, 0x00,
    0x00, 0x00, 0x00, 0x00, 0x00, 0x00, 0x07, 0x3F, 0x07, 0x3F, 0x07, 0x3F, 0x00, 0x00, 0x00, 0x00,
    0x00, 0x00, 0x07, 0x3F, 0x07, 0x3F, 0x07, 0x3F, 0x00, 0x00, 0x00, 0x00, 0x00, 0x00, 0x00, 0x00,
    0x00, 0x00, 0x00, 0x00, 0x00, 0x00, 0x00, 0x00, 0x00, 0x00, 0x00, 0x00, 0x07, 0x3F, 0x07, 0x3F,
    0x07, 0x3F, 0x00, 0x00, 0x00, 0x00, 0x00, 0x00, 0x00, 0x00, 0x00, 0x00, 0x00, 0x00, 0x00, 0x00,
    0x00, 0x00, 0x07, 0x3F, 0x07, 0x3F, 0x07, 0x3F, 0x07, 0x3F, 0x00, 0x00, 0x00, 0x00, 0x00, 0x00,
    0x00, 0x00, 0x00, 0x00, 0x00, 0x00, 0x00, 0x00, 0x00, 0x00, 0x00, 0x00, 0x00, 0x00, 0x00, 0x00,
    0x00, 0x00, 0x00, 0x00, 0x00, 0x00, 0x00, 0x00, 0x00, 0x00, 0x00, 0x00, 0x00, 0x00, 0x00, 0x00,
    0x00, 0x00, 0x00, 0x00, 0x00, 0x00, 0x07, 0x3F, 0x07, 0x3F, 0x07, 0x3F, 0x07, 0x3F, 0x00, 0x00,
    0x00, 0x00, 0x00, 0x00, 0x00, 0x00, 0x00, 0x00, 0x00, 0x00, 0x00, 0x00, 0x00, 0x00, 0x00, 0x00,
    0x00, 0x00, 0x07, 0x3F, 0x07, 0x3F, 0x07, 0x3F, 0x07, 0x3F, 0x07, 0x1F, 0x00, 0x00, 0x00, 0x00,
    0x00, 0x00, 0x00, 0x00, 0x00, 0x00, 0x00, 0x00, 0x00, 0x00, 0x07, 0x5F, 0x07, 0x3F, 0x07, 0x3F,
    0x07, 0x1F, 0x00, 0x00, 0x00, 0x00, 0x00, 0x00, 0x00, 0x00, 0x07, 0x5F, 0x07, 0x3F, 0x07, 0x3F,
    0x07, 0x3F, 0x07, 0x3F, 0x00, 0x00, 0x00, 0x00, 0x00, 0x00, 0x07, 0x5F, 0x07, 0x3F, 0x07, 0x3F,
    0x07, 0x3F, 0x07, 0x3F, 0x00, 0x00, 0x00, 0x00, 0x00, 0x00, 0x00, 0x00, 0x07, 0x3F, 0x07, 0x3F,
    0x07, 0x3F, 0x07, 0x3F, 0x00, 0x00, 0x00, 0x00, 0x00, 0x00, 0x00, 0x00, 0x00, 0x00, 0x00, 0x00,
    0x00, 0x00, 0x00, 0x00, 0x00, 0x00, 0x07, 0x3F, 0x07, 0x3F, 0x07, 0x3F, 0x00, 0x00, 0x00, 0x00,
    0x00, 0x00, 0x07, 0x3F, 0x07, 0x3F, 0x07, 0x3F, 0x00, 0x00, 0x00, 0x00, 0x00, 0x00, 0x00, 0x00,
    0x00, 0x00, 0x00, 0x00, 0x00, 0x00, 0x00, 0x00, 0x00, 0x00, 0x00, 0x00, 0x07, 0x3F, 0x07, 0x3F,
    0x07, 0x3F, 0x00, 0x00, 0x00, 0x00, 0x00, 0x00, 0x00, 0x00, 0x00, 0x00, 0x00, 0x00, 0x00, 0x00,
    0x00, 0x00, 0x07, 0x3F, 0x07, 0x3F, 0x07, 0x3F, 0x07, 0x3F, 0x00, 0x00, 0x00, 0x00, 0x00, 0x00,
    0x00, 0x00, 0x00, 0x00, 0x00, 0x00, 0x00, 0x00, 0x00, 0x00, 0x00, 0x00, 0x00, 0x00, 0x00, 0x00,
    0x00, 0x00, 0x00, 0x00, 0x00, 0x00, 0x00, 0x00, 0x00, 0x00, 0x00, 0x00, 0x00, 0x00, 0x00, 0x00,
    0x00, 0x00, 0x00, 0x00, 0x00, 0x00, 0x07, 0x3F, 0x07, 0x3F, 0x07, 0x3F, 0x07, 0x3F, 0x00, 0x00,
    0x00, 0x00, 0x00, 0x00, 0x00, 0x00, 0x00, 0x00, 0x00, 0x00, 0x00, 0x00, 0x00, 0x00, 0x00, 0x00,
    0x00, 0x00, 0x07, 0x3F, 0x07, 0x3F, 0x07, 0x3F, 0x07, 0x3F, 0x00, 0x00, 0x00, 0x00, 0x00, 0x00,
    0x00, 0x00, 0x00, 0x00, 0x00, 0x00, 0x00, 0x00, 0x00, 0x00, 0x07, 0x3F, 0x07, 0x3F, 0x07, 0x3F,
    0x07, 0x3F, 0x00, 0x00, 0x00, 0x00, 0x00, 0x00, 0x07, 0x5F, 0x07, 0x3F, 0x07, 0x3F, 0x07, 0x3F,
    0x00, 0x00, 0x00, 0x00, 0x00, 0x00, 0x00, 0x00, 0x00, 0x00, 0x00, 0x00, 0x00, 0x00, 0x07, 0x3F,
    0x07, 0x3F, 0x07, 0x3F, 0x07, 0x3F, 0x00, 0x00, 0x00, 0x00, 0x00, 0x00, 0x07, 0x3F, 0x07, 0x3F,
    0x07, 0x3F, 0x07, 0x3F, 0x00, 0x00, 0x00, 0x00, 0x00, 0x00, 0x00, 0x00, 0x00, 0x00, 0x00, 0x00,
    0x00, 0x00, 0x00, 0x00, 0x00, 0x00, 0x07, 0x3F, 0x07, 0x3F, 0x07, 0x3F, 0x00, 0x00, 0x00, 0x00,
    0x00, 0x00, 0x07, 0x3F, 0x07, 0x3F, 0x07, 0x3F, 0x07, 0x1F, 0x00, 0x00, 0x00, 0x00, 0x00, 0x00,
    0x00, 0x00, 0x00, 0x00, 0x00, 0x00, 0x00, 0x00, 0x00, 0x00, 0x07, 0x5F, 0x07, 0x3F, 0x07, 0x3F,
    0x07, 0x3F, 0x00, 0x00, 0x00, 0x00, 0x00, 0x00, 0x00, 0x00, 0x00, 0x00, 0x00, 0x00, 0x00, 0x00,
    0x00, 0x00, 0x07, 0x3F, 0x07, 0x3F, 0x07, 0x3F, 0x07, 0x3F, 0x00, 0x00, 0x00, 0x00, 0x00, 0x00,
    0x00, 0x00, 0x00, 0x00, 0x00, 0x00, 0x00, 0x00, 0x00, 0x00, 0x00, 0x00, 0x00, 0x00, 0x00, 0x00,
    0x00, 0x00, 0x00, 0x00, 0x00, 0x00, 0x00, 0x00, 0x00, 0x00, 0x00, 0x00, 0x00, 0x00, 0x00, 0x00,
    0x00, 0x00, 0x00, 0x00, 0x00, 0x00, 0x07, 0x3F, 0x07, 0x3F, 0x07, 0x3F, 0x07, 0x3F, 0x00, 0x00,
    0x00, 0x00, 0x00, 0x00, 0x00, 0x00, 0x00, 0x00, 0x00, 0x00, 0x00, 0x00, 0x00, 0x00, 0x00, 0x00,
    0x00, 0x00, 0x07, 0x3F, 0x07, 0x3F, 0x07, 0x3F, 0x07, 0x3F, 0x00, 0x00, 0x00, 0x00, 0x00, 0x00,
    0x00, 0x00, 0x00, 0x00, 0x00, 0x00, 0x00, 0x00, 0x00, 0x00, 0x07, 0x5F, 0x07, 0x3F, 0x07, 0x3F,
    0x07, 0x3F, 0x00, 0x00, 0x00, 0x00, 0x00, 0x00, 0x07, 0x3F, 0x07, 0x3F, 0x07, 0x3F, 0x07, 0x1F,
    0x00, 0x00, 0x00, 0x00, 0x00, 0x00, 0x00, 0x00, 0x00, 0x00, 0x00, 0x00, 0x00, 0x00, 0x00, 0x00,
    0x07, 0x3F, 0x07, 0x3F, 0x07, 0x5F, 0x00, 0x00, 0x00, 0x00, 0x00, 0x00, 0x07, 0x5F, 0x07, 0x3F,
    0x07, 0x3F, 0x07, 0x3F, 0x00, 0x00, 0x00, 0x00, 0x00, 0x00, 0x00, 0x00, 0x00, 0x00, 0x00, 0x00,
    0x00, 0x00, 0x00, 0x00, 0x00, 0x00, 0x07, 0x3F, 0x07, 0x3F, 0x07, 0x3F, 0x00, 0x00, 0x00, 0x00,
    0x00, 0x00, 0x07, 0x3F, 0x07, 0x3F, 0x07, 0x3F, 0x07, 0x3F, 0x00, 0x00, 0x00, 0x00, 0x00, 0x00,
    0x00, 0x00, 0x00, 0x00, 0x00, 0x00, 0x00, 0x00, 0x00, 0x00, 0x07, 0x3F, 0x07, 0x3F, 0x07, 0x3F,
    0x07, 0x3F, 0x00, 0x00, 0x00, 0x00, 0x00, 0x00, 0x00, 0x00, 0x00, 0x00, 0x00, 0x00, 0x00, 0x00,
    0x00, 0x00, 0x07, 0x3F, 0x07, 0x3F, 0x07, 0x3F, 0x07, 0x3F, 0x00, 0x00, 0x00, 0x00, 0x00, 0x00,
    0x00, 0x00, 0x00, 0x00, 0x00, 0x00, 0x00, 0x00, 0x00, 0x00, 0x00, 0x00, 0x00, 0x00, 0x00, 0x00,
    0x00, 0x00, 0x00, 0x00, 0x00, 0x00, 0x00, 0x00, 0x00, 0x00, 0x00, 0x00, 0x00, 0x00, 0x00, 0x00,
    0x00, 0x00, 0x00, 0x00, 0x00, 0x00, 0x07, 0x3F, 0x07, 0x3F, 0x07, 0x3F, 0x07, 0x3F, 0x00, 0x00,
    0x00, 0x00, 0x00, 0x00, 0x00, 0x00, 0x00, 0x00, 0x00, 0x00, 0x00, 0x00, 0x00, 0x00, 0x00, 0x00,
    0x00, 0x00, 0x07, 0x5F, 0x07, 0x3F, 0x07, 0x3F, 0x07, 0x3F, 0x00, 0x00, 0x00, 0x00, 0x00, 0x00,
    0x00, 0x00, 0x00, 0x00, 0x00, 0x00, 0x00, 0x00, 0x00, 0x00, 0x07, 0x3F, 0x07, 0x3F, 0x07, 0x3F,
    0x07, 0x3F, 0x00, 0x00, 0x00, 0x00, 0x00, 0x00, 0x07, 0x3F, 0x07, 0x3F, 0x07, 0x3F, 0x00, 0x00,
    0x00, 0x00, 0x00, 0x00, 0x00, 0x00, 0x00, 0x00, 0x00, 0x00, 0x00, 0x00, 0x00, 0x00, 0x00, 0x00,
    0x07, 0x3F, 0x07, 0x3F, 0x07, 0x3F, 0x00, 0x00, 0x00, 0x00, 0x00, 0x00, 0x00, 0x00, 0x07, 0x3F,
    0x07, 0x3F, 0x07, 0x5F, 0x00, 0x00, 0x00, 0x00, 0x00, 0x00, 0x00, 0x00, 0x00, 0x00, 0x00, 0x00,
    0x00, 0x00, 0x00, 0x00, 0x07, 0x3F, 0x07, 0x3F, 0x07, 0x3F, 0x07, 0x3F, 0x00, 0x00, 0x00, 0x00,
    0x00, 0x00, 0x07, 0x5F, 0x07, 0x3F, 0x07, 0x3F, 0x07, 0x3F, 0x00, 0x00, 0x00, 0x00, 0x00, 0x00,
    0x00, 0x00, 0x00, 0x00, 0x00, 0x00, 0x00, 0x00, 0x00, 0x00, 0x07, 0x3F, 0x07, 0x3F, 0x07, 0x3F,
    0x07, 0x1F, 0x00, 0x00, 0x00, 0x00, 0x00, 0x00, 0x00, 0x00, 0x00, 0x00, 0x00, 0x00, 0x00, 0x00,
    0x00, 0x00, 0x07, 0x3F, 0x07, 0x3F, 0x07, 0x3F, 0x07, 0x3F, 0x00, 0x00, 0x00, 0x00, 0x00, 0x00,
    0x00, 0x00, 0x00, 0x00, 0x00, 0x00, 0x00, 0x00, 0x00, 0x00, 0x00, 0x00, 0x00, 0x00, 0x00, 0x00,
    0x00, 0x00, 0x00, 0x00, 0x00, 0x00, 0x00, 0x00, 0x00, 0x00, 0x00, 0x00, 0x00, 0x00, 0x00, 0x00,
    0x00, 0x00, 0x00, 0x00, 0x00, 0x00, 0x07, 0x3F, 0x07, 0x3F, 0x07, 0x3F, 0x07, 0x3F, 0x00, 0x00,
    0x00, 0x00, 0x00, 0x00, 0x00, 0x00, 0x00, 0x00, 0x00, 0x00, 0x00, 0x00, 0x00, 0x00, 0x00, 0x00,
    0x00, 0x00, 0x00, 0x00, 0x07, 0x3F, 0x07, 0x3F, 0x07, 0x3F, 0x00, 0x00, 0x00, 0x00, 0x00, 0x00,
    0x00, 0x00, 0x00, 0x00, 0x00, 0x00, 0x00, 0x00, 0x00, 0x00, 0x07, 0x3F, 0x07, 0x3F, 0x07, 0x3F,
    0x07, 0x3F, 0x00, 0x00, 0x00, 0x00, 0x00, 0x00, 0x07, 0x3F, 0x07, 0x3F, 0x07, 0x3F, 0x00, 0x00,
    0x00, 0x00, 0x00, 0x00, 0x00, 0x00, 0x00, 0x00, 0x00, 0x00, 0x00, 0x00, 0x00, 0x00, 0x00, 0x00,
    0x07, 0x3F, 0x07, 0x3F, 0x07, 0x3F, 0x00, 0x00, 0x00, 0x00, 0x00, 0x00, 0x00, 0x00, 0x07, 0x3F,
    0x07, 0x3F, 0x07, 0x3F, 0x07, 0x1F, 0x00, 0x00, 0x00, 0x00, 0x00, 0x00, 0x00, 0x00, 0x00, 0x00,
    0x00, 0x00, 0x00, 0x00, 0x07, 0x3F, 0x07, 0x3F, 0x07, 0x3F, 0x07, 0x1F, 0x00, 0x00, 0x00, 0x00,
    0x00, 0x00, 0x00, 0x00, 0x07, 0x3F, 0x07, 0x3F, 0x07, 0x5F, 0x00, 0x00, 0x00, 0x00, 0x00, 0x00,
    0x00, 0x00, 0x00, 0x00, 0x00, 0x00, 0x00, 0x00, 0x00, 0x00, 0x07, 0x3F, 0x07, 0x3F, 0x07, 0x3F,
    0x00, 0x00, 0x00, 0x00, 0x00, 0x00, 0x00, 0x00, 0x00, 0x00, 0x00, 0x00, 0x00, 0x00, 0x00, 0x00,
    0x00, 0x00, 0x07, 0x3F, 0x07, 0x3F, 0x07, 0x3F, 0x07, 0x3F, 0x00, 0x00, 0x00, 0x00, 0x00, 0x00,
    0x00, 0x00, 0x00, 0x00, 0x00, 0x00, 0x00, 0x00, 0x00, 0x00, 0x00, 0x00, 0x00, 0x00, 0x00, 0x00,
    0x00, 0x00, 0x00, 0x00, 0x00, 0x00, 0x00, 0x00, 0x00, 0x00, 0x00, 0x00, 0x00, 0x00, 0x00, 0x00,
    0x00, 0x00, 0x00, 0x00, 0x00, 0x00, 0x07, 0x3F, 0x07, 0x3F, 0x07, 0x3F, 0x07, 0x3F, 0x00, 0x00,
    0x00, 0x00, 0x00, 0x00, 0x00, 0x00, 0x00, 0x00, 0x00, 0x00, 0x00, 0x00, 0x00, 0x00, 0x00, 0x00,
    0x00, 0x00, 0x00, 0x00, 0x07, 0x3F, 0x07, 0x3F, 0x07, 0x3F, 0x07, 0x1F, 0x00, 0x00, 0x00, 0x00,
    0x00, 0x00, 0x00, 0x00, 0x00, 0x00, 0x00, 0x00, 0x00, 0x00, 0x07, 0x5F, 0x07, 0x3F, 0x07, 0x3F,
    0x07, 0x1F, 0x00, 0x00, 0x00, 0x00, 0x00, 0x00, 0x07, 0x3F, 0x07, 0x3F, 0x07, 0x3F, 0x07, 0x1F,
    0x00, 0x00, 0x00, 0x00, 0x00, 0x00, 0x00, 0x00, 0x00, 0x00, 0x00, 0x00, 0x00, 0x00, 0x00, 0x00,
    0x07, 0x5F, 0x07, 0x3F, 0x07, 0x3F, 0x00, 0x00, 0x00, 0x00, 0x00, 0x00, 0x00, 0x00, 0x07, 0x3F,
    0x07, 0x3F, 0x07, 0x3F, 0x07, 0x3F, 0x00, 0x00, 0x00, 0x00, 0x00, 0x00, 0x00, 0x00, 0x00, 0x00,
    0x00, 0x00, 0x07, 0x5F, 0x07, 0x5F, 0x07, 0x3F, 0x07, 0x3F, 0x00, 0x00, 0x00, 0x00, 0x00, 0x00,
    0x00, 0x00, 0x00, 0x00, 0x07, 0x3F, 0x07, 0x3F, 0x07, 0x3F, 0x07, 0x3F, 0x00, 0x00, 0x00, 0x00,
    0x00, 0x00, 0x00, 0x00, 0x00, 0x00, 0x00, 0x00, 0x07, 0x3F, 0x07, 0x3F, 0x07, 0x3F, 0x07, 0x3F,
    0x00, 0x00, 0x00, 0x00, 0x00, 0x00, 0x00, 0x00, 0x00, 0x00, 0x00, 0x00, 0x00, 0x00, 0x00, 0x00,
    0x00, 0x00, 0x07, 0x3F, 0x07, 0x3F, 0x07, 0x3F, 0x07, 0x3F, 0x00, 0x00, 0x00, 0x00, 0x00, 0x00,
    0x00, 0x00, 0x00, 0x00, 0x00, 0x00, 0x00, 0x00, 0x00, 0x00, 0x00, 0x00, 0x00, 0x00, 0x00, 0x00,
    0x00, 0x00, 0x00, 0x00, 0x00, 0x00, 0x00, 0x00, 0x00, 0x00, 0x00, 0x00, 0x00, 0x00, 0x00, 0x00,
    0x00, 0x00, 0x00, 0x00, 0x00, 0x00, 0x07, 0x3F, 0x07, 0x3F, 0x07, 0x3F, 0x07, 0x3F, 0x00, 0x00,
    0x00, 0x00, 0x00, 0x00, 0x00, 0x00, 0x00, 0x00, 0x00, 0x00, 0x00, 0x00, 0x00, 0x00, 0x00, 0x00,
    0x00, 0x00, 0x00, 0x00, 0x07, 0x1F, 0x07, 0x3F, 0x07, 0x3F, 0x07, 0x3F, 0x07, 0x1F, 0x00, 0x00,
    0x00, 0x00, 0x00, 0x00, 0x00, 0x00, 0x00, 0x00, 0x07, 0x3F, 0x07, 0x3F, 0x07, 0x3F, 0x07, 0x3F,
    0x00, 0x00, 0x00, 0x00, 0x00, 0x00, 0x00, 0x00, 0x07, 0x3F, 0x07, 0x3F, 0x07, 0x3F, 0x07, 0x5F,
    0x07, 0x1F, 0x00, 0x00, 0x00, 0x00, 0x00, 0x00, 0x00, 0x00, 0x00, 0x00, 0x00, 0x00, 0x07, 0x3F,
    0x07, 0x3F, 0x07, 0x3F, 0x07, 0x3F, 0x00, 0x00, 0x00, 0x00, 0x00, 0x00, 0x00, 0x00, 0x00, 0x00,
    0x07, 0x5F, 0x07, 0x3F, 0x07, 0x3F, 0x07, 0x3F, 0x00, 0x00, 0x00, 0x00, 0x00, 0x00, 0x00, 0x00,
    0x00, 0x00, 0x07, 0x5F, 0x07, 0x3F, 0x07, 0x3F, 0x07, 0x3F, 0x00, 0x00, 0x00, 0x00, 0x00, 0x00,
    0x00, 0x00, 0x00, 0x00, 0x07, 0x1F, 0x07, 0x3F, 0x07, 0x3F, 0x07, 0x3F, 0x07, 0x1F, 0x00, 0x00,
    0x00, 0x00, 0x00, 0x00, 0x00, 0x00, 0x07, 0x5F, 0x07, 0x5F, 0x07, 0x3F, 0x07, 0x3F, 0x07, 0x1F,
    0x00, 0x00, 0x00, 0x00, 0x00, 0x00, 0x00, 0x00, 0x00, 0x00, 0x00, 0x00, 0x00, 0x00, 0x00, 0x00,
    0x00, 0x00, 0x07, 0x3F, 0x07, 0x3F, 0x07, 0x3F, 0x07, 0x3F, 0x00, 0x00, 0x00, 0x00, 0x00, 0x00,
    0x00, 0x00, 0x00, 0x00, 0x00, 0x00, 0x00, 0x00, 0x00, 0x00, 0x00, 0x00, 0x00, 0x00, 0x00, 0x00,
    0x00, 0x00, 0x00, 0x00, 0x00, 0x00, 0x00, 0x00, 0x00, 0x00, 0x00, 0x00, 0x00, 0x00, 0x00, 0x00,
    0x00, 0x00, 0x00, 0x00, 0x00, 0x00, 0x07, 0x3F, 0x07, 0x3F, 0x07, 0x3F, 0x07, 0x3F, 0x00, 0x00,
    0x00, 0x00, 0x00, 0x00, 0x00, 0x00, 0x00, 0x00, 0x00, 0x00, 0x00, 0x00, 0x00, 0x00, 0x00, 0x00,
    0x00, 0x00, 0x00, 0x00, 0x00, 0x00, 0x07, 0x3F, 0x07, 0x3F, 0x07, 0x3F, 0x07, 0x3F, 0x07, 0x3F,
    0x07, 0x3F, 0x07, 0x1F, 0x07, 0x3F, 0x07, 0x3F, 0x07, 0x3F, 0x07, 0x3F, 0x07, 0x3F, 0x07, 0x1F,
    0x00, 0x00, 0x00, 0x00, 0x00, 0x00, 0x00, 0x00, 0x00, 0x00, 0x07, 0x5F, 0x07, 0x3F, 0x07, 0x3F,
    0x07, 0x3F, 0x07, 0x3F, 0x07, 0x3F, 0x07, 0x1F, 0x07, 0x1F, 0x07, 0x3F, 0x07, 0x3F, 0x07, 0x3F,
    0x07, 0x3F, 0x07, 0x3F, 0x07, 0x1F, 0x00, 0x00, 0x00, 0x00, 0x00, 0x00, 0x00, 0x00, 0x00, 0x00,
    0x07, 0x3F, 0x07, 0x3F, 0x07, 0x3F, 0x07, 0x3F, 0x07, 0x3F, 0x07, 0x3F, 0x07, 0x1F, 0x07, 0x3F,
    0x07, 0x3F, 0x07, 0x3F, 0x07, 0x3F, 0x07, 0x3F, 0x00, 0x00, 0x00, 0x00, 0x00, 0x00, 0x00, 0x00,
    0x00, 0x00, 0x00, 0x00, 0x00, 0x00, 0x07, 0x3F, 0x07, 0x3F, 0x07, 0x3F, 0x07, 0x3F, 0x07, 0x3F,
    0x07, 0x3F, 0x07, 0x1F, 0x07, 0x3F, 0x07, 0x5F, 0x07, 0x3F, 0x07, 0x3F, 0x07, 0x3F, 0x00, 0x00,
    0x00, 0x00, 0x00, 0x00, 0x00, 0x00, 0x00, 0x00, 0x00, 0x00, 0x00, 0x00, 0x00, 0x00, 0x00, 0x00,
    0x00, 0x00, 0x07, 0x3F, 0x07, 0x3F, 0x07, 0x3F, 0x07, 0x3F, 0x00, 0x00, 0x00, 0x00, 0x00, 0x00,
    0x00, 0x00, 0x00, 0x00, 0x00, 0x00, 0x00, 0x00, 0x00, 0x00, 0x00, 0x00, 0x00, 0x00, 0x00, 0x00,
    0x00, 0x00, 0x00, 0x00, 0x00, 0x00, 0x00, 0x00, 0x00, 0x00, 0x00, 0x00, 0x00, 0x00, 0x00, 0x00,
    0x00, 0x00, 0x00, 0x00, 0x00, 0x00, 0x07, 0x3F, 0x07, 0x3F, 0x07, 0x3F, 0x07, 0x3F, 0x00, 0x00,
    0x00, 0x00, 0x00, 0x00, 0x00, 0x00, 0x00, 0x00, 0x00, 0x00, 0x00, 0x00, 0x00, 0x00, 0x00, 0x00,
    0x00, 0x00, 0x00, 0x00, 0x00, 0x00, 0x00, 0x00, 0x07, 0x3F, 0x07, 0x3F, 0x07, 0x3F, 0x07, 0x3F,
    0x07, 0x3F, 0x07, 0x3F, 0x07, 0x3F, 0x07, 0x3F, 0x07, 0x3F, 0x07, 0x3F, 0x07, 0x1F, 0x00, 0x00,
    0x00, 0x00, 0x00, 0x00, 0x00, 0x00, 0x00, 0x00, 0x00, 0x00, 0x07, 0x1F, 0x07, 0x3F, 0x07, 0x3F,
    0x07, 0x3F, 0x07, 0x3F, 0x07, 0x3F, 0x07, 0x3F, 0x07, 0x3F, 0x07, 0x3F, 0x07, 0x3F, 0x07, 0x3F,
    0x07, 0x3F, 0x07, 0x1F, 0x00, 0x00, 0x00, 0x00, 0x00, 0x00, 0x00, 0x00, 0x00, 0x00, 0x00, 0x00,
    0x00, 0x00, 0x07, 0x3F, 0x07, 0x3F, 0x07, 0x3F, 0x07, 0x3F, 0x07, 0x3F, 0x07, 0x3F, 0x07, 0x3F,
    0x07, 0x3F, 0x07, 0x3F, 0x07, 0x3F, 0x07, 0x1F, 0x00, 0x00, 0x00, 0x00, 0x00, 0x00, 0x00, 0x00,
    0x00, 0x00, 0x00, 0x00, 0x00, 0x00, 0x00, 0x00, 0x07, 0x3F, 0x07, 0x3F, 0x07, 0x3F, 0x07, 0x3F,
    0x07, 0x3F, 0x07, 0x3F, 0x07, 0x3F, 0x07, 0x3F, 0x07, 0x3F, 0x07, 0x3F, 0x00, 0x00, 0x00, 0x00,
    0x00, 0x00, 0x00, 0x00, 0x00, 0x00, 0x00, 0x00, 0x00, 0x00, 0x00, 0x00, 0x00, 0x00, 0x00, 0x00,
    0x00, 0x00, 0x07, 0x3F, 0x07, 0x3F, 0x07, 0x3F, 0x07, 0x3F, 0x00, 0x00, 0x00, 0x00, 0x00, 0x00,
    0x00, 0x00, 0x00, 0x00, 0x00, 0x00, 0x00, 0x00, 0x00, 0x00, 0x00, 0x00, 0x00, 0x00, 0x00, 0x00,
    0x00, 0x00, 0x00, 0x00, 0x00, 0x00, 0x00, 0x00, 0x00, 0x00, 0x00, 0x00, 0x00, 0x00, 0x00, 0x00,
    0x00, 0x00, 0x00, 0x00, 0x00, 0x00, 0x07, 0x3F, 0x07, 0x3F, 0x07, 0x3F, 0x07, 0x3F, 0x07, 0x1F,
    0x00, 0x00, 0x00, 0x00, 0x00, 0x00, 0x00, 0x00, 0x00, 0x00, 0x00, 0x00, 0x00, 0x00, 0x00, 0x00,
    0x00, 0x00, 0x00, 0x00, 0x00, 0x00, 0x00, 0x00, 0x00, 0x00, 0x07, 0x3F, 0x07, 0x3F, 0x07, 0x3F,
    0x07, 0x3F, 0x07, 0x3F, 0x07, 0x3F, 0x07, 0x3F, 0x07, 0x3F, 0x07, 0x1F, 0x00, 0x00, 0x00, 0x00,
    0x00, 0x00, 0x00, 0x00, 0x00, 0x00, 0x00, 0x00, 0x00, 0x00, 0x00, 0x00, 0x00, 0x00, 0x07, 0x3F,
    0x07, 0x3F, 0x07, 0x3F, 0x07, 0x3F, 0x07, 0x3F, 0x07, 0x3F, 0x07, 0x3F, 0x07, 0x3F, 0x07, 0x3F,
    0x00, 0x00, 0x00, 0x00, 0x00, 0x00, 0x00, 0x00, 0x00, 0x00, 0x00, 0x00, 0x00, 0x00, 0x00, 0x00,
    0x00, 0x00, 0x00, 0x00, 0x07, 0x5F, 0x07, 0x3F, 0x07, 0x3F, 0x07, 0x3F, 0x07, 0x3F, 0x07, 0x3F,
    0x07, 0x3F, 0x07, 0x3F, 0x00, 0x00, 0x00, 0x00, 0x00, 0x00, 0x00, 0x00, 0x00, 0x00, 0x00, 0x00,
    0x00, 0x00, 0x00, 0x00, 0x00, 0x00, 0x00, 0x00, 0x00, 0x00, 0x07, 0x3F, 0x07, 0x3F, 0x07, 0x3F,
    0x07, 0x3F, 0x07, 0x3F, 0x07, 0x3F, 0x07, 0x3F, 0x07, 0x3F, 0x00, 0x00, 0x00, 0x00, 0x00, 0x00,
    0x00, 0x00, 0x00, 0x00, 0x00, 0x00, 0x00, 0x00, 0x00, 0x00, 0x00, 0x00, 0x00, 0x00, 0x00, 0x00,
    0x07, 0x1F, 0x07, 0x3F, 0x07, 0x3F, 0x07, 0x3F, 0x07, 0x3F, 0x00, 0x00, 0x00, 0x00, 0x00, 0x00,
    0x00, 0x00, 0x00, 0x00, 0x00, 0x00, 0x00, 0x00, 0x00, 0x00, 0x00, 0x00, 0x00, 0x00, 0x00, 0x00,
    0x00, 0x00, 0x00, 0x00, 0x00, 0x00, 0x00, 0x00, 0x00, 0x00, 0x00, 0x00, 0x00, 0x00, 0x00, 0x00,
    0x00, 0x00, 0x00, 0x00, 0x00, 0x00, 0x07, 0x3F, 0x07, 0x3F, 0x07, 0x3F, 0x07, 0x3F, 0x07, 0x3F,
    0x00, 0x00, 0x00, 0x00, 0x00, 0x00, 0x00, 0x00, 0x00, 0x00, 0x00, 0x00, 0x00, 0x00, 0x00, 0x00,
    0x00, 0x00, 0x00, 0x00, 0x00, 0x00, 0x00, 0x00, 0x00, 0x00, 0x00, 0x00, 0x00, 0x00, 0x00, 0x00,
    0x07, 0x3F, 0x07, 0x3F, 0x07, 0x1F, 0x00, 0x00, 0x00, 0x00, 0x00, 0x00, 0x00, 0x00, 0x00, 0x00,
    0x00, 0x00, 0x00, 0x00, 0x00, 0x00, 0x00, 0x00, 0x00, 0x00, 0x00, 0x00, 0x00, 0x00, 0x00, 0x00,
    0x00, 0x00, 0x00, 0x00, 0x07, 0x3F, 0x07, 0x3F, 0x07, 0x3F, 0x07, 0x1F, 0x00, 0x00, 0x00, 0x00,
    0x00, 0x00, 0x00, 0x00, 0x00, 0x00, 0x00, 0x00, 0x00, 0x00, 0x00, 0x00, 0x00, 0x00, 0x00, 0x00,
    0x00, 0x00, 0x00, 0x00, 0x00, 0x00, 0x00, 0x00, 0x07, 0x1F, 0x07, 0x3F, 0x07, 0x3F, 0x07, 0x1F,
    0x00, 0x00, 0x00, 0x00, 0x00, 0x00, 0x00, 0x00, 0x00, 0x00, 0x00, 0x00, 0x00, 0x00, 0x00, 0x00,
    0x00, 0x00, 0x00, 0x00, 0x00, 0x00, 0x00, 0x00, 0x00, 0x00, 0x00, 0x00, 0x00, 0x00, 0x07, 0x1F,
    0x07, 0x3F, 0x07, 0x3F, 0x07, 0x1F, 0x00, 0x00, 0x00, 0x00, 0x00, 0x00, 0x00, 0x00, 0x00, 0x00,
    0x00, 0x00, 0x00, 0x00, 0x00, 0x00, 0x00, 0x00, 0x00, 0x00, 0x00, 0x00, 0x00, 0x00, 0x00, 0x00,
    0x07, 0x3F, 0x07, 0x3F, 0x07, 0x3F, 0x07, 0x3F, 0x07, 0x3F, 0x00, 0x00, 0x00, 0x00, 0x00, 0x00,
    0x00, 0x00, 0x00, 0x00, 0x00, 0x00, 0x00, 0x00, 0x00, 0x00, 0x00, 0x00, 0x00, 0x00, 0x00, 0x00,
    0x00, 0x00, 0x00, 0x00, 0x00, 0x00, 0x00, 0x00, 0x00, 0x00, 0x00, 0x00, 0x00, 0x00, 0x00, 0x00,
    0x00, 0x00, 0x00, 0x00, 0x00, 0x00, 0x07, 0x1F, 0x07, 0x3F, 0x07, 0x3F, 0x07, 0x3F, 0x07, 0x3F,
    0x00, 0x00, 0x00, 0x00, 0x00, 0x00, 0x00, 0x00, 0x00, 0x00, 0x00, 0x00, 0x00, 0x00, 0x00, 0x00,
    0x00, 0x00, 0x00, 0x00, 0x00, 0x00, 0x00, 0x00, 0x00, 0x00, 0x00, 0x00, 0x00, 0x00, 0x00, 0x00,
    0x00, 0x00, 0x00, 0x00, 0x00, 0x00, 0x00, 0x00, 0x00, 0x00, 0x00, 0x00, 0x00, 0x00, 0x00, 0x00,
    0x00, 0x00, 0x00, 0x00, 0x00, 0x00, 0x00, 0x00, 0x00, 0x00, 0x00, 0x00, 0x00, 0x00, 0x00, 0x00,
    0x00, 0x00, 0x00, 0x00, 0x00, 0x00, 0x00, 0x00, 0x00, 0x00, 0x00, 0x00, 0x00, 0x00, 0x00, 0x00,
    0x00, 0x00, 0x00, 0x00, 0x00, 0x00, 0x00, 0x00, 0x00, 0x00, 0x00, 0x00, 0x00, 0x00, 0x00, 0x00,
    0x00, 0x00, 0x00, 0x00, 0x00, 0x00, 0x00, 0x00, 0x00, 0x00, 0x00, 0x00, 0x00, 0x00, 0x00, 0x00,
    0x00, 0x00, 0x00, 0x00, 0x00, 0x00, 0x00, 0x00, 0x00, 0x00, 0x00, 0x00, 0x00, 0x00, 0x00, 0x00,
    0x00, 0x00, 0x00, 0x00, 0x00, 0x00, 0x00, 0x00, 0x00, 0x00, 0x00, 0x00, 0x00, 0x00, 0x00, 0x00,
    0x00, 0x00, 0x00, 0x00, 0x00, 0x00, 0x00, 0x00, 0x00, 0x00, 0x00, 0x00, 0x00, 0x00, 0x00, 0x00,
    0x00, 0x00, 0x00, 0x00, 0x00, 0x00, 0x00, 0x00, 0x00, 0x00, 0x00, 0x00, 0x00, 0x00, 0x00, 0x00,
    0x07, 0x3F, 0x07, 0x3F, 0x07, 0x3F, 0x07, 0x3F, 0x07, 0x1F, 0x00, 0x00, 0x00, 0x00, 0x00, 0x00,
    0x00, 0x00, 0x00, 0x00, 0x00, 0x00, 0x00, 0x00, 0x00, 0x00, 0x00, 0x00, 0x00, 0x00, 0x00, 0x00,
    0x00, 0x00, 0x00, 0x00, 0x00, 0x00, 0x00, 0x00, 0x00, 0x00, 0x00, 0x00, 0x00, 0x00, 0x00, 0x00,
    0x00, 0x00, 0x00, 0x00, 0x00, 0x00, 0x00, 0x00, 0x07, 0x3F, 0x07, 0x3F, 0x07, 0x3F, 0x07, 0x5F,
    0x00, 0x00, 0x00, 0x00, 0x00, 0x00, 0x00, 0x00, 0x00, 0x00, 0x00, 0x00, 0x00, 0x00, 0x00, 0x00,
    0x00, 0x00, 0x00, 0x00, 0x00, 0x00, 0x00, 0x00, 0x00, 0x00, 0x00, 0x00, 0x00, 0x00, 0x00, 0x00,
    0x00, 0x00, 0x00, 0x00, 0x00, 0x00, 0x00, 0x00, 0x00, 0x00, 0x00, 0x00, 0x00, 0x00, 0x00, 0x00,
    0x00, 0x00, 0x00, 0x00, 0x00, 0x00, 0x00, 0x00, 0x00, 0x00, 0x00, 0x00, 0x00, 0x00, 0x00, 0x00,
    0x00, 0x00, 0x00, 0x00, 0x00, 0x00, 0x00, 0x00, 0x00, 0x00, 0x00, 0x00, 0x00, 0x00, 0x00, 0x00,
    0x00, 0x00, 0x00, 0x00, 0x00, 0x00, 0x00, 0x00, 0x00, 0x00, 0x00, 0x00, 0x00, 0x00, 0x00, 0x00,
    0x00, 0x00, 0x00, 0x00, 0x00, 0x00, 0x00, 0x00, 0x00, 0x00, 0x00, 0x00, 0x00, 0x00, 0x00, 0x00,
    0x00, 0x00, 0x00, 0x00, 0x00, 0x00, 0x00, 0x00, 0x00, 0x00, 0x00, 0x00, 0x00, 0x00, 0x00, 0x00,
    0x00, 0x00, 0x00, 0x00, 0x00, 0x00, 0x00, 0x00, 0x00, 0x00, 0x00, 0x00, 0x00, 0x00, 0x00, 0x00,
    0x00, 0x00, 0x00, 0x00, 0x00, 0x00, 0x00, 0x00, 0x00, 0x00, 0x00, 0x00, 0x00, 0x00, 0x00, 0x00,
    0x00, 0x00, 0x00, 0x00, 0x00, 0x00, 0x00, 0x00, 0x00, 0x00, 0x00, 0x00, 0x00, 0x00, 0x00, 0x00,
    0x07, 0x3F, 0x07, 0x3F, 0x07, 0x3F, 0x07, 0x3F, 0x00, 0x00, 0x00, 0x00, 0x00, 0x00, 0x00, 0x00,
    0x00, 0x00, 0x00, 0x00, 0x00, 0x00, 0x00, 0x00, 0x00, 0x00, 0x00, 0x00, 0x00, 0x00, 0x00, 0x00,
    0x00, 0x00, 0x00, 0x00, 0x00, 0x00, 0x00, 0x00, 0x00, 0x00, 0x00, 0x00, 0x00, 0x00, 0x00, 0x00,
    0x00, 0x00, 0x00, 0x00, 0x00, 0x00, 0x00, 0x00, 0x07, 0x3F, 0x07, 0x3F, 0x07, 0x3F, 0x07, 0x3F,
    0x00, 0x00, 0x00, 0x00, 0x00, 0x00, 0x00, 0x00, 0x00, 0x00, 0x00, 0x00, 0x00, 0x00, 0x00, 0x00,
    0x00, 0x00, 0x00, 0x00, 0x00, 0x00, 0x00, 0x00, 0x00, 0x00, 0x00, 0x00, 0x00, 0x00, 0x00, 0x00,
    0x00, 0x00, 0x00, 0x00, 0x00, 0x00, 0x00, 0x00, 0x00, 0x00, 0x00, 0x00, 0x00, 0x00, 0x00, 0x00,
    0x00, 0x00, 0x00, 0x00, 0x00, 0x00, 0x00, 0x00, 0x00, 0x00, 0x00, 0x00, 0x00, 0x00, 0x00, 0x00,
    0x00, 0x00, 0x00, 0x00, 0x00, 0x00, 0x00, 0x00, 0x00, 0x00, 0x00, 0x00, 0x00, 0x00, 0x00, 0x00,
    0x00, 0x00, 0x00, 0x00, 0x00, 0x00, 0x00, 0x00, 0x00, 0x00, 0x00, 0x00, 0x00, 0x00, 0x00, 0x00,
    0x00, 0x00, 0x00, 0x00, 0x00, 0x00, 0x00, 0x00, 0x00, 0x00, 0x00, 0x00, 0x00, 0x00, 0x00, 0x00,
    0x00, 0x00, 0x00, 0x00, 0x00, 0x00, 0x00, 0x00, 0x00, 0x00, 0x00, 0x00, 0x00, 0x00, 0x00, 0x00,
    0x00, 0x00, 0x00, 0x00, 0x00, 0x00, 0x00, 0x00, 0x00, 0x00, 0x00, 0x00, 0x00, 0x00, 0x00, 0x00,
    0x00, 0x00, 0x00, 0x00, 0x00, 0x00, 0x00, 0x00, 0x00, 0x00, 0x00, 0x00, 0x00, 0x00, 0x00, 0x00,
    0x00, 0x00, 0x00, 0x00, 0x00, 0x00, 0x00, 0x00, 0x00, 0x00, 0x00, 0x00, 0x00, 0x00, 0x00, 0x00,
    0x07, 0x3F, 0x07, 0x3F, 0x07, 0x3F, 0x07, 0x3F, 0x00, 0x00, 0x00, 0x00, 0x00, 0x00, 0x00, 0x00,
    0x00, 0x00, 0x00, 0x00, 0x00, 0x00, 0x00, 0x00, 0x00, 0x00, 0x00, 0x00, 0x00, 0x00, 0x00, 0x00,
    0x00, 0x00, 0x00, 0x00, 0x00, 0x00, 0x00, 0x00, 0x00, 0x00, 0x00, 0x00, 0x00, 0x00, 0x00, 0x00,
    0x00, 0x00, 0x00, 0x00, 0x00, 0x00, 0x00, 0x00, 0x07, 0x3F, 0x07, 0x3F, 0x07, 0x3F, 0x07, 0x3F,
    0x07, 0x3F, 0x00, 0x00, 0x00, 0x00, 0x00, 0x00, 0x00, 0x00, 0x00, 0x00, 0x00, 0x00, 0x00, 0x00,
    0x00, 0x00, 0x00, 0x00, 0x00, 0x00, 0x00, 0x00, 0x00, 0x00, 0x00, 0x00, 0x00, 0x00, 0x00, 0x00,
    0x00, 0x00, 0x00, 0x00, 0x00, 0x00, 0x00, 0x00, 0x00, 0x00, 0x00, 0x00, 0x00, 0x00, 0x00, 0x00,
    0x00, 0x00, 0x00, 0x00, 0x00, 0x00, 0x00, 0x00, 0x00, 0x00, 0x00, 0x00, 0x00, 0x00, 0x00, 0x00,
    0x00, 0x00, 0x00, 0x00, 0x00, 0x00, 0x00, 0x00, 0x00, 0x00, 0x00, 0x00, 0x00, 0x00, 0x00, 0x00,
    0x00, 0x00, 0x00, 0x00, 0x00, 0x00, 0x00, 0x00, 0x00, 0x00, 0x00, 0x00, 0x00, 0x00, 0x00, 0x00,
    0x00, 0x00, 0x00, 0x00, 0x00, 0x00, 0x00, 0x00, 0x00, 0x00, 0x00, 0x00, 0x00, 0x00, 0x00, 0x00,
    0x00, 0x00, 0x00, 0x00, 0x00, 0x00, 0x00, 0x00, 0x00, 0x00, 0x00, 0x00, 0x00, 0x00, 0x00, 0x00,
    0x00, 0x00, 0x00, 0x00, 0x00, 0x00, 0x00, 0x00, 0x00, 0x00, 0x00, 0x00, 0x00, 0x00, 0x00, 0x00,
    0x00, 0x00, 0x00, 0x00, 0x00, 0x00, 0x00, 0x00, 0x00, 0x00, 0x00, 0x00, 0x00, 0x00, 0x00, 0x00,
    0x00, 0x00, 0x00, 0x00, 0x00, 0x00, 0x00, 0x00, 0x00, 0x00, 0x00, 0x00, 0x00, 0x00, 0x07, 0x3F,
    0x07, 0x3F, 0x07, 0x3F, 0x07, 0x3F, 0x07, 0x3F, 0x00, 0x00, 0x00, 0x00, 0x00, 0x00, 0x00, 0x00,
    0x00, 0x00, 0x00, 0x00, 0x00, 0x00, 0x00, 0x00, 0x00, 0x00, 0x00, 0x00, 0x00, 0x00, 0x00, 0x00,
    0x00, 0x00, 0x00, 0x00, 0x00, 0x00, 0x00, 0x00, 0x00, 0x00, 0x00, 0x00, 0x00, 0x00, 0x00, 0x00,
    0x00, 0x00, 0x00, 0x00, 0x00, 0x00, 0x00, 0x00, 0x07, 0x1F, 0x07, 0x3F, 0x07, 0x3F, 0x07, 0x3F,
    0x07, 0x3F, 0x00, 0x00, 0x00, 0x00, 0x00, 0x00, 0x00, 0x00, 0x00, 0x00, 0x00, 0x00, 0x00, 0x00,
    0x00, 0x00, 0x00, 0x00, 0x00, 0x00, 0x00, 0x00, 0x00, 0x00, 0x00, 0x00, 0x00, 0x00, 0x00, 0x00,
    0x00, 0x00, 0x00, 0x00, 0x00, 0x00, 0x00, 0x00, 0x00, 0x00, 0x00, 0x00, 0x00, 0x00, 0x00, 0x00,
    0x00, 0x00, 0x00, 0x00, 0x00, 0x00, 0x00, 0x00, 0x00, 0x00, 0x00, 0x00, 0x00, 0x00, 0x00, 0x00,
    0x00, 0x00, 0x00, 0x00, 0x00, 0x00, 0x00, 0x00, 0x00, 0x00, 0x00, 0x00, 0x00, 0x00, 0x00, 0x00,
    0x00, 0x00, 0x00, 0x00, 0x00, 0x00, 0x00, 0x00, 0x00, 0x00, 0x00, 0x00, 0x00, 0x00, 0x00, 0x00,
    0x00, 0x00, 0x00, 0x00, 0x00, 0x00, 0x00, 0x00, 0x00, 0x00, 0x00, 0x00, 0x00, 0x00, 0x00, 0x00,
    0x00, 0x00, 0x00, 0x00, 0x00, 0x00, 0x00, 0x00, 0x00, 0x00, 0x00, 0x00, 0x00, 0x00, 0x00, 0x00,
    0x00, 0x00, 0x00, 0x00, 0x00, 0x00, 0x00, 0x00, 0x00, 0x00, 0x00, 0x00, 0x00, 0x00, 0x00, 0x00,
    0x00, 0x00, 0x00, 0x00, 0x00, 0x00, 0x00, 0x00, 0x00, 0x00, 0x00, 0x00, 0x00, 0x00, 0x00, 0x00,
    0x00, 0x00, 0x00, 0x00, 0x00, 0x00, 0x00, 0x00, 0x00, 0x00, 0x00, 0x00, 0x00, 0x00, 0x07, 0x3F,
    0x07, 0x3F, 0x07, 0x3F, 0x07, 0x3F, 0x07, 0x1F, 0x00, 0x00, 0x00, 0x00, 0x00, 0x00, 0x00, 0x00,
    0x00, 0x00, 0x00, 0x00, 0x00, 0x00, 0x00, 0x00, 0x00, 0x00, 0x00, 0x00, 0x00, 0x00, 0x00, 0x00,
    0x00, 0x00, 0x00, 0x00, 0x00, 0x00, 0x00, 0x00, 0x00, 0x00, 0x00, 0x00, 0x00, 0x00, 0x00, 0x00,
    0x00, 0x00, 0x00, 0x00, 0x00, 0x00, 0x00, 0x00, 0x00, 0x00, 0x07, 0x5F, 0x07, 0x3F, 0x07, 0x3F,
    0x07, 0x3F, 0x00, 0x00, 0x00, 0x00, 0x00, 0x00, 0x00, 0x00, 0x00, 0x00, 0x00, 0x00, 0x00, 0x00,
    0x00, 0x00, 0x00, 0x00, 0x00, 0x00, 0x00, 0x00, 0x00, 0x00, 0x00, 0x00, 0x00, 0x00, 0x00, 0x00,
    0x00, 0x00, 0x00, 0x00, 0x00, 0x00, 0x00, 0x00, 0x00, 0x00, 0x00, 0x00, 0x00, 0x00, 0x00, 0x00,
    0x00, 0x00, 0x00, 0x00, 0x00, 0x00, 0x00, 0x00, 0x00, 0x00, 0x00, 0x00, 0x00, 0x00, 0x00, 0x00,
    0x00, 0x00, 0x00, 0x00, 0x00, 0x00, 0x00, 0x00, 0xFF, 0xFF, 0xFF, 0xFF, 0xFF, 0xFF, 0xFF, 0xFF,
    0x00, 0x00, 0xFF, 0xFF, 0xFF, 0xFF, 0xFF, 0xFF, 0xFF, 0xFF, 0x00, 0x00, 0x00, 0x00, 0xFF, 0xFF,
    0xFF, 0xFF, 0x00, 0x00, 0xFF, 0xFF, 0xFF, 0xFF, 0x00, 0x00, 0x00, 0x00, 0x00, 0x00, 0x00, 0x00,
    0x00, 0x00, 0x00, 0x00, 0x00, 0x00, 0x00, 0x00, 0x00, 0x00, 0x00, 0x00, 0x00, 0x00, 0x00, 0x00,
    0x00, 0x00, 0x00, 0x00, 0x00, 0x00, 0x00, 0x00, 0x00, 0x00, 0x00, 0x00, 0x00, 0x00, 0x00, 0x00,
    0x00, 0x00, 0x00, 0x00, 0x00, 0x00, 0x00, 0x00, 0x00, 0x00, 0x00, 0x00, 0x00, 0x00, 0x00, 0x00,
    0x00, 0x00, 0x00, 0x00, 0x00, 0x00, 0x00, 0x00, 0x00, 0x00, 0x00, 0x00, 0x00, 0x00, 0x07, 0x5F,
    0x07, 0x3F, 0x07, 0x3F, 0x07, 0x3F, 0x00, 0x00, 0x00, 0x00, 0x00, 0x00, 0x00, 0x00, 0x00, 0x00,
    0x00, 0x00, 0x00, 0x00, 0x00, 0x00, 0x00, 0x00, 0x00, 0x00, 0x00, 0x00, 0x00, 0x00, 0x00, 0x00,
    0x00, 0x00, 0x00, 0x00, 0x00, 0x00, 0x00, 0x00, 0x00, 0x00, 0x00, 0x00, 0x00, 0x00, 0x00, 0x00,
    0x00, 0x00, 0x00, 0x00, 0x00, 0x00, 0x00, 0x00, 0x00, 0x00, 0x07, 0x3F, 0x07, 0x3F, 0x07, 0x3F,
    0x07, 0x3F, 0x07, 0x3F, 0x00, 0x00, 0x00, 0x00, 0x00, 0x00, 0x00, 0x00, 0x00, 0x00, 0x00, 0x00,
    0x00, 0x00, 0x00, 0x00, 0x00, 0x00, 0x00, 0x00, 0x00, 0x00, 0x00, 0x00, 0x00, 0x00, 0x00, 0x00,
    0x00, 0x00, 0x00, 0x00, 0x00, 0x00, 0x00, 0x00, 0x00, 0x00, 0x00, 0x00, 0x00, 0x00, 0x00, 0x00,
    0x00, 0x00, 0x00, 0x00, 0x00, 0x00, 0x00, 0x00, 0x00, 0x00, 0x00, 0x00, 0x00, 0x00, 0x00, 0x00,
    0x00, 0x00, 0x00, 0x00, 0x00, 0x00, 0x00, 0x00, 0xFF, 0xFF, 0xFF, 0xFF, 0xFF, 0xFF, 0xFF, 0xFF,
    0x00, 0x00, 0xFF, 0xFF, 0xFF, 0xFF, 0x00, 0x00, 0xFF, 0xFF, 0xFF, 0xFF, 0x00, 0x00, 0xFF, 0xFF,
    0xFF, 0xFF, 0x00, 0x00, 0xFF, 0xFF, 0xFF, 0xFF, 0x00, 0x00, 0x00, 0x00, 0x00, 0x00, 0x00, 0x00,
    0x00, 0x00, 0x00, 0x00, 0x00, 0x00, 0x00, 0x00, 0x00, 0x00, 0x00, 0x00, 0x00, 0x00, 0x00, 0x00,
    0x00, 0x00, 0x00, 0x00, 0x00, 0x00, 0x00, 0x00, 0x00, 0x00, 0x00, 0x00, 0x00, 0x00, 0x00, 0x00,
    0x00, 0x00, 0x00, 0x00, 0x00, 0x00, 0x00, 0x00, 0x00, 0x00, 0x00, 0x00, 0x00, 0x00, 0x00, 0x00,
    0x00, 0x00, 0x00, 0x00, 0x00, 0x00, 0x00, 0x00, 0x00, 0x00, 0x00, 0x00, 0x07, 0x3F, 0x07, 0x3F,
    0x07, 0x3F, 0x07, 0x3F, 0x07, 0x3F, 0x00, 0x00, 0x00, 0x00, 0x00, 0x00, 0x00, 0x00, 0x00, 0x00,
    0x00, 0x00, 0x00, 0x00, 0x00, 0x00, 0x00, 0x00, 0x00, 0x00, 0x00, 0x00, 0x00, 0x00, 0x00, 0x00,
    0x00, 0x00, 0x00, 0x00, 0x00, 0x00, 0x00, 0x00, 0x00, 0x00, 0x00, 0x00, 0x00, 0x00, 0x00, 0x00,
    0x00, 0x00, 0x00, 0x00, 0x00, 0x00, 0x00, 0x00, 0x00, 0x00, 0x07, 0x1F, 0x07, 0x3F, 0x07, 0x3F,
    0x07, 0x3F, 0x07, 0x3F, 0x00, 0x00, 0x00, 0x00, 0x00, 0x00, 0x00, 0x00, 0x00, 0x00, 0x00, 0x00,
    0x00, 0x00, 0x00, 0x00, 0x00, 0x00, 0x00, 0x00, 0x00, 0x00, 0x00, 0x00, 0x00, 0x00, 0x00, 0x00,
    0x00, 0x00, 0x00, 0x00, 0x00, 0x00, 0x00, 0x00, 0x00, 0x00, 0x00, 0x00, 0x00, 0x00, 0x00, 0x00,
    0x00, 0x00, 0x00, 0x00, 0x00, 0x00, 0x00, 0x00, 0x00, 0x00, 0x00, 0x00, 0x00, 0x00, 0x00, 0x00,
    0x00, 0x00, 0x00, 0x00, 0x00, 0x00, 0x00, 0x00, 0xFF, 0xFF, 0xFF, 0xFF, 0xFF, 0xFF, 0xFF, 0xFF,
    0x00, 0x00, 0xFF, 0xFF, 0xFF, 0xFF, 0xFF, 0xFF, 0xFF, 0xFF, 0x00, 0x00, 0x00, 0x00, 0xFF, 0xFF,
    0xFF, 0xFF, 0x00, 0x00, 0xFF, 0xFF, 0xFF, 0xFF, 0x00, 0x00, 0x00, 0x00, 0x00, 0x00, 0x00, 0x00,
    0x00, 0x00, 0x00, 0x00, 0x00, 0x00, 0x00, 0x00, 0x00, 0x00, 0x00, 0x00, 0x00, 0x00, 0x00, 0x00,
    0x00, 0x00, 0x00, 0x00, 0x00, 0x00, 0x00, 0x00, 0x00, 0x00, 0x00, 0x00, 0x00, 0x00, 0x00, 0x00,
    0x00, 0x00, 0x00, 0x00, 0x00, 0x00, 0x00, 0x00, 0x00, 0x00, 0x00, 0x00, 0x00, 0x00, 0x00, 0x00,
    0x00, 0x00, 0x00, 0x00, 0x00, 0x00, 0x00, 0x00, 0x00, 0x00, 0x00, 0x00, 0x07, 0x3F, 0x07, 0x3F,
    0x07, 0x3F, 0x07, 0x3F, 0x07, 0x1F, 0x00, 0x00, 0x00, 0x00, 0x00, 0x00, 0x00, 0x00, 0x00, 0x00,
    0x00, 0x00, 0x00, 0x00, 0x00, 0x00, 0x00, 0x00, 0x00, 0x00, 0x00, 0x00, 0x00, 0x00, 0x00, 0x00,
    0x00, 0x00, 0x00, 0x00, 0x00, 0x00, 0x00, 0x00, 0x00, 0x00, 0x00, 0x00, 0x00, 0x00, 0x00, 0x00,
    0x00, 0x00, 0x00, 0x00, 0x00, 0x00, 0x00, 0x00, 0x00, 0x00, 0x00, 0x00, 0x07, 0x5F, 0x07, 0x3F,
    0x07, 0x3F, 0x07, 0x3F, 0x07, 0x1F, 0x00, 0x00, 0x00, 0x00, 0x00, 0x00, 0x00, 0x00, 0x00, 0x00,
    0x00, 0x00, 0x00, 0x00, 0x00, 0x00, 0x00, 0x00, 0x00, 0x00, 0x00, 0x00, 0x00, 0x00, 0x00, 0x00,
    0x00, 0x00, 0x00, 0x00, 0x00, 0x00, 0x00, 0x00, 0x00, 0x00, 0x00, 0x00, 0x00, 0x00, 0x00, 0x00,
    0x00, 0x00, 0x00, 0x00, 0x00, 0x00, 0x00, 0x00, 0x00, 0x00, 0x00, 0x00, 0x00, 0x00, 0x00, 0x00,
    0x00, 0x00, 0x00, 0x00, 0x00, 0x00, 0x00, 0x00, 0xFF, 0xFF, 0xFF, 0xFF, 0xFF, 0xFF, 0xFF, 0xFF,
    0x00, 0x00, 0xFF, 0xFF, 0xFF, 0xFF, 0xFF, 0xFF, 0xFF, 0xFF, 0x00, 0x00, 0x00, 0x00, 0xFF, 0xFF,
    0xFF, 0xFF, 0xFF, 0xFF, 0xFF, 0xFF, 0xFF, 0xFF, 0x00, 0x00, 0x00, 0x00, 0x00, 0x00, 0x00, 0x00,
    0x00, 0x00, 0x00, 0x00, 0x00, 0x00, 0x00, 0x00, 0x00, 0x00, 0x00, 0x00, 0x00, 0x00, 0x00, 0x00,
    0x00, 0x00, 0x00, 0x00, 0x00, 0x00, 0x00, 0x00, 0x00, 0x00, 0x00, 0x00, 0x00, 0x00, 0x00, 0x00,
    0x00, 0x00, 0x00, 0x00, 0x00, 0x00, 0x00, 0x00, 0x00, 0x00, 0x00, 0x00, 0x00, 0x00, 0x00, 0x00,
    0x00, 0x00, 0x00, 0x00, 0x00, 0x00, 0x00, 0x00, 0x00, 0x00, 0x07, 0x5F, 0x07, 0x3F, 0x07, 0x3F,
    0x07, 0x3F, 0x07, 0x3F, 0x00, 0x00, 0x00, 0x00, 0x00, 0x00, 0x00, 0x00, 0x00, 0x00, 0x00, 0x00,
    0x00, 0x00, 0x00, 0x00, 0x00, 0x00, 0x00, 0x00, 0x00, 0x00, 0x00, 0x00, 0x00, 0x00, 0x00, 0x00,
    0x00, 0x00, 0x00, 0x00, 0x00, 0x00, 0x00, 0x00, 0x00, 0x00, 0x00, 0x00, 0x00, 0x00, 0x00, 0x00,
    0x00, 0x00, 0x00, 0x00, 0x00, 0x00, 0x00, 0x00, 0x00, 0x00, 0x00, 0x00, 0x07, 0x3F, 0x07, 0x3F,
    0x07, 0x3F, 0x07, 0x3F, 0x07, 0x3F, 0x00, 0x00, 0x00, 0x00, 0x00, 0x00, 0x00, 0x00, 0x00, 0x00,
    0x00, 0x00, 0x00, 0x00, 0x00, 0x00, 0x00, 0x00, 0x00, 0x00, 0x00, 0x00, 0x00, 0x00, 0x00, 0x00,
    0x00, 0x00, 0x00, 0x00, 0x00, 0x00, 0x00, 0x00, 0x00, 0x00, 0x00, 0x00, 0x00, 0x00, 0x00, 0x00,
    0x00, 0x00, 0x00, 0x00, 0x00, 0x00, 0x00, 0x00, 0x00, 0x00, 0x00, 0x00, 0x00, 0x00, 0x00, 0x00,
    0x00, 0x00, 0x00, 0x00, 0x00, 0x00, 0x00, 0x00, 0xFF, 0xFF, 0xFF, 0xFF, 0xFF, 0xFF, 0xFF, 0xFF,
    0x00, 0x00, 0xFF, 0xFF, 0xFF, 0xFF, 0x00, 0x00, 0x00, 0x00, 0x00, 0x00, 0x00, 0x00, 0xFF, 0xFF,
    0xFF, 0xFF, 0xFF, 0xFF, 0xFF, 0xFF, 0xFF, 0xFF, 0x00, 0x00, 0x00, 0x00, 0x00, 0x00, 0x00, 0x00,
    0x00, 0x00, 0x00, 0x00, 0x00, 0x00, 0x00, 0x00, 0x00, 0x00, 0x00, 0x00, 0x00, 0x00, 0x00, 0x00,
    0x00, 0x00, 0x00, 0x00, 0x00, 0x00, 0x00, 0x00, 0x00, 0x00, 0x00, 0x00, 0x00, 0x00, 0x00, 0x00,
    0x00, 0x00, 0x00, 0x00, 0x00, 0x00, 0x00, 0x00, 0x00, 0x00, 0x00, 0x00, 0x00, 0x00, 0x00, 0x00,
    0x00, 0x00, 0x00, 0x00, 0x00, 0x00, 0x00, 0x00, 0x00, 0x00, 0x07, 0x3F, 0x07, 0x3F, 0x07, 0x3F,
    0x07, 0x3F, 0x07, 0x3F, 0x00, 0x00, 0x00, 0x00, 0x00, 0x00, 0x00, 0x00, 0x00, 0x00, 0x00, 0x00,
    0x00, 0x00, 0x00, 0x00, 0x00, 0x00, 0x00, 0x00, 0x00, 0x00, 0x00, 0x00, 0x00, 0x00, 0x00, 0x00,
    0x00, 0x00, 0x00, 0x00, 0x00, 0x00, 0x00, 0x00, 0x00, 0x00, 0x00, 0x00, 0x00, 0x00, 0x00, 0x00,
    0x00, 0x00, 0x00, 0x00, 0x00, 0x00, 0x00, 0x00, 0x00, 0x00, 0x00, 0x00, 0x00, 0x00, 0x07, 0x5F,
    0x07, 0x3F, 0x07, 0x3F, 0x07, 0x3F, 0x07, 0x1F, 0x00, 0x00, 0x00, 0x00, 0x00, 0x00, 0x00, 0x00,
    0x00, 0x00, 0x00, 0x00, 0x00, 0x00, 0x00, 0x00, 0x00, 0x00, 0x00, 0x00, 0x00, 0x00, 0x00, 0x00,
    0x00, 0x00, 0x00, 0x00, 0x00, 0x00, 0x00, 0x00, 0x00, 0x00, 0x00, 0x00, 0x00, 0x00, 0x00, 0x00,
    0x00, 0x00, 0x00, 0x00, 0x00, 0x00, 0x00, 0x00, 0x00, 0x00, 0x00, 0x00, 0x00, 0x00, 0x00, 0x00,
    0x00, 0x00, 0x00, 0x00, 0x00, 0x00, 0x00, 0x00, 0x00, 0x00, 0x00, 0x00, 0x00, 0x00, 0x00, 0x00,
    0x00, 0x00, 0x00, 0x00, 0x00, 0x00, 0x00, 0x00, 0x00, 0x00, 0x00, 0x00, 0x00, 0x00, 0x00, 0x00,
    0x00, 0x00, 0x00, 0x00, 0x00, 0x00, 0x00, 0x00, 0x00, 0x00, 0x00, 0x00, 0x00, 0x00, 0x00, 0x00,
    0x00, 0x00, 0x00, 0x00, 0x00, 0x00, 0x00, 0x00, 0x00, 0x00, 0x00, 0x00, 0x00, 0x00, 0x00, 0x00,
    0x00, 0x00, 0x00, 0x00, 0x00, 0x00, 0x00, 0x00, 0x00, 0x00, 0x00, 0x00, 0x00, 0x00, 0x00, 0x00,
    0x00, 0x00, 0x00, 0x00, 0x00, 0x00, 0x00, 0x00, 0x00, 0x00, 0x00, 0x00, 0x00, 0x00, 0x00, 0x00,
    0x00, 0x00, 0x00, 0x00, 0x00, 0x00, 0x00, 0x00, 0x00, 0x00, 0x07, 0x5F, 0x07, 0x3F, 0x07, 0x3F,
    0x07, 0x3F, 0x00, 0x00, 0x00, 0x00, 0x00, 0x00, 0x00, 0x00, 0x00, 0x00, 0x00, 0x00, 0x00, 0x00,
    0x00, 0x00, 0x00, 0x00, 0x00, 0x00, 0x00, 0x00, 0x00, 0x00, 0x00, 0x00, 0x00, 0x00, 0x00, 0x00,
    0x00, 0x00, 0x00, 0x00, 0x00, 0x00, 0x00, 0x00, 0x00, 0x00, 0x00, 0x00, 0x00, 0x00, 0x00, 0x00,
    0x00, 0x00, 0x00, 0x00, 0x00, 0x00, 0x00, 0x00, 0x00, 0x00, 0x00, 0x00, 0x00, 0x00, 0x07, 0x3F,
    0x07, 0x3F, 0x07, 0x3F, 0x07, 0x3F, 0x07, 0x3F, 0x00, 0x00, 0x00, 0x00, 0x00, 0x00, 0x00, 0x00,
    0x00, 0x00, 0x00, 0x00, 0x00, 0x00, 0x00, 0x00, 0x00, 0x00, 0x00, 0x00, 0x00, 0x00, 0x00, 0x00,
    0x00, 0x00, 0x00, 0x00, 0x00, 0x00, 0x00, 0x00, 0x00, 0x00, 0x00, 0x00, 0x00, 0x00, 0x00, 0x00,
    0x00, 0x00, 0x00, 0x00, 0x00, 0x00, 0x00, 0x00, 0x00, 0x00, 0x00, 0x00, 0x00, 0x00, 0x00, 0x00,
    0x00, 0x00, 0x00, 0x00, 0x00, 0x00, 0x00, 0x00, 0x00, 0x00, 0x00, 0x00, 0x00, 0x00, 0x00, 0x00,
    0x00, 0x00, 0x00, 0x00, 0x00, 0x00, 0x00, 0x00, 0x00, 0x00, 0x00, 0x00, 0x00, 0x00, 0x00, 0x00,
    0x00, 0x00, 0x00, 0x00, 0x00, 0x00, 0x00, 0x00, 0x00, 0x00, 0x00, 0x00, 0x00, 0x00, 0x00, 0x00,
    0x00, 0x00, 0x00, 0x00, 0x00, 0x00, 0x00, 0x00, 0x00, 0x00, 0x00, 0x00, 0x00, 0x00, 0x00, 0x00,
    0x00, 0x00, 0x00, 0x00, 0x00, 0x00, 0x00, 0x00, 0x00, 0x00, 0x00, 0x00, 0x00, 0x00, 0x00, 0x00,
    0x00, 0x00, 0x00, 0x00, 0x00, 0x00, 0x00, 0x00, 0x00, 0x00, 0x00, 0x00, 0x00, 0x00, 0x00, 0x00,
    0x00, 0x00, 0x00, 0x00, 0x00, 0x00, 0x00, 0x00, 0x07, 0x3F, 0x07, 0x3F, 0x07, 0x3F, 0x07, 0x3F,
    0x07, 0x3F, 0x00, 0x00, 0x00, 0x00, 0x00, 0x00, 0x00, 0x00, 0x00, 0x00, 0x00, 0x00, 0x00, 0x00,
    0x00, 0x00, 0x00, 0x00, 0x00, 0x00, 0x00, 0x00, 0x00, 0x00, 0x00, 0x00, 0x00, 0x00, 0x00, 0x00,
    0x00, 0x00, 0x00, 0x00, 0x00, 0x00, 0x00, 0x00, 0x00, 0x00, 0x00, 0x00, 0x00, 0x00, 0x00, 0x00,
    0x00, 0x00, 0x00, 0x00, 0x00, 0x00, 0x00, 0x00, 0x00, 0x00, 0x00, 0x00, 0x00, 0x00, 0x07, 0x1F,
    0x07, 0x3F, 0x07, 0x3F, 0x07, 0x3F, 0x07, 0x3F, 0x07, 0x1F, 0x00, 0x00, 0x00, 0x00, 0x00, 0x00,
    0x00, 0x00, 0x00, 0x00, 0x00, 0x00, 0x00, 0x00, 0x00, 0x00, 0x00, 0x00, 0x00, 0x00, 0x00, 0x00,
    0x00, 0x00, 0x00, 0x00, 0x00, 0x00, 0x00, 0x00, 0x00, 0x00, 0x00, 0x00, 0x00, 0x00, 0x00, 0x00,
    0x00, 0x00, 0x00, 0x00, 0x00, 0x00, 0x00, 0x00, 0x00, 0x00, 0x00, 0x00, 0x00, 0x00, 0x00, 0x00,
    0x00, 0x00, 0x00, 0x00, 0x00, 0x00, 0x00, 0x00, 0x00, 0x00, 0x00, 0x00, 0x00, 0x00, 0x00, 0x00,
    0x00, 0x00, 0x00, 0x00, 0x00, 0x00, 0x00, 0x00, 0x00, 0x00, 0x00, 0x00, 0x00, 0x00, 0x00, 0x00,
    0x00, 0x00, 0x00, 0x00, 0x00, 0x00, 0x00, 0x00, 0x00, 0x00, 0x00, 0x00, 0x00, 0x00, 0x00, 0x00,
    0x00, 0x00, 0x00, 0x00, 0x00, 0x00, 0x00, 0x00, 0x00, 0x00, 0x00, 0x00, 0x00, 0x00, 0x00, 0x00,
    0x00, 0x00, 0x00, 0x00, 0x00, 0x00, 0x00, 0x00, 0x00, 0x00, 0x00, 0x00, 0x00, 0x00, 0x00, 0x00,
    0x00, 0x00, 0x00, 0x00, 0x00, 0x00, 0x00, 0x00, 0x00, 0x00, 0x00, 0x00, 0x00, 0x00, 0x00, 0x00,
    0x00, 0x00, 0x00, 0x00, 0x00, 0x00, 0x07, 0x5F, 0x07, 0x5F, 0x07, 0x3F, 0x07, 0x3F, 0x07, 0x3F,
    0x00, 0x00, 0x00, 0x00, 0x00, 0x00, 0x00, 0x00, 0x00, 0x00, 0x00, 0x00, 0x00, 0x00, 0x00, 0x00,
    0x00, 0x00, 0x00, 0x00, 0x00, 0x00, 0x00, 0x00, 0x00, 0x00, 0x00, 0x00, 0x00, 0x00, 0x00, 0x00,
    0x00, 0x00, 0x00, 0x00, 0x00, 0x00, 0x00, 0x00, 0x00, 0x00, 0x00, 0x00, 0x00, 0x00, 0x00, 0x00,
    0x00, 0x00, 0x00, 0x00, 0x00, 0x00, 0x00, 0x00, 0x00, 0x00, 0x00, 0x00, 0x00, 0x00, 0x00, 0x00,
    0x07, 0x3F, 0x07, 0x3F, 0x07, 0x3F, 0x07, 0x3F, 0x07, 0x3F, 0x00, 0x00, 0x00, 0x00, 0x00, 0x00,
    0x00, 0x00, 0x00, 0x00, 0x00, 0x00, 0x00, 0x00, 0x00, 0x00, 0x00, 0x00, 0x00, 0x00, 0x00, 0x00,
    0x00, 0x00, 0x00, 0x00, 0x00, 0x00, 0x00, 0x00, 0x00, 0x00, 0x00, 0x00, 0x00, 0x00, 0x00, 0x00,
    0x00, 0x00, 0x00, 0x00, 0x00, 0x00, 0x00, 0x00, 0x00, 0x00, 0x00, 0x00, 0x00, 0x00, 0x00, 0x00,
    0x00, 0x00, 0x00, 0x00, 0x00, 0x00, 0x00, 0x00, 0x00, 0x00, 0x00, 0x00, 0x00, 0x00, 0x00, 0x00,
    0x00, 0x00, 0x00, 0x00, 0x00, 0x00, 0x00, 0x00, 0x00, 0x00, 0x00, 0x00, 0x00, 0x00, 0x00, 0x00,
    0x00, 0x00, 0x00, 0x00, 0x00, 0x00, 0x00, 0x00, 0x00, 0x00, 0x00, 0x00, 0x00, 0x00, 0x00, 0x00,
    0x00, 0x00, 0x00, 0x00, 0x00, 0x00, 0x00, 0x00, 0x00, 0x00, 0x00, 0x00, 0x00, 0x00, 0x00, 0x00,
    0x00, 0x00, 0x00, 0x00, 0x00, 0x00, 0x00, 0x00, 0x00, 0x00, 0x00, 0x00, 0x00, 0x00, 0x00, 0x00,
    0x00, 0x00, 0x00, 0x00, 0x00, 0x00, 0x00, 0x00, 0x00, 0x00, 0x00, 0x00, 0x00, 0x00, 0x00, 0x00,
    0x00, 0x00, 0x00, 0x00, 0x00, 0x00, 0x07, 0x3F, 0x07, 0x3F, 0x07, 0x3F, 0x07, 0x3F, 0x07, 0x3F,
    0x00, 0x00, 0x00, 0x00, 0x00, 0x00, 0x00, 0x00, 0x00, 0x00, 0x00, 0x00, 0x00, 0x00, 0x00, 0x00,
    0x00, 0x00, 0x00, 0x00, 0x00, 0x00, 0x00, 0x00, 0x00, 0x00, 0x00, 0x00, 0x00, 0x00, 0x00, 0x00,
    0x00, 0x00, 0x00, 0x00, 0x00, 0x00, 0x00, 0x00, 0x00, 0x00, 0x00, 0x00, 0x00, 0x00, 0x00, 0x00,
    0x00, 0x00, 0x00, 0x00, 0x00, 0x00, 0x00, 0x00, 0x00, 0x00, 0x00, 0x00, 0x00, 0x00, 0x00, 0x00,
    0x00, 0x00, 0x07, 0x5F, 0x07, 0x3F, 0x07, 0x3F, 0x07, 0x3F, 0x07, 0x1F, 0x00, 0x00, 0x00, 0x00,
    0x00, 0x00, 0x00, 0x00, 0x00, 0x00, 0x00, 0x00, 0x00, 0x00, 0x00, 0x00, 0x00, 0x00, 0x00, 0x00,
    0x00, 0x00, 0x00, 0x00, 0x00, 0x00, 0x00, 0x00, 0x00, 0x00, 0x00, 0x00, 0x00, 0x00, 0x00, 0x00,
    0x00, 0x00, 0x00, 0x00, 0x00, 0x00, 0x00, 0x00, 0x00, 0x00, 0x00, 0x00, 0x00, 0x00, 0x00, 0x00,
    0x00, 0x00, 0x00, 0x00, 0x00, 0x00, 0x00, 0x00, 0x00, 0x00, 0x00, 0x00, 0x00, 0x00, 0x00, 0x00,
    0x00, 0x00, 0x00, 0x00, 0x00, 0x00, 0x00, 0x00, 0x00, 0x00, 0x00, 0x00, 0x00, 0x00, 0x00, 0x00,
    0x00, 0x00, 0x00, 0x00, 0x00, 0x00, 0x00, 0x00, 0x00, 0x00, 0x00, 0x00, 0x00, 0x00, 0x00, 0x00,
    0x00, 0x00, 0x00, 0x00, 0x00, 0x00, 0x00, 0x00, 0x00, 0x00, 0x00, 0x00, 0x00, 0x00, 0x00, 0x00,
    0x00, 0x00, 0x00, 0x00, 0x00, 0x00, 0x00, 0x00, 0x00, 0x00, 0x00, 0x00, 0x00, 0x00, 0x00, 0x00,
    0x00, 0x00, 0x00, 0x00, 0x00, 0x00, 0x00, 0x00, 0x00, 0x00, 0x00, 0x00, 0x00, 0x00, 0x00, 0x00,
    0x00, 0x00, 0x00, 0x00, 0x07, 0x5F, 0x07, 0x3F, 0x07, 0x3F, 0x07, 0x3F, 0x07, 0x3F, 0x00, 0x00,
    0x00, 0x00, 0x00, 0x00, 0x00, 0x00, 0x00, 0x00, 0x00, 0x00, 0x00, 0x00, 0x00, 0x00, 0x00, 0x00,
    0x00, 0x00, 0x00, 0x00, 0x00, 0x00, 0x00, 0x00, 0x00, 0x00, 0x00, 0x00, 0x00, 0x00, 0x00, 0x00,
    0x00, 0x00, 0x00, 0x00, 0x00, 0x00, 0x00, 0x00, 0x00, 0x00, 0x00, 0x00, 0x00, 0x00, 0x00, 0x00,
    0x00, 0x00, 0x00, 0x00, 0x00, 0x00, 0x00, 0x00, 0x00, 0x00, 0x00, 0x00, 0x00, 0x00, 0x00, 0x00,
    0x00, 0x00, 0x07, 0x3F, 0x07, 0x3F, 0x07, 0x3F, 0x07, 0x3F, 0x07, 0x5F, 0x00, 0x00, 0x00, 0x00,
    0x00, 0x00, 0x00, 0x00, 0x00, 0x00, 0x00, 0x00, 0x00, 0x00, 0x00, 0x00, 0x00, 0x00, 0x00, 0x00,
    0x00, 0x00, 0x00, 0x00, 0x00, 0x00, 0x00, 0x00, 0x00, 0x00, 0x00, 0x00, 0x00, 0x00, 0x00, 0x00,
    0x00, 0x00, 0x00, 0x00, 0x00, 0x00, 0x00, 0x00, 0x00, 0x00, 0x00, 0x00, 0x00, 0x00, 0x00, 0x00,
    0x00, 0x00, 0x00, 0x00, 0x00, 0x00, 0x00, 0x00, 0x00, 0x00, 0x00, 0x00, 0x00, 0x00, 0x00, 0x00,
    0x00, 0x00, 0x00, 0x00, 0x00, 0x00, 0x00, 0x00, 0x00, 0x00, 0x00, 0x00, 0x00, 0x00, 0x00, 0x00,
    0x00, 0x00, 0x00, 0x00, 0x00, 0x00, 0x00, 0x00, 0x00, 0x00, 0x00, 0x00, 0x00, 0x00, 0x00, 0x00,
    0x00, 0x00, 0x00, 0x00, 0x00, 0x00, 0x00, 0x00, 0x00, 0x00, 0x00, 0x00, 0x00, 0x00, 0x00, 0x00,
    0x00, 0x00, 0x00, 0x00, 0x00, 0x00, 0x00, 0x00, 0x00, 0x00, 0x00, 0x00, 0x00, 0x00, 0x00, 0x00,
    0x00, 0x00, 0x00, 0x00, 0x00, 0x00, 0x00, 0x00, 0x00, 0x00, 0x00, 0x00, 0x00, 0x00, 0x00, 0x00,
    0x00, 0x00, 0x00, 0x00, 0x07, 0x3F, 0x07, 0x3F, 0x07, 0x3F, 0x07, 0x3F, 0x07, 0x3F, 0x00, 0x00,
    0x00, 0x00, 0x00, 0x00, 0x00, 0x00, 0x00, 0x00, 0x00, 0x00, 0x00, 0x00, 0x00, 0x00, 0x00, 0x00,
    0x00, 0x00, 0x00, 0x00, 0x00, 0x00, 0x00, 0x00, 0x00, 0x00, 0x00, 0x00, 0x00, 0x00, 0x00, 0x00,
    0x00, 0x00, 0x00, 0x00, 0x00, 0x00, 0x00, 0x00, 0x00, 0x00, 0x00, 0x00, 0x00, 0x00, 0x00, 0x00,
    0x00, 0x00, 0x00, 0x00, 0x00, 0x00, 0x00, 0x00, 0x00, 0x00, 0x00, 0x00, 0x00, 0x00, 0x00, 0x00,
    0x00, 0x00, 0x00, 0x00, 0x07, 0x5F, 0x07, 0x3F, 0x07, 0x3F, 0x07, 0x3F, 0x07, 0x3F, 0x00, 0x00,
    0x00, 0x00, 0x00, 0x00, 0x00, 0x00, 0x00, 0x00, 0x00, 0x00, 0x00, 0x00, 0x00, 0x00, 0x00, 0x00,
    0x00, 0x00, 0x00, 0x00, 0x00, 0x00, 0x00, 0x00, 0x00, 0x00, 0x00, 0x00, 0x00, 0x00, 0x00, 0x00,
    0x00, 0x00, 0x00, 0x00, 0x00, 0x00, 0x00, 0x00, 0x00, 0x00, 0x00, 0x00, 0x00, 0x00, 0x00, 0x00,
    0x00, 0x00, 0x00, 0x00, 0x00, 0x00, 0x00, 0x00, 0x00, 0x00, 0x00, 0x00, 0x00, 0x00, 0x00, 0x00,
    0x00, 0x00, 0x00, 0x00, 0x00, 0x00, 0x00, 0x00, 0x00, 0x00, 0x00, 0x00, 0x00, 0x00, 0x00, 0x00,
    0x00, 0x00, 0x00, 0x00, 0x00, 0x00, 0x00, 0x00, 0x00, 0x00, 0x00, 0x00, 0x00, 0x00, 0x00, 0x00,
    0x00, 0x00, 0x00, 0x00, 0x00, 0x00, 0x00, 0x00, 0x00, 0x00, 0x00, 0x00, 0x00, 0x00, 0x00, 0x00,
    0x00, 0x00, 0x00, 0x00, 0x00, 0x00, 0x00, 0x00, 0x00, 0x00, 0x00, 0x00, 0x00, 0x00, 0x00, 0x00,
    0x00, 0x00, 0x00, 0x00, 0x00, 0x00, 0x00, 0x00, 0x00, 0x00, 0x00, 0x00, 0x00, 0x00, 0x00, 0x00,
    0x00, 0x00, 0x07, 0x3F, 0x07, 0x3F, 0x07, 0x3F, 0x07, 0x3F, 0x07, 0x3F, 0x00, 0x00, 0x00, 0x00,
    0x00, 0x00, 0x00, 0x00, 0x00, 0x00, 0x00, 0x00, 0x00, 0x00, 0x00, 0x00, 0x00, 0x00, 0x00, 0x00,
    0x00, 0x00, 0x00, 0x00, 0x00, 0x00, 0x00, 0x00, 0x00, 0x00, 0x00, 0x00, 0x00, 0x00, 0x00, 0x00,
    0x00, 0x00, 0x00, 0x00, 0x00, 0x00, 0x00, 0x00, 0x00, 0x00, 0x00, 0x00, 0x00, 0x00, 0x00, 0x00,
    0x00, 0x00, 0x00, 0x00, 0x00, 0x00, 0x00, 0x00, 0x00, 0x00, 0x00, 0x00, 0x00, 0x00, 0x00, 0x00,
    0x00, 0x00, 0x00, 0x00, 0x07, 0x5F, 0x07, 0x3F, 0x07, 0x3F, 0x07, 0x3F, 0x07, 0x3F, 0x07, 0x1F,
    0x00, 0x00, 0x00, 0x00, 0x00, 0x00, 0x00, 0x00, 0x00, 0x00, 0x00, 0x00, 0x00, 0x00, 0x00, 0x00,
    0x00, 0x00, 0x00, 0x00, 0x00, 0x00, 0x00, 0x00, 0x00, 0x00, 0x00, 0x00, 0x00, 0x00, 0x00, 0x00,
    0x00, 0x00, 0x00, 0x00, 0x00, 0x00, 0x00, 0x00, 0x00, 0x00, 0x00, 0x00, 0x00, 0x00, 0x00, 0x00,
    0x00, 0x00, 0x00, 0x00, 0x00, 0x00, 0x00, 0x00, 0x00, 0x00, 0x00, 0x00, 0x00, 0x00, 0x00, 0x00,
    0x00, 0x00, 0x00, 0x00, 0x00, 0x00, 0x00, 0x00, 0x00, 0x00, 0x00, 0x00, 0x00, 0x00, 0x00, 0x00,
    0x00, 0x00, 0x00, 0x00, 0x00, 0x00, 0x00, 0x00, 0x00, 0x00, 0x00, 0x00, 0x00, 0x00, 0x00, 0x00,
    0x00, 0x00, 0x00, 0x00, 0x00, 0x00, 0x00, 0x00, 0x00, 0x00, 0x00, 0x00, 0x00, 0x00, 0x00, 0x00,
    0x00, 0x00, 0x00, 0x00, 0x00, 0x00, 0x00, 0x00, 0x00, 0x00, 0x00, 0x00, 0x00, 0x00, 0x00, 0x00,
    0x00, 0x00, 0x00, 0x00, 0x00, 0x00, 0x00, 0x00, 0x00, 0x00, 0x00, 0x00, 0x00, 0x00, 0x00, 0x00,
    0x07, 0x5F, 0x07, 0x3F, 0x07, 0x3F, 0x07, 0x3F, 0x07, 0x3F, 0x07, 0x1F, 0x00, 0x00, 0x00, 0x00,
    0x00, 0x00, 0x00, 0x00, 0x00, 0x00, 0x00, 0x00, 0x00, 0x00, 0x00, 0x00, 0x00, 0x00, 0x00, 0x00,
    0x00, 0x00, 0x00, 0x00, 0x00, 0x00, 0x00, 0x00, 0x00, 0x00, 0x00, 0x00, 0x00, 0x00, 0x00, 0x00,
    0x00, 0x00, 0x00, 0x00, 0x00, 0x00, 0x00, 0x00, 0x00, 0x00, 0x00, 0x00, 0x00, 0x00, 0x00, 0x00,
    0x00, 0x00, 0x00, 0x00, 0x00, 0x00, 0x00, 0x00, 0x00, 0x00, 0x00, 0x00, 0x00, 0x00, 0x00, 0x00,
    0x00, 0x00, 0x00, 0x00, 0x00, 0x00, 0x07, 0x3F, 0x07, 0x3F, 0x07, 0x3F, 0x07, 0x3F, 0x07, 0x3F,
    0x07, 0x1F, 0x00, 0x00, 0x00, 0x00, 0x00, 0x00, 0x00, 0x00, 0x00, 0x00, 0x00, 0x00, 0x00, 0x00,
    0x00, 0x00, 0x00, 0x00, 0x00, 0x00, 0x00, 0x00, 0x00, 0x00, 0x00, 0x00, 0x00, 0x00, 0x00, 0x00,
    0x00, 0x00, 0x00, 0x00, 0x00, 0x00, 0x00, 0x00, 0x00, 0x00, 0x00, 0x00, 0x00, 0x00, 0x00, 0x00,
    0x00, 0x00, 0x00, 0x00, 0x00, 0x00, 0x00, 0x00, 0x00, 0x00, 0x00, 0x00, 0x00, 0x00, 0x00, 0x00,
    0x00, 0x00, 0x00, 0x00, 0x00, 0x00, 0x00, 0x00, 0x00, 0x00, 0x00, 0x00, 0x00, 0x00, 0x00, 0x00,
    0x00, 0x00, 0x00, 0x00, 0x00, 0x00, 0x00, 0x00, 0x00, 0x00, 0x00, 0x00, 0x00, 0x00, 0x00, 0x00,
    0x00, 0x00, 0x00, 0x00, 0x00, 0x00, 0x00, 0x00, 0x00, 0x00, 0x00, 0x00, 0x00, 0x00, 0x00, 0x00,
    0x00, 0x00, 0x00, 0x00, 0x00, 0x00, 0x00, 0x00, 0x00, 0x00, 0x00, 0x00, 0x00, 0x00, 0x00, 0x00,
    0x00, 0x00, 0x00, 0x00, 0x00, 0x00, 0x00, 0x00, 0x00, 0x00, 0x00, 0x00, 0x00, 0x00, 0x07, 0x1F,
    0x07, 0x5F, 0x07, 0x3F, 0x07, 0x3F, 0x07, 0x3F, 0x07, 0x3F, 0x00, 0x00, 0x00, 0x00, 0x00, 0x00,
    0x00, 0x00, 0x00, 0x00, 0x00, 0x00, 0x00, 0x00, 0x00, 0x00, 0x00, 0x00, 0x00, 0x00, 0x00, 0x00,
    0x00, 0x00, 0x00, 0x00, 0x00, 0x00, 0x00, 0x00, 0x00, 0x00, 0x00, 0x00, 0x00, 0x00, 0x00, 0x00,
    0x00, 0x00, 0x00, 0x00, 0x00, 0x00, 0x00, 0x00, 0x00, 0x00, 0x00, 0x00, 0x00, 0x00, 0x00, 0x00,
    0x00, 0x00, 0x00, 0x00, 0x00, 0x00, 0x00, 0x00, 0x00, 0x00, 0x00, 0x00, 0x00, 0x00, 0x00, 0x00,
    0x00, 0x00, 0x00, 0x00, 0x00, 0x00, 0x00, 0x00, 0x07, 0x5F, 0x07, 0x3F, 0x07, 0x3F, 0x07, 0x3F,
    0x07, 0x3F, 0x00, 0x00, 0x00, 0x00, 0x00, 0x00, 0x00, 0x00, 0x00, 0x00, 0x00, 0x00, 0x00, 0x00,
    0x00, 0x00, 0x00, 0x00, 0x00, 0x00, 0x00, 0x00, 0x00, 0x00, 0x00, 0x00, 0x00, 0x00, 0x00, 0x00,
    0x00, 0x00, 0x00, 0x00, 0x00, 0x00, 0x00, 0x00, 0x00, 0x00, 0x00, 0x00, 0x00, 0x00, 0x00, 0x00,
    0x00, 0x00, 0x00, 0x00, 0x00, 0x00, 0x00, 0x00, 0x00, 0x00, 0x00, 0x00, 0x00, 0x00, 0x00, 0x00,
    0x00, 0x00, 0x00, 0x00, 0x00, 0x00, 0x00, 0x00, 0x00, 0x00, 0x00, 0x00, 0x00, 0x00, 0x00, 0x00,
    0x00, 0x00, 0x00, 0x00, 0x00, 0x00, 0x00, 0x00, 0x00, 0x00, 0x00, 0x00, 0x00, 0x00, 0x00, 0x00,
    0x00, 0x00, 0x00, 0x00, 0x00, 0x00, 0x00, 0x00, 0x00, 0x00, 0x00, 0x00, 0x00, 0x00, 0x00, 0x00,
    0x00, 0x00, 0x00, 0x00, 0x00, 0x00, 0x00, 0x00, 0x00, 0x00, 0x00, 0x00, 0x00, 0x00, 0x00, 0x00,
    0x00, 0x00, 0x00, 0x00, 0x00, 0x00, 0x00, 0x00, 0x00, 0x00, 0x00, 0x00, 0x00, 0x00, 0x07, 0x5F,
    0x07, 0x3F, 0x07, 0x3F, 0x07, 0x3F, 0x07, 0x3F, 0x00, 0x00, 0x00, 0x00, 0x00, 0x00, 0x00, 0x00,
    0x00, 0x00, 0x00, 0x00, 0x00, 0x00, 0x00, 0x00, 0x00, 0x00, 0x00, 0x00, 0x00, 0x00, 0x00, 0x00,
    0x00, 0x00, 0x00, 0x00, 0x00, 0x00, 0x00, 0x00, 0x00, 0x00, 0x00, 0x00, 0x00, 0x00, 0x00, 0x00,
    0x00, 0x00, 0x00, 0x00, 0x00, 0x00, 0x00, 0x00, 0x00, 0x00, 0x00, 0x00, 0x00, 0x00, 0x00, 0x00,
    0x00, 0x00, 0x00, 0x00, 0x00, 0x00, 0x00, 0x00, 0x00, 0x00, 0x00, 0x00, 0x00, 0x00, 0x00, 0x00,
    0x00, 0x00, 0x00, 0x00, 0x00, 0x00, 0x00, 0x00, 0x07, 0x1F, 0x07, 0x5F, 0x07, 0x3F, 0x07, 0x3F,
    0x07, 0x3F, 0x07, 0x3F, 0x00, 0x00, 0x00, 0x00, 0x00, 0x00, 0x00, 0x00, 0x00, 0x00, 0x00, 0x00,
    0x00, 0x00, 0x00, 0x00, 0x00, 0x00, 0x00, 0x00, 0x00, 0x00, 0x00, 0x00, 0x00, 0x00, 0x00, 0x00,
    0x00, 0x00, 0x00, 0x00, 0x00, 0x00, 0x00, 0x00, 0x00, 0x00, 0x00, 0x00, 0x00, 0x00, 0x00, 0x00,
    0x00, 0x00, 0x00, 0x00, 0x00, 0x00, 0x00, 0x00, 0x00, 0x00, 0x00, 0x00, 0x00, 0x00, 0x00, 0x00,
    0x00, 0x00, 0x00, 0x00, 0x00, 0x00, 0x00, 0x00, 0x00, 0x00, 0x00, 0x00, 0x00, 0x00, 0x00, 0x00,
    0x00, 0x00, 0x00, 0x00, 0x00, 0x00, 0x00, 0x00, 0x00, 0x00, 0x00, 0x00, 0x00, 0x00, 0x00, 0x00,
    0x00, 0x00, 0x00, 0x00, 0x00, 0x00, 0x00, 0x00, 0x00, 0x00, 0x00, 0x00, 0x00, 0x00, 0x00, 0x00,
    0x00, 0x00, 0x00, 0x00, 0x00, 0x00, 0x00, 0x00, 0x00, 0x00, 0x00, 0x00, 0x00, 0x00, 0x00, 0x00,
    0x00, 0x00, 0x00, 0x00, 0x00, 0x00, 0x00, 0x00, 0x00, 0x00, 0x00, 0x00, 0x07, 0x3F, 0x07, 0x3F,
    0x07, 0x3F, 0x07, 0x3F, 0x07, 0x3F, 0x07, 0x1F, 0x00, 0x00, 0x00, 0x00, 0x00, 0x00, 0x00, 0x00,
    0x00, 0x00, 0x00, 0x00, 0x00, 0x00, 0x00, 0x00, 0x00, 0x00, 0x00, 0x00, 0x00, 0x00, 0x00, 0x00,
    0x00, 0x00, 0x00, 0x00, 0x00, 0x00, 0x00, 0x00, 0x00, 0x00, 0x00, 0x00, 0x00, 0x00, 0x00, 0x00,
    0x00, 0x00, 0x00, 0x00, 0x00, 0x00, 0x00, 0x00, 0x00, 0x00, 0x00, 0x00, 0x00, 0x00, 0x00, 0x00,
    0x00, 0x00, 0x00, 0x00, 0x00, 0x00, 0x00, 0x00, 0x00, 0x00, 0x00, 0x00, 0x00, 0x00, 0x00, 0x00,
    0x00, 0x00, 0x00, 0x00, 0x00, 0x00, 0x00, 0x00, 0x00, 0x00, 0x07, 0x3F, 0x07, 0x3F, 0x07, 0x3F,
    0x07, 0x3F, 0x07, 0x3F, 0x07, 0x3F, 0x00, 0x00, 0x00, 0x00, 0x00, 0x00, 0x00, 0x00, 0x00, 0x00,
    0x00, 0x00, 0x00, 0x00, 0x00, 0x00, 0x00, 0x00, 0x00, 0x00, 0x00, 0x00, 0x00, 0x00, 0x00, 0x00,
    0x00, 0x00, 0x00, 0x00, 0x00, 0x00, 0x00, 0x00, 0x00, 0x00, 0x00, 0x00, 0x00, 0x00, 0x00, 0x00,
    0x00, 0x00, 0x00, 0x00, 0x00, 0x00, 0x00, 0x00, 0x00, 0x00, 0x00, 0x00, 0x00, 0x00, 0x00, 0x00,
    0x00, 0x00, 0x00, 0x00, 0x00, 0x00, 0x00, 0x00, 0x00, 0x00, 0x00, 0x00, 0x00, 0x00, 0x00, 0x00,
    0x00, 0x00, 0x00, 0x00, 0x00, 0x00, 0x00, 0x00, 0x00, 0x00, 0x00, 0x00, 0x00, 0x00, 0x00, 0x00,
    0x00, 0x00, 0x00, 0x00, 0x00, 0x00, 0x00, 0x00, 0x00, 0x00, 0x00, 0x00, 0x00, 0x00, 0x00, 0x00,
    0x00, 0x00, 0x00, 0x00, 0x00, 0x00, 0x00, 0x00, 0x00, 0x00, 0x00, 0x00, 0x00, 0x00, 0x00, 0x00,
    0x00, 0x00, 0x00, 0x00, 0x00, 0x00, 0x00, 0x00, 0x00, 0x00, 0x07, 0x3F, 0x07, 0x3F, 0x07, 0x3F,
    0x07, 0x3F, 0x07, 0x3F, 0x07, 0x1F, 0x00, 0x00, 0x00, 0x00, 0x00, 0x00, 0x00, 0x00, 0x00, 0x00,
    0x00, 0x00, 0x00, 0x00, 0x00, 0x00, 0x00, 0x00, 0x00, 0x00, 0x00, 0x00, 0x00, 0x00, 0x00, 0x00,
    0x00, 0x00, 0x00, 0x00, 0x00, 0x00, 0x00, 0x00, 0x00, 0x00, 0x00, 0x00, 0x00, 0x00, 0x00, 0x00,
    0x00, 0x00, 0x00, 0x00, 0x00, 0x00, 0x00, 0x00, 0x00, 0x00, 0x00, 0x00, 0x00, 0x00, 0x00, 0x00,
    0x00, 0x00, 0x00, 0x00, 0x00, 0x00, 0x00, 0x00, 0x00, 0x00, 0x00, 0x00, 0x00, 0x00, 0x00, 0x00,
    0x00, 0x00, 0x00, 0x00, 0x00, 0x00, 0x00, 0x00, 0x00, 0x00, 0x00, 0x00, 0x07, 0x3F, 0x07, 0x3F,
    0x07, 0x3F, 0x07, 0x3F, 0x07, 0x3F, 0x07, 0x3F, 0x00, 0x00, 0x00, 0x00, 0x00, 0x00, 0x00, 0x00,
    0x00, 0x00, 0x00, 0x00, 0x00, 0x00, 0x00, 0x00, 0x00, 0x00, 0x00, 0x00, 0x00, 0x00, 0x00, 0x00,
    0x00, 0x00, 0x00, 0x00, 0x00, 0x00, 0x00, 0x00, 0x00, 0x00, 0x00, 0x00, 0x00, 0x00, 0x00, 0x00,
    0x00, 0x00, 0x00, 0x00, 0x00, 0x00, 0x00, 0x00, 0x00, 0x00, 0x00, 0x00, 0x00, 0x00, 0x00, 0x00,
    0x00, 0x00, 0x00, 0x00, 0x00, 0x00, 0x00, 0x00, 0x00, 0x00, 0x00, 0x00, 0x00, 0x00, 0x00, 0x00,
    0x00, 0x00, 0x00, 0x00, 0x00, 0x00, 0x00, 0x00, 0x00, 0x00, 0x00, 0x00, 0x00, 0x00, 0x00, 0x00,
    0x00, 0x00, 0x00, 0x00, 0x00, 0x00, 0x00, 0x00, 0x00, 0x00, 0x00, 0x00, 0x00, 0x00, 0x00, 0x00,
    0x00, 0x00, 0x00, 0x00, 0x00, 0x00, 0x00, 0x00, 0x00, 0x00, 0x00, 0x00, 0x00, 0x00, 0x00, 0x00,
    0x00, 0x00, 0x00, 0x00, 0x00, 0x00, 0x00, 0x00, 0x07, 0x3F, 0x07, 0x3F, 0x07, 0x3F, 0x07, 0x3F,
    0x07, 0x3F, 0x07, 0x3F, 0x00, 0x00, 0x00, 0x00, 0x00, 0x00, 0x00, 0x00, 0x00, 0x00, 0x00, 0x00,
    0x00, 0x00, 0x00, 0x00, 0x00, 0x00, 0x00, 0x00, 0x00, 0x00, 0x00, 0x00, 0x00, 0x00, 0x00, 0x00,
    0x00, 0x00, 0x00, 0x00, 0x00, 0x00, 0x00, 0x00, 0x00, 0x00, 0x00, 0x00, 0x00, 0x00, 0x00, 0x00,
    0x00, 0x00, 0x00, 0x00, 0x00, 0x00, 0x00, 0x00, 0x00, 0x00, 0x00, 0x00, 0x00, 0x00, 0x00, 0x00,
    0x00, 0x00, 0x00, 0x00, 0x00, 0x00, 0x00, 0x00, 0x00, 0x00, 0x00, 0x00, 0x00, 0x00, 0x00, 0x00,
    0x00, 0x00, 0x00, 0x00, 0x00, 0x00, 0x00, 0x00, 0x00, 0x00, 0x00, 0x00, 0x00, 0x00, 0x07, 0x3F,
    0x07, 0x3F, 0x07, 0x3F, 0x07, 0x3F, 0x07, 0x3F, 0x07, 0x3F, 0x00, 0x00, 0x00, 0x00, 0x00, 0x00,
    0x00, 0x00, 0x00, 0x00, 0x00, 0x00, 0x00, 0x00, 0x00, 0x00, 0x00, 0x00, 0x00, 0x00, 0x00, 0x00,
    0x00, 0x00, 0x00, 0x00, 0x00, 0x00, 0x00, 0x00, 0x00, 0x00, 0x00, 0x00, 0x00, 0x00, 0x00, 0x00,
    0x00, 0x00, 0x00, 0x00, 0x00, 0x00, 0x00, 0x00, 0x00, 0x00, 0x00, 0x00, 0x00, 0x00, 0x00, 0x00,
    0x00, 0x00, 0x00, 0x00, 0x00, 0x00, 0x00, 0x00, 0x00, 0x00, 0x00, 0x00, 0x00, 0x00, 0x00, 0x00,
    0x00, 0x00, 0x00, 0x00, 0x00, 0x00, 0x00, 0x00, 0x00, 0x00, 0x00, 0x00, 0x00, 0x00, 0x00, 0x00,
    0x00, 0x00, 0x00, 0x00, 0x00, 0x00, 0x00, 0x00, 0x00, 0x00, 0x00, 0x00, 0x00, 0x00, 0x00, 0x00,
    0x00, 0x00, 0x00, 0x00, 0x00, 0x00, 0x00, 0x00, 0x00, 0x00, 0x00, 0x00, 0x00, 0x00, 0x00, 0x00,
    0x00, 0x00, 0x00, 0x00, 0x00, 0x00, 0x07, 0x3F, 0x07, 0x3F, 0x07, 0x3F, 0x07, 0x3F, 0x07, 0x3F,
    0x07, 0x3F, 0x00, 0x00, 0x00, 0x00, 0x00, 0x00, 0x00, 0x00, 0x00, 0x00, 0x00, 0x00, 0x00, 0x00,
    0x00, 0x00, 0x00, 0x00, 0x00, 0x00, 0x00, 0x00, 0x00, 0x00, 0x00, 0x00, 0x00, 0x00, 0x00, 0x00,
    0x00, 0x00, 0x00, 0x00, 0x00, 0x00, 0x00, 0x00, 0x00, 0x00, 0x00, 0x00, 0x00, 0x00, 0x00, 0x00,
    0x00, 0x00, 0x00, 0x00, 0x00, 0x00, 0x00, 0x00, 0x00, 0x00, 0x00, 0x00, 0x00, 0x00, 0x00, 0x00,
    0x00, 0x00, 0x00, 0x00, 0x00, 0x00, 0x00, 0x00, 0x00, 0x00, 0x00, 0x00, 0x00, 0x00, 0x00, 0x00,
    0x00, 0x00, 0x00, 0x00, 0x00, 0x00, 0x00, 0x00, 0x00, 0x00, 0x00, 0x00, 0x00, 0x00, 0x00, 0x00,
    0x07, 0x3F, 0x07, 0x3F, 0x07, 0x3F, 0x07, 0x3F, 0x07, 0x3F, 0x07, 0x3F, 0x00, 0x00, 0x00, 0x00,
    0x00, 0x00, 0x00, 0x00, 0x00, 0x00, 0x00, 0x00, 0x00, 0x00, 0x00, 0x00, 0x00, 0x00, 0x00, 0x00,
    0x00, 0x00, 0x00, 0x00, 0x00, 0x00, 0x00, 0x00, 0x00, 0x00, 0x00, 0x00, 0x00, 0x00, 0x00, 0x00,
    0x00, 0x00, 0x00, 0x00, 0x00, 0x00, 0x00, 0x00, 0x00, 0x00, 0x00, 0x00, 0x00, 0x00, 0x00, 0x00,
    0x00, 0x00, 0x00, 0x00, 0x00, 0x00, 0x00, 0x00, 0x00, 0x00, 0x00, 0x00, 0x00, 0x00, 0x00, 0x00,
    0x00, 0x00, 0x00, 0x00, 0x00, 0x00, 0x00, 0x00, 0x00, 0x00, 0x00, 0x00, 0x00, 0x00, 0x00, 0x00,
    0x00, 0x00, 0x00, 0x00, 0x00, 0x00, 0x00, 0x00, 0x00, 0x00, 0x00, 0x00, 0x00, 0x00, 0x00, 0x00,
    0x00, 0x00, 0x00, 0x00, 0x00, 0x00, 0x00, 0x00, 0x00, 0x00, 0x00, 0x00, 0x00, 0x00, 0x00, 0x00,
    0x00, 0x00, 0x00, 0x00, 0x07, 0x3F, 0x07, 0x3F, 0x07, 0x3F, 0x07, 0x3F, 0x07, 0x3F, 0x07, 0x3F,
    0x00, 0x00, 0x00, 0x00, 0x00, 0x00, 0x00, 0x00, 0x00, 0x00, 0x00, 0x00, 0x00, 0x00, 0x00, 0x00,
    0x00, 0x00, 0x00, 0x00, 0x00, 0x00, 0x00, 0x00, 0x00, 0x00, 0x00, 0x00, 0x00, 0x00, 0x00, 0x00,
    0x00, 0x00, 0x00, 0x00, 0x00, 0x00, 0x00, 0x00, 0x00, 0x00, 0x00, 0x00, 0x00, 0x00, 0x00, 0x00,
    0x00, 0x00, 0x00, 0x00, 0x00, 0x00, 0x00, 0x00, 0x00, 0x00, 0x00, 0x00, 0x00, 0x00, 0x00, 0x00,
    0x00, 0x00, 0x00, 0x00, 0x00, 0x00, 0x00, 0x00, 0x00, 0x00, 0x00, 0x00, 0x00, 0x00, 0x00, 0x00,
    0x00, 0x00, 0x00, 0x00, 0x00, 0x00, 0x00, 0x00, 0x00, 0x00, 0x00, 0x00, 0x00, 0x00, 0x00, 0x00,
    0x00, 0x00, 0x07, 0x3F, 0x07, 0x3F, 0x07, 0x3F, 0x07, 0x3F, 0x07, 0x3F, 0x07, 0x3F, 0x00, 0x00,
    0x00, 0x00, 0x00, 0x00, 0x00, 0x00, 0x00, 0x00, 0x00, 0x00, 0x00, 0x00, 0x00, 0x00, 0x00, 0x00,
    0x00, 0x00, 0x00, 0x00, 0x00, 0x00, 0x00, 0x00, 0x00, 0x00, 0x00, 0x00, 0x00, 0x00, 0x00, 0x00,
    0x00, 0x00, 0x00, 0x00, 0x00, 0x00, 0x00, 0x00, 0x00, 0x00, 0x00, 0x00, 0x00, 0x00, 0x00, 0x00,
    0x00, 0x00, 0x00, 0x00, 0x00, 0x00, 0x00, 0x00, 0x00, 0x00, 0x00, 0x00, 0x00, 0x00, 0x00, 0x00,
    0x00, 0x00, 0x00, 0x00, 0x00, 0x00, 0x00, 0x00, 0x00, 0x00, 0x00, 0x00, 0x00, 0x00, 0x00, 0x00,
    0x00, 0x00, 0x00, 0x00, 0x00, 0x00, 0x00, 0x00, 0x00, 0x00, 0x00, 0x00, 0x00, 0x00, 0x00, 0x00,
    0x00, 0x00, 0x00, 0x00, 0x00, 0x00, 0x00, 0x00, 0x00, 0x00, 0x00, 0x00, 0x00, 0x00, 0x00, 0x00,
    0x00, 0x00, 0x07, 0x5F, 0x07, 0x3F, 0x07, 0x3F, 0x07, 0x3F, 0x07, 0x3F, 0x07, 0x3F, 0x00, 0x00,
    0x00, 0x00, 0x00, 0x00, 0x00, 0x00, 0x00, 0x00, 0x00, 0x00, 0x00, 0x00, 0x00, 0x00, 0x00, 0x00,
    0x00, 0x00, 0x00, 0x00, 0x00, 0x00, 0x00, 0x00, 0x00, 0x00, 0x00, 0x00, 0x00, 0x00, 0x00, 0x00,
    0x00, 0x00, 0x00, 0x00, 0x00, 0x00, 0x00, 0x00, 0x00, 0x00, 0x00, 0x00, 0x00, 0x00, 0x00, 0x00,
    0x00, 0x00, 0x00, 0x00, 0x00, 0x00, 0x00, 0x00, 0x00, 0x00, 0x00, 0x00, 0x00, 0x00, 0x00, 0x00,
    0x00, 0x00, 0x00, 0x00, 0x00, 0x00, 0x00, 0x00, 0x00, 0x00, 0x00, 0x00, 0x00, 0x00, 0x00, 0x00,
    0x00, 0x00, 0x00, 0x00, 0x00, 0x00, 0x00, 0x00, 0x00, 0x00, 0x00, 0x00, 0x00, 0x00, 0x00, 0x00,
    0x00, 0x00, 0x00, 0x00, 0x07, 0x3F, 0x07, 0x3F, 0x07, 0x3F, 0x07, 0x3F, 0x07, 0x3F, 0x07, 0x5F,
    0x07, 0x1F, 0x00, 0x00, 0x00, 0x00, 0x00, 0x00, 0x00, 0x00, 0x00, 0x00, 0x00, 0x00, 0x00, 0x00,
    0x00, 0x00, 0x00, 0x00, 0x00, 0x00, 0x00, 0x00, 0x00, 0x00, 0x00, 0x00, 0x00, 0x00, 0x00, 0x00,
    0x00, 0x00, 0x00, 0x00, 0x00, 0x00, 0x00, 0x00, 0x00, 0x00, 0x00, 0x00, 0x00, 0x00, 0x00, 0x00,
    0x00, 0x00, 0x00, 0x00, 0x00, 0x00, 0x00, 0x00, 0x00, 0x00, 0x00, 0x00, 0x00, 0x00, 0x00, 0x00,
    0x00, 0x00, 0x00, 0x00, 0x00, 0x00, 0x00, 0x00, 0x00, 0x00, 0x00, 0x00, 0x00, 0x00, 0x00, 0x00,
    0x00, 0x00, 0x00, 0x00, 0x00, 0x00, 0x00, 0x00, 0x00, 0x00, 0x00, 0x00, 0x00, 0x00, 0x00, 0x00,
    0x00, 0x00, 0x00, 0x00, 0x00, 0x00, 0x00, 0x00, 0x00, 0x00, 0x00, 0x00, 0x00, 0x00, 0x07, 0x1F,
    0x07, 0x3F, 0x07, 0x3F, 0x07, 0x3F, 0x07, 0x3F, 0x07, 0x3F, 0x07, 0x3F, 0x00, 0x00, 0x00, 0x00,
    0x00, 0x00, 0x00, 0x00, 0x00, 0x00, 0x00, 0x00, 0x00, 0x00, 0x00, 0x00, 0x00, 0x00, 0x00, 0x00,
    0x00, 0x00, 0x00, 0x00, 0x00, 0x00, 0x00, 0x00, 0x00, 0x00, 0x00, 0x00, 0x00, 0x00, 0x00, 0x00,
    0x00, 0x00, 0x00, 0x00, 0x00, 0x00, 0x00, 0x00, 0x00, 0x00, 0x00, 0x00, 0x00, 0x00, 0x00, 0x00,
    0x00, 0x00, 0x00, 0x00, 0x00, 0x00, 0x00, 0x00, 0x00, 0x00, 0x00, 0x00, 0x00, 0x00, 0x00, 0x00,
    0x00, 0x00, 0x00, 0x00, 0x00, 0x00, 0x00, 0x00, 0x00, 0x00, 0x00, 0x00, 0x00, 0x00, 0x00, 0x00,
    0x00, 0x00, 0x00, 0x00, 0x00, 0x00, 0x00, 0x00, 0x00, 0x00, 0x00, 0x00, 0x00, 0x00, 0x00, 0x00,
    0x00, 0x00, 0x00, 0x00, 0x00, 0x00, 0x07, 0x3F, 0x07, 0x3F, 0x07, 0x3F, 0x07, 0x3F, 0x07, 0x3F,
    0x07, 0x3F, 0x07, 0x3F, 0x00, 0x00, 0x00, 0x00, 0x00, 0x00, 0x00, 0x00, 0x00, 0x00, 0x00, 0x00,
    0x00, 0x00, 0x00, 0x00, 0x00, 0x00, 0x00, 0x00, 0x00, 0x00, 0x00, 0x00, 0x00, 0x00, 0x00, 0x00,
    0x00, 0x00, 0x00, 0x00, 0x00, 0x00, 0x00, 0x00, 0x00, 0x00, 0x00, 0x00, 0x00, 0x00, 0x00, 0x00,
    0x00, 0x00, 0x00, 0x00, 0x00, 0x00, 0x00, 0x00, 0x00, 0x00, 0x00, 0x00, 0x00, 0x00, 0x00, 0x00,
    0x00, 0x00, 0x00, 0x00, 0x00, 0x00, 0x00, 0x00, 0x00, 0x00, 0x00, 0x00, 0x00, 0x00, 0x00, 0x00,
    0x00, 0x00, 0x00, 0x00, 0x00, 0x00, 0x00, 0x00, 0x00, 0x00, 0x00, 0x00, 0x00, 0x00, 0x00, 0x00,
    0x00, 0x00, 0x00, 0x00, 0x00, 0x00, 0x00, 0x00, 0x00, 0x00, 0x00, 0x00, 0x07, 0x3F, 0x07, 0x5F,
    0x07, 0x3F, 0x07, 0x3F, 0x07, 0x3F, 0x07, 0x3F, 0x07, 0x3F, 0x00, 0x00, 0x00, 0x00, 0x00, 0x00,
    0x00, 0x00, 0x00, 0x00, 0x00, 0x00, 0x00, 0x00, 0x00, 0x00, 0x00, 0x00, 0x00, 0x00, 0x00, 0x00,
    0x00, 0x00, 0x00, 0x00, 0x00, 0x00, 0x00, 0x00, 0x00, 0x00, 0x00, 0x00, 0x00, 0x00, 0x00, 0x00,
    0x00, 0x00, 0x00, 0x00, 0x00, 0x00, 0x00, 0x00, 0x00, 0x00, 0x00, 0x00, 0x00, 0x00, 0x00, 0x00,
    0x00, 0x00, 0x00, 0x00, 0x00, 0x00, 0x00, 0x00, 0x00, 0x00, 0x00, 0x00, 0x00, 0x00, 0x00, 0x00,
    0x00, 0x00, 0x00, 0x00, 0x00, 0x00, 0x00, 0x00, 0x00, 0x00, 0x00, 0x00, 0x00, 0x00, 0x00, 0x00,
    0x00, 0x00, 0x00, 0x00, 0x00, 0x00, 0x00, 0x00, 0x00, 0x00, 0x00, 0x00, 0x00, 0x00, 0x00, 0x00,
    0x00, 0x00, 0x00, 0x00, 0x00, 0x00, 0x00, 0x00, 0x07, 0x3F, 0x07, 0x3F, 0x07, 0x3F, 0x07, 0x3F,
    0x07, 0x3F, 0x07, 0x3F, 0x07, 0x3F, 0x00, 0x00, 0x00, 0x00, 0x00, 0x00, 0x00, 0x00, 0x00, 0x00,
    0x00, 0x00, 0x00, 0x00, 0x00, 0x00, 0x00, 0x00, 0x00, 0x00, 0x00, 0x00, 0x00, 0x00, 0x00, 0x00,
    0x00, 0x00, 0x00, 0x00, 0x00, 0x00, 0x00, 0x00, 0x00, 0x00, 0x00, 0x00, 0x00, 0x00, 0x00, 0x00,
    0x00, 0x00, 0x00, 0x00, 0x00, 0x00, 0x00, 0x00, 0x00, 0x00, 0x00, 0x00, 0x00, 0x00, 0x00, 0x00,
    0x00, 0x00, 0x00, 0x00, 0x00, 0x00, 0x00, 0x00, 0x00, 0x00, 0x00, 0x00, 0x00, 0x00, 0x00, 0x00,
    0x00, 0x00, 0x00, 0x00, 0x00, 0x00, 0x00, 0x00, 0x00, 0x00, 0x00, 0x00, 0x00, 0x00, 0x00, 0x00,
    0x00, 0x00, 0x00, 0x00, 0x00, 0x00, 0x00, 0x00, 0x07, 0x1F, 0x07, 0x5F, 0x07, 0x3F, 0x07, 0x3F,
    0x07, 0x3F, 0x07, 0x3F, 0x07, 0x3F, 0x07, 0x3F, 0x00, 0x00, 0x00, 0x00, 0x00, 0x00, 0x00, 0x00,
    0x00, 0x00, 0x00, 0x00, 0x00, 0x00, 0x00, 0x00, 0x00, 0x00, 0x00, 0x00, 0x00, 0x00, 0x00, 0x00,
    0x00, 0x00, 0x00, 0x00, 0x00, 0x00, 0x00, 0x00, 0x00, 0x00, 0x00, 0x00, 0x00, 0x00, 0x00, 0x00,
    0x00, 0x00, 0x00, 0x00, 0x00, 0x00, 0x00, 0x00, 0x00, 0x00, 0x00, 0x00, 0x00, 0x00, 0x00, 0x00,
    0x00, 0x00, 0x00, 0x00, 0x00, 0x00, 0x00, 0x00, 0x00, 0x00, 0x00, 0x00, 0x00, 0x00, 0x00, 0x00,
    0x00, 0x00, 0x00, 0x00, 0x00, 0x00, 0x00, 0x00, 0x00, 0x00, 0x00, 0x00, 0x00, 0x00, 0x00, 0x00,
    0x00, 0x00, 0x00, 0x00, 0x00, 0x00, 0x00, 0x00, 0x00, 0x00, 0x00, 0x00, 0x00, 0x00, 0x00, 0x00,
    0x00, 0x00, 0x00, 0x00, 0x00, 0x00, 0x00, 0x00, 0x00, 0x00, 0x07, 0x5F, 0x07, 0x5F, 0x07, 0x3F,
    0x07, 0x3F, 0x07, 0x3F, 0x07, 0x3F, 0x07, 0x3F, 0x07, 0x3F, 0x00, 0x00, 0x00, 0x00, 0x00, 0x00,
    0x00, 0x00, 0x00, 0x00, 0x00, 0x00, 0x00, 0x00, 0x00, 0x00, 0x00, 0x00, 0x00, 0x00, 0x00, 0x00,
    0x00, 0x00, 0x00, 0x00, 0x00, 0x00, 0x00, 0x00, 0x00, 0x00, 0x00, 0x00, 0x00, 0x00, 0x00, 0x00,
    0x00, 0x00, 0x00, 0x00, 0x00, 0x00, 0x00, 0x00, 0x00, 0x00, 0x00, 0x00, 0x00, 0x00, 0x00, 0x00,
    0x00, 0x00, 0x00, 0x00, 0x00, 0x00, 0x00, 0x00, 0x00, 0x00, 0x00, 0x00, 0x00, 0x00, 0x00, 0x00,
    0x00, 0x00, 0x00, 0x00, 0x00, 0x00, 0x00, 0x00, 0x00, 0x00, 0x00, 0x00, 0x00, 0x00, 0x00, 0x00,
    0x00, 0x00, 0x00, 0x00, 0x00, 0x00, 0x07, 0x3F, 0x07, 0x5F, 0x07, 0x3F, 0x07, 0x3F, 0x07, 0x3F,
    0x07, 0x3F, 0x07, 0x3F, 0x07, 0x1F, 0x00, 0x00, 0x00, 0x00, 0x00, 0x00, 0x00, 0x00, 0x00, 0x00,
    0x00, 0x00, 0x00, 0x00, 0x00, 0x00, 0x00, 0x00, 0x00, 0x00, 0x00, 0x00, 0x00, 0x00, 0x00, 0x00,
    0x00, 0x00, 0x00, 0x00, 0x00, 0x00, 0x00, 0x00, 0x00, 0x00, 0x00, 0x00, 0x00, 0x00, 0x00, 0x00,
    0x00, 0x00, 0x00, 0x00, 0x00, 0x00, 0x00, 0x00, 0x00, 0x00, 0x00, 0x00, 0x00, 0x00, 0x00, 0x00,
    0x00, 0x00, 0x00, 0x00, 0x00, 0x00, 0x00, 0x00, 0x00, 0x00, 0x00, 0x00, 0x00, 0x00, 0x00, 0x00,
    0x00, 0x00, 0x00, 0x00, 0x00, 0x00, 0x00, 0x00, 0x00, 0x00, 0x00, 0x00, 0x00, 0x00, 0x00, 0x00,
    0x00, 0x00, 0x00, 0x00, 0x00, 0x00, 0x00, 0x00, 0x00, 0x00, 0x00, 0x00, 0x00, 0x00, 0x00, 0x00,
    0x00, 0x00, 0x00, 0x00, 0x00, 0x00, 0x00, 0x00, 0x00, 0x00, 0x00, 0x00, 0x07, 0x1F, 0x07, 0x3F,
    0x07, 0x3F, 0x07, 0x3F, 0x07, 0x3F, 0x07, 0x3F, 0x07, 0x3F, 0x07, 0x3F, 0x07, 0x1F, 0x00, 0x00,
    0x00, 0x00, 0x00, 0x00, 0x00, 0x00, 0x00, 0x00, 0x00, 0x00, 0x00, 0x00, 0x00, 0x00, 0x00, 0x00,
    0x00, 0x00, 0x00, 0x00, 0x00, 0x00, 0x00, 0x00, 0x00, 0x00, 0x00, 0x00, 0x00, 0x00, 0x00, 0x00,
    0x00, 0x00, 0x00, 0x00, 0x00, 0x00, 0x00, 0x00, 0x00, 0x00, 0x00, 0x00, 0x00, 0x00, 0x00, 0x00,
    0x00, 0x00, 0x00, 0x00, 0x00, 0x00, 0x00, 0x00, 0x00, 0x00, 0x00, 0x00, 0x00, 0x00, 0x00, 0x00,
    0x00, 0x00, 0x00, 0x00, 0x00, 0x00, 0x00, 0x00, 0x00, 0x00, 0x00, 0x00, 0x00, 0x00, 0x00, 0x00,
    0x00, 0x00, 0x07, 0x5F, 0x07, 0x5F, 0x07, 0x3F, 0x07, 0x3F, 0x07, 0x3F, 0x07, 0x3F, 0x07, 0x3F,
    0x07, 0x3F, 0x07, 0x1F, 0x00, 0x00, 0x00, 0x00, 0x00, 0x00, 0x00, 0x00, 0x00, 0x00, 0x00, 0x00,
    0x00, 0x00, 0x00, 0x00, 0x00, 0x00, 0x00, 0x00, 0x00, 0x00, 0x00, 0x00, 0x00, 0x00, 0x00, 0x00,
    0x00, 0x00, 0x00, 0x00, 0x00, 0x00, 0x00, 0x00, 0x00, 0x00, 0x00, 0x00, 0x00, 0x00, 0x00, 0x00,
    0x00, 0x00, 0x00, 0x00, 0x00, 0x00, 0x00, 0x00, 0x00, 0x00, 0x00, 0x00, 0x00, 0x00, 0x00, 0x00,
    0x00, 0x00, 0x00, 0x00, 0x00, 0x00, 0x00, 0x00, 0x00, 0x00, 0x00, 0x00, 0x00, 0x00, 0x00, 0x00,
    0x00, 0x00, 0x00, 0x00, 0x00, 0x00, 0x00, 0x00, 0x00, 0x00, 0x00, 0x00, 0x00, 0x00, 0x00, 0x00,
    0x00, 0x00, 0x00, 0x00, 0x00, 0x00, 0x00, 0x00, 0x00, 0x00, 0x00, 0x00, 0x00, 0x00, 0x00, 0x00,
    0x00, 0x00, 0x00, 0x00, 0x00, 0x00, 0x00, 0x00, 0x00, 0x00, 0x00, 0x00, 0x00, 0x00, 0x00, 0x00,
    0x07, 0x3F, 0x07, 0x5F, 0x07, 0x3F, 0x07, 0x3F, 0x07, 0x3F, 0x07, 0x3F, 0x07, 0x3F, 0x07, 0x3F,
    0x07, 0x1F, 0x00, 0x00, 0x00, 0x00, 0x00, 0x00, 0x00, 0x00, 0x00, 0x00, 0x00, 0x00, 0x00, 0x00,
    0x00, 0x00, 0x00, 0x00, 0x00, 0x00, 0x00, 0x00, 0x00, 0x00, 0x00, 0x00, 0x00, 0x00, 0x00, 0x00,
    0x00, 0x00, 0x00, 0x00, 0x00, 0x00, 0x00, 0x00, 0x00, 0x00, 0x00, 0x00, 0x00, 0x00, 0x00, 0x00,
    0x00, 0x00, 0x00, 0x00, 0x00, 0x00, 0x00, 0x00, 0x00, 0x00, 0x00, 0x00, 0x00, 0x00, 0x00, 0x00,
    0x00, 0x00, 0x00, 0x00, 0x00, 0x00, 0x00, 0x00, 0x00, 0x00, 0x00, 0x00, 0x00, 0x00, 0x07, 0x1F,
    0x07, 0x5F, 0x07, 0x3F, 0x07, 0x3F, 0x07, 0x3F, 0x07, 0x3F, 0x07, 0x3F, 0x07, 0x3F, 0x07, 0x3F,
    0x00, 0x00, 0x00, 0x00, 0x00, 0x00, 0x00, 0x00, 0x00, 0x00, 0x00, 0x00, 0x00, 0x00, 0x00, 0x00,
    0x00, 0x00, 0x00, 0x00, 0x00, 0x00, 0x00, 0x00, 0x00, 0x00, 0x00, 0x00, 0x00, 0x00, 0x00, 0x00,
    0x00, 0x00, 0x00, 0x00, 0x00, 0x00, 0x00, 0x00, 0x00, 0x00, 0x00, 0x00, 0x00, 0x00, 0x00, 0x00,
    0x00, 0x00, 0x00, 0x00, 0x00, 0x00, 0x00, 0x00, 0x00, 0x00, 0x00, 0x00, 0x00, 0x00, 0x00, 0x00,
    0x00, 0x00, 0x00, 0x00, 0x00, 0x00, 0x00, 0x00, 0x00, 0x00, 0x00, 0x00, 0x00, 0x00, 0x00, 0x00,
    0x00, 0x00, 0x00, 0x00, 0x00, 0x00, 0x00, 0x00, 0x00, 0x00, 0x00, 0x00, 0x00, 0x00, 0x00, 0x00,
    0x00, 0x00, 0x00, 0x00, 0x00, 0x00, 0x00, 0x00, 0x00, 0x00, 0x00, 0x00, 0x00, 0x00, 0x00, 0x00,
    0x00, 0x00, 0x00, 0x00, 0x00, 0x00, 0x00, 0x00, 0x00, 0x00, 0x00, 0x00, 0x00, 0x00, 0x00, 0x00,
    0x00, 0x00, 0x07, 0x5F, 0x07, 0x3F, 0x07, 0x3F, 0x07, 0x3F, 0x07, 0x3F, 0x07, 0x3F, 0x07, 0x3F,
    0x07, 0x3F, 0x07, 0x3F, 0x07, 0x3F, 0x00, 0x00, 0x00, 0x00, 0x00, 0x00, 0x00, 0x00, 0x00, 0x00,
    0x00, 0x00, 0x00, 0x00, 0x00, 0x00, 0x00, 0x00, 0x00, 0x00, 0x00, 0x00, 0x00, 0x00, 0x00, 0x00,
    0x00, 0x00, 0x00, 0x00, 0x00, 0x00, 0x00, 0x00, 0x00, 0x00, 0x00, 0x00, 0x00, 0x00, 0x00, 0x00,
    0x00, 0x00, 0x00, 0x00, 0x00, 0x00, 0x00, 0x00, 0x00, 0x00, 0x00, 0x00, 0x00, 0x00, 0x00, 0x00,
    0x00, 0x00, 0x00, 0x00, 0x00, 0x00, 0x00, 0x00, 0x00, 0x00, 0x07, 0x3F, 0x07, 0x3F, 0x07, 0x3F,
    0x07, 0x3F, 0x07, 0x3F, 0x07, 0x3F, 0x07, 0x3F, 0x07, 0x3F, 0x07, 0x3F, 0x07, 0x1F, 0x00, 0x00,
    0x00, 0x00, 0x00, 0x00, 0x00, 0x00, 0x00, 0x00, 0x00, 0x00, 0x00, 0x00, 0x00, 0x00, 0x00, 0x00,
    0x00, 0x00, 0x00, 0x00, 0x00, 0x00, 0x00, 0x00, 0x00, 0x00, 0x00, 0x00, 0x00, 0x00, 0x00, 0x00,
    0x00, 0x00, 0x00, 0x00, 0x00, 0x00, 0x00, 0x00, 0x00, 0x00, 0x00, 0x00, 0x00, 0x00, 0x00, 0x00,
    0x00, 0x00, 0x00, 0x00, 0x00, 0x00, 0x00, 0x00, 0x00, 0x00, 0x00, 0x00, 0x00, 0x00, 0x00, 0x00,
    0x00, 0x00, 0x00, 0x00, 0x00, 0x00, 0x00, 0x00, 0x00, 0x00, 0x00, 0x00, 0x00, 0x00, 0x00, 0x00,
    0x00, 0x00, 0x00, 0x00, 0x00, 0x00, 0x00, 0x00, 0x00, 0x00, 0x00, 0x00, 0x00, 0x00, 0x00, 0x00,
    0x00, 0x00, 0x00, 0x00, 0x00, 0x00, 0x00, 0x00, 0x00, 0x00, 0x00, 0x00, 0x00, 0x00, 0x00, 0x00,
    0x00, 0x00, 0x00, 0x00, 0x00, 0x00, 0x00, 0x00, 0x00, 0x00, 0x00, 0x00, 0x00, 0x00, 0x00, 0x00,
    0x00, 0x00, 0x00, 0x00, 0x00, 0x00, 0x07, 0x5F, 0x07, 0x3F, 0x07, 0x3F, 0x07, 0x3F, 0x07, 0x3F,
    0x07, 0x3F, 0x07, 0x3F, 0x07, 0x3F, 0x07, 0x3F, 0x07, 0x3F, 0x07, 0x1F, 0x00, 0x00, 0x00, 0x00,
    0x00, 0x00, 0x00, 0x00, 0x00, 0x00, 0x00, 0x00, 0x00, 0x00, 0x00, 0x00, 0x00, 0x00, 0x00, 0x00,
    0x00, 0x00, 0x00, 0x00, 0x00, 0x00, 0x00, 0x00, 0x00, 0x00, 0x00, 0x00, 0x00, 0x00, 0x00, 0x00,
    0x00, 0x00, 0x00, 0x00, 0x00, 0x00, 0x00, 0x00, 0x00, 0x00, 0x00, 0x00, 0x00, 0x00, 0x00, 0x00,
    0x00, 0x00, 0x00, 0x00, 0x07, 0x1F, 0x07, 0x3F, 0x07, 0x3F, 0x07, 0x3F, 0x07, 0x3F, 0x07, 0x3F,
    0x07, 0x3F, 0x07, 0x3F, 0x07, 0x3F, 0x07, 0x3F, 0x07, 0x3F, 0x00, 0x00, 0x00, 0x00, 0x00, 0x00,
    0x00, 0x00, 0x00, 0x00, 0x00, 0x00, 0x00, 0x00, 0x00, 0x00, 0x00, 0x00, 0x00, 0x00, 0x00, 0x00,
    0x00, 0x00, 0x00, 0x00, 0x00, 0x00, 0x00, 0x00, 0x00, 0x00, 0x00, 0x00, 0x00, 0x00, 0x00, 0x00,
    0x00, 0x00, 0x00, 0x00, 0x00, 0x00, 0x00, 0x00, 0x00, 0x00, 0x00, 0x00, 0x00, 0x00, 0x00, 0x00,
    0x00, 0x00, 0x00, 0x00, 0x00, 0x00, 0x00, 0x00, 0x00, 0x00, 0x00, 0x00, 0x00, 0x00, 0x00, 0x00,
    0x00, 0x00, 0x00, 0x00, 0x00, 0x00, 0x00, 0x00, 0x00, 0x00, 0x00, 0x00, 0x00, 0x00, 0x00, 0x00,
    0x00, 0x00, 0x00, 0x00, 0x00, 0x00, 0x00, 0x00, 0x00, 0x00, 0x00, 0x00, 0x00, 0x00, 0x00, 0x00,
    0x00, 0x00, 0x00, 0x00, 0x00, 0x00, 0x00, 0x00, 0x00, 0x00, 0x00, 0x00, 0x00, 0x00, 0x00, 0x00,
    0x00, 0x00, 0x00, 0x00, 0x00, 0x00, 0x00, 0x00, 0x00, 0x00, 0x00, 0x00, 0x00, 0x00, 0x00, 0x00,
    0x00, 0x00, 0x00, 0x00, 0x00, 0x00, 0x00, 0x00, 0x00, 0x00, 0x07, 0x3F, 0x07, 0x3F, 0x07, 0x3F,
    0x07, 0x3F, 0x07, 0x3F, 0x07, 0x3F, 0x07, 0x3F, 0x07, 0x3F, 0x07, 0x3F, 0x07, 0x3F, 0x07, 0x3F,
    0x07, 0x3F, 0x00, 0x00, 0x00, 0x00, 0x00, 0x00, 0x00, 0x00, 0x00, 0x00, 0x00, 0x00, 0x00, 0x00,
    0x00, 0x00, 0x00, 0x00, 0x00, 0x00, 0x00, 0x00, 0x00, 0x00, 0x00, 0x00, 0x00, 0x00, 0x00, 0x00,
    0x00, 0x00, 0x00, 0x00, 0x00, 0x00, 0x00, 0x00, 0x00, 0x00, 0x00, 0x00, 0x00, 0x00, 0x07, 0x3F,
    0x07, 0x3F, 0x07, 0x3F, 0x07, 0x3F, 0x07, 0x3F, 0x07, 0x3F, 0x07, 0x3F, 0x07, 0x3F, 0x07, 0x3F,
    0x07, 0x3F, 0x07, 0x3F, 0x07, 0x3F, 0x00, 0x00, 0x00, 0x00, 0x00, 0x00, 0x00, 0x00, 0x00, 0x00,
    0x00, 0x00, 0x00, 0x00, 0x00, 0x00, 0x00, 0x00, 0x00, 0x00, 0x00, 0x00, 0x00, 0x00, 0x00, 0x00,
    0x00, 0x00, 0x00, 0x00, 0x00, 0x00, 0x00, 0x00, 0x00, 0x00, 0x00, 0x00, 0x00, 0x00, 0x00, 0x00,
    0x00, 0x00, 0x00, 0x00, 0x00, 0x00, 0x00, 0x00, 0x00, 0x00, 0x00, 0x00, 0x00, 0x00, 0x00, 0x00,
    0x00, 0x00, 0x00, 0x00, 0x00, 0x00, 0x00, 0x00, 0x00, 0x00, 0x00, 0x00, 0x00, 0x00, 0x00, 0x00,
    0x00, 0x00, 0x00, 0x00, 0x00, 0x00, 0x00, 0x00, 0x00, 0x00, 0x00, 0x00, 0x00, 0x00, 0x00, 0x00,
    0x00, 0x00, 0x00, 0x00, 0x00, 0x00, 0x00, 0x00, 0x00, 0x00, 0x00, 0x00, 0x00, 0x00, 0x00, 0x00,
    0x00, 0x00, 0x00, 0x00, 0x00, 0x00, 0x00, 0x00, 0x00, 0x00, 0x00, 0x00, 0x00, 0x00, 0x00, 0x00,
    0x00, 0x00, 0x00, 0x00, 0x00, 0x00, 0x00, 0x00, 0x00, 0x00, 0x00, 0x00, 0x00, 0x00, 0x00, 0x00,
    0x00, 0x00, 0x00, 0x00, 0x00, 0x00, 0x00, 0x00, 0x00, 0x00, 0x00, 0x00, 0x00, 0x00, 0x07, 0x3F,
    0x07, 0x3F, 0x07, 0x3F, 0x07, 0x3F, 0x07, 0x3F, 0x07, 0x3F, 0x07, 0x3F, 0x07, 0x3F, 0x07, 0x3F,
    0x07, 0x3F, 0x07, 0x3F, 0x07, 0x3F, 0x07, 0x3F, 0x07, 0x3F, 0x07, 0x3F, 0x07, 0x1F, 0x00, 0x00,
    0x00, 0x00, 0x00, 0x00, 0x00, 0x00, 0x00, 0x00, 0x00, 0x00, 0x00, 0x00, 0x00, 0x00, 0x00, 0x00,
    0x00, 0x00, 0x07, 0x1F, 0x07, 0x3F, 0x07, 0x3F, 0x07, 0x3F, 0x07, 0x3F, 0x07, 0x3F, 0x07, 0x3F,
    0x07, 0x3F, 0x07, 0x3F, 0x07, 0x3F, 0x07, 0x3F, 0x07, 0x3F, 0x07, 0x3F, 0x07, 0x3F, 0x07, 0x3F,
    0x07, 0x3F, 0x00, 0x00, 0x00, 0x00, 0x00, 0x00, 0x00, 0x00, 0x00, 0x00, 0x00, 0x00, 0x00, 0x00,
    0x00, 0x00, 0x00, 0x00, 0x00, 0x00, 0x00, 0x00, 0x00, 0x00, 0x00, 0x00, 0x00, 0x00, 0x00, 0x00,
    0x00, 0x00, 0x00, 0x00, 0x00, 0x00, 0x00, 0x00, 0x00, 0x00, 0x00, 0x00, 0x00, 0x00, 0x00, 0x00,
    0x00, 0x00, 0x00, 0x00, 0x00, 0x00, 0x00, 0x00, 0x00, 0x00, 0x00, 0x00, 0x00, 0x00, 0x00, 0x00,
    0x00, 0x00, 0x00, 0x00, 0x00, 0x00, 0x00, 0x00, 0x00, 0x00, 0x00, 0x00, 0x00, 0x00, 0x00, 0x00,
    0x00, 0x00, 0x00, 0x00, 0x00, 0x00, 0x00, 0x00, 0x00, 0x00, 0x00, 0x00, 0x00, 0x00, 0x00, 0x00,
    0x00, 0x00, 0x00, 0x00, 0x00, 0x00, 0x00, 0x00, 0x00, 0x00, 0x00, 0x00, 0x00, 0x00, 0x00, 0x00,
    0x00, 0x00, 0x00, 0x00, 0x00, 0x00, 0x00, 0x00, 0x00, 0x00, 0x00, 0x00, 0x00, 0x00, 0x00, 0x00,
    0x00, 0x00, 0x00, 0x00, 0x00, 0x00, 0x00, 0x00, 0x00, 0x00, 0x00, 0x00, 0x00, 0x00, 0x00, 0x00,
    0x00, 0x00, 0x00, 0x00, 0x00, 0x00, 0x00, 0x00, 0x00, 0x00, 0x00, 0x00, 0x00, 0x00, 0x00, 0x00,
    0x00, 0x00, 0x07, 0x5F, 0x07, 0x3F, 0x07, 0x5F, 0x07, 0x3F, 0x07, 0x3F, 0x07, 0x3F, 0x07, 0x3F,
    0x07, 0x3F, 0x07, 0x3F, 0x07, 0x3F, 0x07, 0x3F, 0x07, 0x3F, 0x07, 0x3F, 0x07, 0x3F, 0x07, 0x3F,
    0x07, 0x3F, 0x07, 0x3F, 0x07, 0x3F, 0x07, 0x3F, 0x07, 0x3F, 0x07, 0x3F, 0x07, 0x3F, 0x07, 0x3F,
    0x07, 0x3F, 0x07, 0x3F, 0x07, 0x3F, 0x07, 0x3F, 0x07, 0x3F, 0x07, 0x3F, 0x07, 0x3F, 0x07, 0x3F,
    0x07, 0x3F, 0x07, 0x3F, 0x07, 0x3F, 0x07, 0x3F, 0x07, 0x3F, 0x07, 0x3F, 0x07, 0x1F, 0x00, 0x00,
    0x00, 0x00, 0x00, 0x00, 0x00, 0x00, 0x00, 0x00, 0x00, 0x00, 0x00, 0x00, 0x00, 0x00, 0x00, 0x00,
    0x00, 0x00, 0x00, 0x00, 0x00, 0x00, 0x00, 0x00, 0x00, 0x00, 0x00, 0x00, 0x00, 0x00, 0x00, 0x00,
    0x00, 0x00, 0x00, 0x00, 0x00, 0x00, 0x00, 0x00, 0x00, 0x00, 0x00, 0x00, 0x00, 0x00, 0x00, 0x00,
    0x00, 0x00, 0x00, 0x00, 0x00, 0x00, 0x00, 0x00, 0x00, 0x00, 0x00, 0x00, 0x00, 0x00, 0x00, 0x00,
    0x00, 0x00, 0x00, 0x00, 0x00, 0x00, 0x00, 0x00, 0x00, 0x00, 0x00, 0x00, 0x00, 0x00, 0x00, 0x00,
    0x00, 0x00, 0x00, 0x00, 0x00, 0x00, 0x00, 0x00, 0x00, 0x00, 0x00, 0x00, 0x00, 0x00, 0x00, 0x00,
    0x00, 0x00, 0x00, 0x00, 0x00, 0x00, 0x00, 0x00, 0x00, 0x00, 0x00, 0x00, 0x00, 0x00, 0x00, 0x00,
    0x00, 0x00, 0x00, 0x00, 0x00, 0x00, 0x00, 0x00, 0x00, 0x00, 0x00, 0x00, 0x00, 0x00, 0x00, 0x00,
    0x00, 0x00, 0x00, 0x00, 0x00, 0x00, 0x00, 0x00, 0x00, 0x00, 0x00, 0x00, 0x00, 0x00, 0x00, 0x00,
    0x00, 0x00, 0x00, 0x00, 0x00, 0x00, 0x00, 0x00, 0x00, 0x00, 0x00, 0x00, 0x00, 0x00, 0x00, 0x00,
    0x00, 0x00, 0x00, 0x00, 0x00, 0x00, 0x00, 0x00, 0x07, 0x3F, 0x07, 0x3F, 0x07, 0x3F, 0x07, 0x3F,
    0x07, 0x3F, 0x07, 0x3F, 0x07, 0x3F, 0x07, 0x3F, 0x07, 0x3F, 0x07, 0x3F, 0x07, 0x3F, 0x07, 0x3F,
    0x07, 0x3F, 0x07, 0x3F, 0x07, 0x3F, 0x07, 0x3F, 0x07, 0x3F, 0x07, 0x3F, 0x07, 0x3F, 0x07, 0x3F,
    0x07, 0x3F, 0x07, 0x3F, 0x07, 0x3F, 0x07, 0x3F, 0x07, 0x3F, 0x07, 0x3F, 0x07, 0x3F, 0x07, 0x3F,
    0x07, 0x3F, 0x07, 0x3F, 0x07, 0x3F, 0x07, 0x3F, 0x00, 0x00, 0x00, 0x00, 0x00, 0x00, 0x00, 0x00,
    0x00, 0x00, 0x00, 0x00, 0x00, 0x00, 0x00, 0x00, 0x00, 0x00, 0x00, 0x00, 0x00, 0x00, 0x00, 0x00,
    0x00, 0x00, 0x00, 0x00, 0x00, 0x00, 0x00, 0x00, 0x00, 0x00, 0x00, 0x00, 0x00, 0x00, 0x00, 0x00,
    0x00, 0x00, 0x00, 0x00, 0x00, 0x00, 0x00, 0x00, 0x00, 0x00, 0x00, 0x00, 0x00, 0x00, 0x00, 0x00,
    0x00, 0x00, 0x00, 0x00, 0x00, 0x00, 0x00, 0x00, 0x00, 0x00, 0x00, 0x00, 0x00, 0x00, 0x00, 0x00,
    0x00, 0x00, 0x00, 0x00, 0x00, 0x00, 0x00, 0x00, 0x00, 0x00, 0x00, 0x00, 0x00, 0x00, 0x00, 0x00,
    0x00, 0x00, 0x00, 0x00, 0x00, 0x00, 0x00, 0x00, 0x00, 0x00, 0x00, 0x00, 0x00, 0x00, 0x00, 0x00,
    0x00, 0x00, 0x00, 0x00, 0x00, 0x00, 0x00, 0x00, 0x00, 0x00, 0x00, 0x00, 0x00, 0x00, 0x00, 0x00,
    0x00, 0x00, 0x00, 0x00, 0x00, 0x00, 0x00, 0x00, 0x00, 0x00, 0x00, 0x00, 0x00, 0x00, 0x00, 0x00,
    0x00, 0x00, 0x00, 0x00, 0x00, 0x00, 0x00, 0x00, 0x00, 0x00, 0x00, 0x00, 0x00, 0x00, 0x00, 0x00,
    0x00, 0x00, 0x00, 0x00, 0x00, 0x00, 0x00, 0x00, 0x00, 0x00, 0x00, 0x00, 0x00, 0x00, 0x00, 0x00,
    0x00, 0x00, 0x00, 0x00, 0x00, 0x00, 0x00, 0x00, 0x00, 0x00, 0x00, 0x00, 0x00, 0x00, 0x07, 0x5F,
    0x07, 0x3F, 0x07, 0x3F, 0x07, 0x3F, 0x07, 0x3F, 0x07, 0x3F, 0x07, 0x3F, 0x07, 0x3F, 0x07, 0x3F,
    0x07, 0x3F, 0x07, 0x3F, 0x07, 0x3F, 0x07, 0x3F, 0x07, 0x3F, 0x07, 0x3F, 0x07, 0x3F, 0x07, 0x3F,
    0x07, 0x3F, 0x07, 0x3F, 0x07, 0x3F, 0x07, 0x3F, 0x07, 0x3F, 0x07, 0x3F, 0x07, 0x3F, 0x07, 0x3F,
    0x07, 0x1F, 0x00, 0x00, 0x00, 0x00, 0x00, 0x00, 0x00, 0x00, 0x00, 0x00, 0x00, 0x00, 0x00, 0x00,
    0x00, 0x00, 0x00, 0x00, 0x00, 0x00, 0x00, 0x00, 0x00, 0x00, 0x00, 0x00, 0x00, 0x00, 0x00, 0x00,
    0x00, 0x00, 0x00, 0x00, 0x00, 0x00, 0x00, 0x00, 0x00, 0x00, 0x00, 0x00, 0x00, 0x00, 0x00, 0x00,
    0x00, 0x00, 0x00, 0x00, 0x00, 0x00, 0x00, 0x00, 0x00, 0x00, 0x00, 0x00, 0x00, 0x00, 0x00, 0x00,
    0x00, 0x00, 0x00, 0x00, 0x00, 0x00, 0x00, 0x00, 0x00, 0x00, 0x00, 0x00, 0x00, 0x00, 0x00, 0x00,
    0x00, 0x00, 0x00, 0x00, 0x00, 0x00, 0x00, 0x00, 0x00, 0x00, 0x00, 0x00, 0x00, 0x00, 0x00, 0x00,
    0x00, 0x00, 0x00, 0x00, 0x00, 0x00, 0x00, 0x00, 0x00, 0x00, 0x00, 0x00, 0x00, 0x00, 0x00, 0x00,
    0x00, 0x00, 0x00, 0x00, 0x00, 0x00, 0x00, 0x00, 0x00, 0x00, 0x00, 0x00, 0x00, 0x00, 0x00, 0x00,
    0x00, 0x00, 0x00, 0x00, 0x00, 0x00, 0x00, 0x00, 0x00, 0x00, 0x00, 0x00, 0x00, 0x00, 0x00, 0x00,
    0x00, 0x00, 0x00, 0x00, 0x00, 0x00, 0x00, 0x00, 0x00, 0x00, 0x00, 0x00, 0x00, 0x00, 0x00, 0x00,
    0x00, 0x00, 0x00, 0x00, 0x00, 0x00, 0x00, 0x00, 0x00, 0x00, 0x00, 0x00, 0x00, 0x00, 0x00, 0x00,
    0x00, 0x00, 0x00, 0x00, 0x00, 0x00, 0x00, 0x00, 0x00, 0x00, 0x00, 0x00, 0x00, 0x00, 0x00, 0x00,
    0x00, 0x00, 0x00, 0x00, 0x00, 0x00, 0x00, 0x00, 0x07, 0x3F, 0x07, 0x3F, 0x07, 0x3F, 0x07, 0x3F,
    0x07, 0x3F, 0x07, 0x3F, 0x07, 0x3F, 0x07, 0x3F, 0x07, 0x3F, 0x07, 0x3F, 0x07, 0x3F, 0x07, 0x3F,
    0x07, 0x3F, 0x07, 0x3F, 0x07, 0x3F, 0x07, 0x1F, 0x00, 0x00, 0x00, 0x00, 0x00, 0x00, 0x00, 0x00,
    0x00, 0x00, 0x00, 0x00, 0x00, 0x00, 0x00, 0x00, 0x00, 0x00, 0x00, 0x00, 0x00, 0x00, 0x00, 0x00,
    0x00, 0x00, 0x00, 0x00, 0x00, 0x00, 0x00, 0x00, 0x00, 0x00, 0x00, 0x00, 0x00, 0x00, 0x00, 0x00,
    0x00, 0x00, 0x00, 0x00, 0x00, 0x00, 0x00, 0x00, 0x00, 0x00, 0x00, 0x00, 0x00, 0x00, 0x00, 0x00,
    0x00, 0x00, 0x00, 0x00, 0x00, 0x00, 0x00, 0x00, 0x00, 0x00, 0x00, 0x00, 0x00, 0x00, 0x00, 0x00,
    0x00, 0x00, 0x00, 0x00, 0x00, 0x00, 0x00, 0x00, 0x00, 0x00, 0x00, 0x00, 0x00, 0x00, 0x00, 0x00,
    0x00, 0x00, 0x00, 0x00, 0x00, 0x00, 0x00, 0x00, 0x00, 0x00, 0x00, 0x00, 0x00, 0x00, 0x00, 0x00,
    0x00, 0x00, 0x00, 0x00, 0x00, 0x00, 0x00, 0x00, 0x00, 0x00, 0x00, 0x00, 0x00, 0x00, 0x00, 0x00,
    0x00, 0x00, 0x00, 0x00, 0x00, 0x00, 0x00, 0x00, 0x00, 0x00, 0x00, 0x00, 0x00, 0x00, 0x00, 0x00,
    0x00, 0x00, 0x00, 0x00, 0x00, 0x00, 0x00, 0x00, 0x00, 0x00, 0x00, 0x00, 0x00, 0x00, 0x00, 0x00,
    0x00, 0x00, 0x00, 0x00, 0x00, 0x00, 0x00, 0x00, 0x00, 0x00, 0x00, 0x00, 0x00, 0x00, 0x00, 0x00,
    0x00, 0x00, 0x00, 0x00, 0x00, 0x00, 0x00, 0x00, 0x00, 0x00, 0x00, 0x00, 0x00, 0x00, 0x00, 0x00,
    0x00, 0x00, 0x00, 0x00, 0x00, 0x00, 0x00, 0x00, 0x00, 0x00, 0x00, 0x00, 0x00, 0x00, 0x00, 0x00,
    0x00, 0x00, 0x00, 0x00, 0x00, 0x00, 0x00, 0x00, 0x00, 0x00, 0x00, 0x00, 0x00, 0x00, 0x00, 0x00,
    0x00, 0x00, 0x00, 0x00, 0x00, 0x00, 0x00, 0x00, 0x00, 0x00, 0x00, 0x00, 0x00, 0x00, 0x00, 0x00,
    0x00, 0x00, 0x00, 0x00, 0x00, 0x00, 0x00, 0x00, 0x00, 0x00, 0x00, 0x00, 0x00, 0x00, 0x00, 0x00,
    0x00, 0x00, 0x00, 0x00, 0x00, 0x00, 0x00, 0x00, 0x00, 0x00, 0x00, 0x00, 0x00, 0x00, 0x00, 0x00,
    0x00, 0x00, 0x00, 0x00, 0x00, 0x00, 0x00, 0x00, 0x00, 0x00, 0x00, 0x00, 0x00, 0x00, 0x00, 0x00,
    0x00, 0x00, 0x00, 0x00, 0x00, 0x00, 0x00, 0x00, 0x00, 0x00, 0x00, 0x00, 0x00, 0x00, 0x00, 0x00,
    0x00, 0x00, 0x00, 0x00, 0x00, 0x00, 0x00, 0x00, 0x00, 0x00, 0x00, 0x00, 0x00, 0x00, 0x00, 0x00,
    0x00, 0x00, 0x00, 0x00, 0x00, 0x00, 0x00, 0x00, 0x00, 0x00, 0x00, 0x00, 0x00, 0x00, 0x00, 0x00,
    0x00, 0x00, 0x00, 0x00, 0x00, 0x00, 0x00, 0x00, 0x00, 0x00, 0x00, 0x00, 0x00, 0x00, 0x00, 0x00,
    0x00, 0x00, 0x00, 0x00, 0x00, 0x00, 0x00, 0x00, 0x00, 0x00, 0x00, 0x00, 0x00, 0x00, 0x00, 0x00,
    0x00, 0x00, 0x00, 0x00, 0x00, 0x00, 0x00, 0x00, 0x00, 0x00, 0x00, 0x00, 0x00, 0x00, 0x00, 0x00,
    0x00, 0x00, 0x00, 0x00, 0x00, 0x00, 0x00, 0x00, 0x00, 0x00, 0x00, 0x00, 0x00, 0x00, 0x00, 0x00,
    0x00, 0x00, 0x00, 0x00, 0x00, 0x00, 0x00, 0x00, 0x00, 0x00, 0x00, 0x00, 0x00, 0x00, 0x00, 0x00,
    0x00, 0x00, 0x00, 0x00, 0x00, 0x00, 0x00, 0x00, 0x00, 0x00, 0x00, 0x00, 0x00, 0x00, 0x00, 0x00,
    0x00, 0x00, 0x00, 0x00, 0x00, 0x00, 0x00, 0x00, 0x00, 0x00, 0x00, 0x00, 0x00, 0x00, 0x00, 0x00,
    0x00, 0x00, 0x00, 0x00, 0x00, 0x00, 0x00, 0x00, 0x00, 0x00, 0x00, 0x00, 0x00, 0x00, 0x00, 0x00,
    0x00, 0x00, 0x00, 0x00, 0x00, 0x00, 0x00, 0x00, 0x00, 0x00, 0x00, 0x00, 0x00, 0x00, 0x00, 0x00,
    0x00, 0x00, 0x00, 0x00, 0x00, 0x00, 0x00, 0x00, 0x00, 0x00, 0x00, 0x00, 0x00, 0x00, 0x00, 0x00,
    0x00, 0x00, 0x00, 0x00, 0x00, 0x00, 0x00, 0x00, 0x00, 0x00, 0x00, 0x00, 0x00, 0x00, 0x00, 0x00,
    0x00, 0x00, 0x00, 0x00, 0x00, 0x00, 0x00, 0x00, 0x00, 0x00, 0x00, 0x00, 0x00, 0x00, 0x00, 0x00,
    0x00, 0x00, 0x00, 0x00, 0x00, 0x00, 0x00, 0x00, 0x00, 0x00, 0x00, 0x00, 0x00, 0x00, 0x00, 0x00,
    0x00, 0x00, 0x00, 0x00, 0x00, 0x00, 0x00, 0x00, 0x00, 0x00, 0x00, 0x00, 0x00, 0x00, 0x00, 0x00,
    0x00, 0x00, 0x00, 0x00, 0x00, 0x00, 0x00, 0x00, 0x00, 0x00, 0x00, 0x00, 0x00, 0x00, 0x00, 0x00,
    0x00, 0x00, 0x00, 0x00, 0x00, 0x00, 0x00, 0x00, 0x00, 0x00, 0x00, 0x00, 0x00, 0x00, 0x00, 0x00,
    0x00, 0x00, 0x00, 0x00, 0x00, 0x00, 0x00, 0x00, 0x00, 0x00, 0x00, 0x00, 0x00, 0x00, 0x00, 0x00,
    0x00, 0x00, 0x00, 0x00, 0x00, 0x00, 0x00, 0x00, 0x00, 0x00, 0x00, 0x00, 0x00, 0x00, 0x00, 0x00,
    0x00, 0x00, 0x00, 0x00, 0x00, 0x00, 0x00, 0x00, 0x00, 0x00, 0x00, 0x00, 0x00, 0x00, 0x00, 0x00,
    0x00, 0x00, 0x00, 0x00, 0x00, 0x00, 0x00, 0x00, 0x00, 0x00, 0x00, 0x00, 0x00, 0x00, 0x00, 0x00,
    0x00, 0x00, 0x00, 0x00, 0x00, 0x00, 0x00, 0x00, 0x00, 0x00, 0x00, 0x00, 0x00, 0x00, 0x00, 0x00,
    0x00, 0x00, 0x00, 0x00, 0x00, 0x00, 0x00, 0x00, 0x00, 0x00, 0x00, 0x00, 0x00, 0x00, 0x00, 0x00,
    0x00, 0x00, 0x00, 0x00, 0x00, 0x00, 0x00, 0x00, 0x00, 0x00, 0x00, 0x00, 0x00, 0x00, 0x00, 0x00,
    0x00, 0x00, 0x00, 0x00, 0x00, 0x00, 0x00, 0x00, 0x00, 0x00, 0x00, 0x00, 0x00, 0x00, 0x00, 0x00,
    0x00, 0x00, 0x00, 0x00, 0x00, 0x00, 0x00, 0x00, 0x00, 0x00, 0x00, 0x00, 0x00, 0x00, 0x00, 0x00,
    0x00, 0x00, 0x00, 0x00, 0x00, 0x00, 0x00, 0x00, 0x00, 0x00, 0x00, 0x00, 0x00, 0x00, 0x00, 0x00,
    0x00, 0x00, 0x00, 0x00, 0x00, 0x00, 0x00, 0x00, 0x00, 0x00, 0x00, 0x00, 0x00, 0x00, 0x00, 0x00,
    0x00, 0x00, 0x00, 0x00, 0x00, 0x00, 0x00, 0x00, 0x00, 0x00, 0x00, 0x00, 0x00, 0x00, 0x00, 0x00,
    0x00, 0x00, 0x00, 0x00, 0x00, 0x00, 0x00, 0x00, 0x00, 0x00, 0x00, 0x00, 0x00, 0x00, 0x00, 0x00,
    0x00, 0x00, 0x00, 0x00, 0x00, 0x00, 0x00, 0x00, 0x00, 0x00, 0x00, 0x00, 0x00, 0x00, 0x00, 0x00,
    0x00, 0x00, 0x00, 0x00, 0x00, 0x00, 0x00, 0x00, 0x00, 0x00, 0x00, 0x00, 0x00, 0x00, 0x00, 0x00
};

const uint8_t img_odo_map[] = {
    0x00, 0x00, 0x00, 0x00, 0x07, 0xFF, 0x07, 0x1F, 0x07, 0x5F, 0x07, 0x5F, 0x07, 0x5F, 0x07, 0x5F,
    0x07, 0x5F, 0x07, 0x5F, 0x07, 0x5F, 0x07, 0x5F, 0x07, 0x5F, 0x07, 0x5F, 0x07, 0x5F, 0x07, 0x5F,
    0x07, 0x5F, 0x07, 0x5F, 0x07, 0x5F, 0x07, 0x5F, 0x07, 0x5F, 0x07, 0x5F, 0x07, 0x5F, 0x07, 0x5F,
    0x07, 0x5F, 0x07, 0x5F, 0x07, 0x5F, 0x07, 0x5F, 0x07, 0x5F, 0x07, 0x5F, 0x07, 0x5F, 0x07, 0x5F,
    0x07, 0x5F, 0x07, 0x5F, 0x07, 0x5F, 0x07, 0x5F, 0x07, 0x5F, 0x07, 0x5F, 0x07, 0x5F, 0x07, 0x5F,
    0x07, 0x5F, 0x07, 0x5F, 0x07, 0x5F, 0x07, 0x5F, 0x07, 0x5F, 0x07, 0x5F, 0x07, 0x5F, 0x07, 0x5F,
    0x07, 0x5F, 0x07, 0x5F, 0x07, 0x5F, 0x07, 0x5F, 0x07, 0x5F, 0x07, 0x5F, 0x07, 0x5F, 0x07, 0x5F,
    0x07, 0x5F, 0x07, 0x5F, 0x07, 0x5F, 0x07, 0x5F, 0x07, 0x5F, 0x07, 0x1F, 0x07, 0x1F, 0x00, 0x00,
    0x00, 0x00, 0x00, 0x00, 0x07, 0x5F, 0x07, 0x5F, 0x07, 0x7F, 0x07, 0x3F, 0x07, 0x1F, 0x07, 0x1F,
    0x07, 0x1F, 0x07, 0x1F, 0x07, 0x1F, 0x07, 0x1F, 0x07, 0x1F, 0x07, 0x1F, 0x07, 0x1F, 0x07, 0x1F,
    0x07, 0x1F, 0x07, 0x1F, 0x07, 0x1F, 0x07, 0x1F, 0x07, 0x1F, 0x07, 0x1F, 0x07, 0x1F, 0x07, 0x1F,
    0x07, 0x1F, 0x07, 0x1F, 0x07, 0x1F, 0x07, 0x1F, 0x07, 0x1F, 0x07, 0x1F, 0x07, 0x1F, 0x07, 0x1F,
    0x07, 0x1F, 0x07, 0x1F, 0x07, 0x1F, 0x07, 0x1F, 0x07, 0x1F, 0x07, 0x1F, 0x07, 0x1F, 0x07, 0x1F,
    0x07, 0x1F, 0x07, 0x1F, 0x07, 0x1F, 0x07, 0x1F, 0x07, 0x1F, 0x07, 0x1F, 0x07, 0x1F, 0x07, 0x1F,
    0x07, 0x1F, 0x07, 0x1F, 0x07, 0x1F, 0x07, 0x1F, 0x07, 0x1F, 0x07, 0x1F, 0x07, 0x1F, 0x07, 0x1F,
    0x07, 0x1F, 0x07, 0x1F, 0x07, 0x1F, 0x07, 0x1F, 0x07, 0x1F, 0x07, 0x1F, 0x07, 0x7F, 0x07, 0x5F,
    0x07, 0x5F, 0x00, 0x00, 0x07, 0x1F, 0x07, 0x5F, 0x07, 0x3F, 0x07, 0x1F, 0x07, 0x1F, 0x07, 0x1F,
    0x07, 0x1F, 0x07, 0x1F, 0x07, 0x1F, 0x07, 0x1F, 0x07, 0x1F, 0x07, 0x1F, 0x07, 0x1F, 0x07, 0x1F,
    0x07, 0x1F, 0x07, 0x1F, 0x07, 0x1F, 0x07, 0x1F, 0x07, 0x1F, 0x07, 0x1F, 0x07, 0x1F, 0x07, 0x1F,
    0x07, 0x1F, 0x07, 0x1F, 0x07, 0x1F, 0x07, 0x1F, 0x07, 0x1F, 0x07, 0x1F, 0x07, 0x1F, 0x07, 0x1F,
    0x07, 0x1F, 0x07, 0x1F, 0x07, 0x1F, 0x07, 0x1F, 0x07, 0x1F, 0x07, 0x1F, 0x07, 0x1F, 0x07, 0x1F,
    0x07, 0x1F, 0x07, 0x1F, 0x07, 0x1F, 0x07, 0x1F, 0x07, 0x1F, 0x07, 0x1F, 0x07, 0x1F, 0x07, 0x1F,
    0x07, 0x1F, 0x07, 0x1F, 0x07, 0x1F, 0x07, 0x1F, 0x07, 0x1F, 0x07, 0x1F, 0x07, 0x1F, 0x07, 0x1F,
    0x07, 0x1F, 0x07, 0x1F, 0x07, 0x1F, 0x07, 0x1F, 0x07, 0x1F, 0x07, 0x1F, 0x07, 0x1F, 0x07, 0x1F,
    0x07, 0x3F, 0x07, 0x5F, 0x06, 0xBF, 0x07, 0x1F, 0x07, 0x7F, 0x07, 0x1F, 0x07, 0x1F, 0x07, 0x1F,
    0x07, 0x1F, 0x07, 0x1F, 0x07, 0x1F, 0x07, 0x1F, 0x07, 0x1F, 0x07, 0x1F, 0x07, 0x1F, 0x07, 0x1F,
    0x07, 0x1F, 0x07, 0x1F, 0x07, 0x1F, 0x07, 0x1F, 0x07, 0x1F, 0x07, 0x1F, 0x07, 0x1F, 0x07, 0x1F,
    0x07, 0x1F, 0x07, 0x1F, 0x07, 0x1F, 0x07, 0x1F, 0x07, 0x1F, 0x07, 0x1F, 0x07, 0x1F, 0x07, 0x1F,
    0x07, 0x1F, 0x07, 0x1F, 0x07, 0x1F, 0x07, 0x1F, 0x07, 0x1F, 0x07, 0x1F, 0x07, 0x1F, 0x07, 0x1F,
    0x07, 0x1F, 0x07, 0x1F, 0x07, 0x1F, 0x07, 0x1F, 0x07, 0x1F, 0x07, 0x1F, 0x07, 0x1F, 0x07, 0x1F,
    0x07, 0x1F, 0x07, 0x1F, 0x07, 0x1F, 0x07, 0x1F, 0x07, 0x1F, 0x07, 0x1F, 0x07, 0x1F, 0x07, 0x1F,
    0x07, 0x1F, 0x07, 0x1F, 0x07, 0x1F, 0x07, 0x1F, 0x07, 0x1F, 0x07, 0x1F, 0x07, 0x1F, 0x07, 0x1F,
    0x07, 0x1F, 0x07, 0x1F, 0x06, 0xBF, 0x07, 0x9F, 0x07, 0x5F, 0x07, 0x1F, 0x07, 0x1F, 0x07, 0x1F,
    0x07, 0x1F, 0x07, 0x1F, 0x07, 0x1F, 0x07, 0x1F, 0x07, 0x1F, 0x07, 0x1F, 0x07, 0x1F, 0x07, 0x1F,
    0x07, 0x1F, 0x07, 0x1F, 0x07, 0x1F, 0x07, 0x1F, 0x07, 0x1F, 0x07, 0x1F, 0x07, 0x1F, 0x07, 0x1F,
    0x07, 0x1F, 0x07, 0x1F, 0x07, 0x1F, 0x07, 0x1F, 0x07, 0x1F, 0x07, 0x1F, 0x07, 0x1F, 0x07, 0x1F,
    0x07, 0x1F, 0x07, 0x1F, 0x07, 0x1F, 0x07, 0x1F, 0x07, 0x1F, 0x07, 0x1F, 0x07, 0x1F, 0x07, 0x1F,
    0x07, 0x1F, 0x07, 0x1F, 0x07, 0x1F, 0x07, 0x1F, 0x07, 0x1F, 0x07, 0x1F, 0x07, 0x1F, 0x07, 0x1F,
    0x07, 0x1F, 0x07, 0x1F, 0x07, 0x1F, 0x07, 0x1F, 0x07, 0x1F, 0x07, 0x1F, 0x07, 0x1F, 0x07, 0x1F,
    0x07, 0x1F, 0x07, 0x1F, 0x07, 0x1F, 0x07, 0x1F, 0x07, 0x1F, 0x07, 0x1F, 0x07, 0x1F, 0x07, 0x1F,
    0x07, 0x1F, 0x07, 0x1F, 0x07, 0x1F, 0x07, 0x3F, 0x07, 0xBF, 0x07, 0x5F, 0x07, 0x1F, 0x07, 0x1F,
    0x07, 0x1F, 0x07, 0x1F, 0x07, 0x1F, 0x07, 0x1F, 0x07, 0x1F, 0x07, 0x1F, 0x07, 0x1F, 0x07, 0x1F,
    0x07, 0x1F, 0x07, 0x1F, 0x07, 0x1F, 0x07, 0x1F, 0x07, 0x1F, 0x07, 0x1F, 0x07, 0x1F, 0x07, 0x1F,
    0x07, 0x1F, 0x07, 0x1F, 0x07, 0x1F, 0x07, 0x1F, 0x07, 0x1F, 0x07, 0x1F, 0x07, 0x1F, 0x07, 0x1F,
    0x07, 0x1F, 0x07, 0x1F, 0x07, 0x1F, 0x07, 0x1F, 0x07, 0x1F, 0x07, 0x1F, 0x07, 0x1F, 0x07, 0x1F,
    0x07, 0x1F, 0x07, 0x1F, 0x07, 0x1F, 0x07, 0x1F, 0x07, 0x1F, 0x07, 0x1F, 0x07, 0x1F, 0x07, 0x1F,
    0x07, 0x1F, 0x07, 0x1F, 0x07, 0x1F, 0x07, 0x1F, 0x07, 0x1F, 0x07, 0x1F, 0x07, 0x1F, 0x07, 0x1F,
    0x07, 0x1F, 0x07, 0x1F, 0x07, 0x1F, 0x07, 0x1F, 0x07, 0x1F, 0x07, 0x1F, 0x07, 0x1F, 0x07, 0x1F,
    0x07, 0x1F, 0x07, 0x1F, 0x07, 0x1F, 0x07, 0x1F, 0x07, 0x1F, 0x07, 0x5F, 0x07, 0x5F, 0x07, 0x1F,
    0x07, 0x1F, 0x07, 0x1F, 0x07, 0x1F, 0x07, 0x1F, 0x07, 0x1F, 0x07, 0x1F, 0x07, 0x1F, 0x07, 0x1F,
    0x07, 0x1F, 0x07, 0x1F, 0x07, 0x1F, 0x07, 0x1F, 0x07, 0x1F, 0x07, 0x1F, 0x07, 0x1F, 0x07, 0x1F,
    0x07, 0x1F, 0x07, 0x1F, 0x07, 0x1F, 0x07, 0x1F, 0x07, 0x1F, 0x07, 0x1F, 0x07, 0x1F, 0x07, 0x1F,
    0x07, 0x1F, 0x07, 0x1F, 0x07, 0x1F, 0x07, 0x1F, 0x07, 0x1F, 0x07, 0x1F, 0x07, 0x1F, 0x07, 0x1F,
    0x07, 0x1F, 0x07, 0x1F, 0x07, 0x1F, 0x07, 0x1F, 0x07, 0x1F, 0x07, 0x1F, 0x07, 0x1F, 0x07, 0x1F,
    0x07, 0x1F, 0x07, 0x1F, 0x07, 0x1F, 0x07, 0x1F, 0x07, 0x1F, 0x07, 0x1F, 0x07, 0x1F, 0x07, 0x1F,
    0x07, 0x1F, 0x07, 0x1F, 0x07, 0x1F, 0x07, 0x1F, 0x07, 0x1F, 0x07, 0x1F, 0x07, 0x1F, 0x07, 0x1F,
    0x07, 0x1F, 0x07, 0x1F, 0x07, 0x1F, 0x07, 0x1F, 0x07, 0x1F, 0x07, 0x1F, 0x07, 0x5F, 0x07, 0x5F,
    0x07, 0x1F, 0x07, 0x1F, 0x07, 0x1F, 0x07, 0x1F, 0x07, 0x1F, 0x07, 0x1F, 0x07, 0x1F, 0x07, 0x1F,
    0x07, 0x1F, 0x77, 0x7F, 0x4F, 0x5F, 0x07, 0x1F, 0x07, 0x1F, 0x4F, 0x5F, 0x77, 0x7F, 0x4F, 0x5F,
    0x07, 0x1F, 0x07, 0x1F, 0x07, 0x1F, 0x07, 0x1F, 0x4F, 0x5F, 0x77, 0x7F, 0x07, 0x1F, 0x07, 0x1F,
    0x07, 0x1F, 0x07, 0x1F, 0x07, 0x1F, 0x07, 0x1F, 0x07, 0x1F, 0x07, 0x1F, 0x07, 0x1F, 0x07, 0x1F,
    0x07, 0x1F, 0x07, 0x1F, 0x07, 0x1F, 0x07, 0x1F, 0x07, 0x1F, 0x07, 0x1F, 0x07, 0x1F, 0x07, 0x1F,
    0x07, 0x1F, 0x07, 0x1F, 0x07, 0x1F, 0x07, 0x1F, 0x07, 0x1F, 0x07, 0x1F, 0x07, 0x1F, 0x07, 0x1F,
    0x07, 0x1F, 0x07, 0x1F, 0x07, 0x1F, 0x07, 0x1F, 0x07, 0x1F, 0x07, 0x1F, 0x07, 0x1F, 0x07, 0x1F,
    0x07, 0x1F, 0x07, 0x1F, 0x07, 0x1F, 0x07, 0x1F, 0x07, 0x1F, 0x07, 0x1F, 0x07, 0x1F, 0x07, 0x5F,
    0x07, 0x5F, 0x07, 0x1F, 0x07, 0x1F, 0x07, 0x1F, 0x07, 0x1F, 0x07, 0x1F, 0x07, 0x1F, 0x07, 0x1F,
    0x77, 0x7F, 0xDF, 0xDF, 0xC7, 0xFF, 0xCF, 0xFF, 0x9F, 0x9F, 0x07, 0x1F, 0xBF, 0xFF, 0xD7, 0xDF,
    0xCF, 0xFF, 0xDF, 0xDF, 0x4F, 0x5F, 0x07, 0x1F, 0x77, 0x7F, 0xDF, 0xDF, 0xC7, 0xFF, 0xDF, 0xDF,
    0x77, 0x7F, 0x07, 0x1F, 0x07, 0x1F, 0x07, 0x1F, 0x07, 0x1F, 0x07, 0x1F, 0x07, 0x1F, 0x07, 0x1F,
    0x07, 0x1F, 0x07, 0x1F, 0x07, 0x1F, 0x07, 0x1F, 0x07, 0x1F, 0x07, 0x1F, 0x07, 0x1F, 0x07, 0x1F,
    0x07, 0x1F, 0x07, 0x1F, 0x07, 0x1F, 0x07, 0x1F, 0x07, 0x1F, 0x07, 0x1F, 0x07, 0x1F, 0x07, 0x1F,
    0x07, 0x1F, 0x07, 0x1F, 0x07, 0x1F, 0x07, 0x1F, 0x07, 0x1F, 0x07, 0x1F, 0x07, 0x1F, 0x07, 0x1F,
    0x07, 0x1F, 0x07, 0x1F, 0x07, 0x1F, 0x07, 0x1F, 0x07, 0x1F, 0x07, 0x1F, 0x07, 0x1F, 0x07, 0x1F,
    0x07, 0x5F, 0x07, 0x5F, 0x07, 0x1F, 0x07, 0x1F, 0x07, 0x1F, 0x07, 0x1F, 0x07, 0x1F, 0x07, 0x1F,
    0x07, 0x1F, 0xBF, 0xBF, 0x9F, 0x9F, 0x07, 0x1F, 0x07, 0x1F, 0xD7, 0xDF, 0x07, 0x1F, 0xBF, 0xFF,
    0xAF, 0xFF, 0x07, 0x1F, 0x87, 0x7F, 0xCF, 0xFF, 0x07, 0x1F, 0xD7, 0xFF, 0x07, 0x1F, 0x07, 0x1F,
    0x4F, 0x5F, 0xD7, 0xFF, 0x07, 0x1F, 0x07, 0x1F, 0x07, 0x1F, 0x07, 0x1F, 0x07, 0x1F, 0x07, 0x1F,
    0x07, 0x1F, 0x07, 0x1F, 0x07, 0x1F, 0x07, 0x1F, 0x07, 0x1F, 0x07, 0x1F, 0x07, 0x1F, 0x07, 0x1F,
    0x07, 0x1F, 0x07, 0x1F, 0x07, 0x1F, 0x07, 0x1F, 0x07, 0x1F, 0x07, 0x1F, 0x07, 0x1F, 0x07, 0x1F,
    0x07, 0x1F, 0x07, 0x1F, 0x07, 0x1F, 0x07, 0x1F, 0x07, 0x1F, 0x07, 0x1F, 0x07, 0x1F, 0x07, 0x1F,
    0x07, 0x1F, 0x07, 0x1F, 0x07, 0x1F, 0x07, 0x1F, 0x07, 0x1F, 0x07, 0x1F, 0x07, 0x1F, 0x07, 0x1F,
    0x07, 0x1F, 0x07, 0x5F, 0x07, 0x5F, 0x07, 0x1F, 0x07, 0x1F, 0x07, 0x1F, 0x07, 0x1F, 0x07, 0x1F,
    0x07, 0x1F, 0x07, 0x1F, 0xDF, 0xFF, 0x07, 0x1F, 0x07, 0x1F, 0x07, 0x1F, 0xD7, 0xFF, 0x07, 0x1F,
    0xBF, 0xFF, 0xAF, 0xFF, 0x07, 0x1F, 0x07, 0x1F, 0xDF, 0xFF, 0x07, 0x1F, 0xD7, 0xDF, 0x07, 0x1F,
    0x07, 0x1F, 0x07, 0x1F, 0xD7, 0xFF, 0x07, 0x1F, 0x07, 0x1F, 0x07, 0x1F, 0x07, 0x1F, 0x07, 0x1F,
    0x07, 0x1F, 0x07, 0x1F, 0x07, 0x1F, 0x07, 0x1F, 0x07, 0x1F, 0x07, 0x1F, 0x07, 0x1F, 0x07, 0x1F,
    0x07, 0x1F, 0x07, 0x1F, 0x07, 0x1F, 0x07, 0x1F, 0x07, 0x1F, 0x07, 0x1F, 0x07, 0x1F, 0x07, 0x1F,
    0x07, 0x1F, 0x07, 0x1F, 0x07, 0x1F, 0x07, 0x1F, 0x07, 0x1F, 0x07, 0x1F, 0x07, 0x1F, 0x07, 0x1F,
    0x07, 0x1F, 0x07, 0x1F, 0x07, 0x1F, 0x07, 0x1F, 0x07, 0x1F, 0x07, 0x1F, 0x07, 0x1F, 0x07, 0x1F,
    0x07, 0x1F, 0x07, 0x1F, 0x07, 0x5F, 0x07, 0x5F, 0x07, 0x1F, 0x07, 0x1F, 0x07, 0x1F, 0x07, 0x1F,
    0x07, 0x1F, 0x07, 0x1F, 0x07, 0x1F, 0xC7, 0xFF, 0xAF, 0xBF, 0x07, 0x1F, 0x07, 0x1F, 0xD7, 0xDF,
    0x07, 0x1F, 0xBF, 0xFF, 0xAF, 0xFF, 0x07, 0x1F, 0x77, 0x7F, 0xBF, 0xFF, 0x07, 0x1F, 0xD7, 0xFF,
    0x4F, 0x5F, 0x07, 0x1F, 0x77, 0x7F, 0xD7, 0xFF, 0x07, 0x1F, 0x07, 0x1F, 0x07, 0x1F, 0x07, 0x1F,
    0x07, 0x1F, 0x07, 0x1F, 0x07, 0x1F, 0x07, 0x1F, 0x07, 0x1F, 0x07, 0x1F, 0x07, 0x1F, 0x07, 0x1F,
    0x07, 0x1F, 0x07, 0x1F, 0x07, 0x1F, 0x07, 0x1F, 0x07, 0x1F, 0x07, 0x1F, 0x07, 0x1F, 0x07, 0x1F,
    0x07, 0x1F, 0x07, 0x1F, 0x07, 0x1F, 0x07, 0x1F, 0x07, 0x1F, 0x07, 0x1F, 0x07, 0x1F, 0x07, 0x1F,
    0x07, 0x1F, 0x07, 0x1F, 0x07, 0x1F, 0x07, 0x1F, 0x07, 0x1F, 0x07, 0x1F, 0x07, 0x1F, 0x07, 0x1F,
    0x07, 0x1F, 0x07, 0x1F, 0x07, 0x1F, 0x07, 0x5F, 0x07, 0x5F, 0x07, 0x1F, 0x07, 0x1F, 0x07, 0x1F,
    0x07, 0x1F, 0x07, 0x1F, 0x07, 0x1F, 0x07, 0x1F, 0x4F, 0x5F, 0xD7, 0xFF, 0xCF, 0xFF, 0xD7, 0xFF,
    0x87, 0x7F, 0x07, 0x1F, 0xBF, 0xFF, 0xD7, 0xDF, 0xD7, 0xFF, 0xDF, 0xDF, 0x67, 0x5F, 0x07, 0x1F,
    0x87, 0x7F, 0xDF, 0xDF, 0xCF, 0xFF, 0xD7, 0xDF, 0x87, 0x7F, 0x07, 0x1F, 0x07, 0x1F, 0x07, 0x1F,
    0x07, 0x1F, 0x07, 0x1F, 0x07, 0x1F, 0x07, 0x1F, 0x07, 0x1F, 0x07, 0x1F, 0x07, 0x1F, 0x07, 0x1F,
    0x07, 0x1F, 0x07, 0x1F, 0x07, 0x1F, 0x07, 0x1F, 0x07, 0x1F, 0x07, 0x1F, 0x07, 0x1F, 0x07, 0x1F,
    0x07, 0x1F, 0x07, 0x1F, 0x07, 0x1F, 0x07, 0x1F, 0x07, 0x1F, 0x07, 0x1F, 0x07, 0x1F, 0x07, 0x1F,
    0x07, 0x1F, 0x07, 0x1F, 0x07, 0x1F, 0x07, 0x1F, 0x07, 0x1F, 0x07, 0x1F, 0x07, 0x1F, 0x07, 0x1F,
    0x07, 0x1F, 0x07, 0x1F, 0x07, 0x1F, 0x07, 0x1F, 0x07, 0x5F, 0x07, 0x5F, 0x07, 0x1F, 0x07, 0x1F,
    0x07, 0x1F, 0x07, 0x1F, 0x07, 0x1F, 0x07, 0x1F, 0x07, 0x1F, 0x07, 0x1F, 0x07, 0x1F, 0x67, 0x5F,
    0x07, 0x1F, 0x07, 0x1F, 0x07, 0x1F, 0x07, 0x1F, 0x07, 0x1F, 0x07, 0x1F, 0x07, 0x1F, 0x07, 0x1F,
    0x07, 0x1F, 0x07, 0x1F, 0x07, 0x1F, 0x07, 0x1F, 0x07, 0x1F, 0x07, 0x1F, 0x07, 0x1F, 0x07, 0x1F,
    0x07, 0x1F, 0x07, 0x1F, 0x07, 0x1F, 0x07, 0x1F, 0x07, 0x1F, 0x07, 0x1F, 0x07, 0x1F, 0x07, 0x1F,
    0x07, 0x1F, 0x07, 0x1F, 0x07, 0x1F, 0x07, 0x1F, 0x07, 0x1F, 0x07, 0x1F, 0x07, 0x1F, 0x07, 0x1F,
    0x07, 0x1F, 0x07, 0x1F, 0x07, 0x1F, 0x07, 0x1F, 0x07, 0x1F, 0x07, 0x1F, 0x07, 0x1F, 0x07, 0x1F,
    0x07, 0x1F, 0x07, 0x1F, 0x07, 0x1F, 0x07, 0x1F, 0x07, 0x1F, 0x07, 0x1F, 0x07, 0x1F, 0x07, 0x1F,
    0x07, 0x1F, 0x07, 0x1F, 0x07, 0x1F, 0x07, 0x1F, 0x07, 0x1F, 0x07, 0x5F, 0x07, 0x5F, 0x07, 0x1F,
    0x07, 0x1F, 0x07, 0x1F, 0x07, 0x1F, 0x07, 0x1F, 0x07, 0x1F, 0x07, 0x1F, 0x07, 0x1F, 0x07, 0x1F,
    0x07, 0x1F, 0x07, 0x1F, 0x07, 0x1F, 0x07, 0x1F, 0x07, 0x1F, 0x07, 0x1F, 0x07, 0x1F, 0x07, 0x1F,
    0x07, 0x1F, 0x07, 0x1F, 0x07, 0x1F, 0x07, 0x1F, 0x07, 0x1F, 0x07, 0x1F, 0x07, 0x1F, 0x07, 0x1F,
    0x07, 0x1F, 0x07, 0x1F, 0x07, 0x1F, 0x07, 0x1F, 0x07, 0x1F, 0x07, 0x1F, 0x07, 0x1F, 0x07, 0x1F,
    0x07, 0x1F, 0x07, 0x1F, 0x07, 0x1F, 0x07, 0x1F, 0x07, 0x1F, 0x07, 0x1F, 0x07, 0x1F, 0x07, 0x1F,
    0x07, 0x1F, 0x07, 0x1F, 0x07, 0x1F, 0x07, 0x1F, 0x07, 0x1F, 0x07, 0x1F, 0x07, 0x1F, 0x07, 0x1F,
    0x07, 0x1F, 0x07, 0x1F, 0x07, 0x1F, 0x07, 0x1F, 0x07, 0x1F, 0x07, 0x1F, 0x07, 0x1F, 0x07, 0x1F,
    0x07, 0x1F, 0x07, 0x1F, 0x07, 0x1F, 0x07, 0x1F, 0x07, 0x1F, 0x07, 0x1F, 0x07, 0x5F, 0x07, 0x5F,
    0x07, 0x1F, 0x07, 0x1F, 0x07, 0x1F, 0x07, 0x1F, 0x07, 0x1F, 0x07, 0x1F, 0x07, 0x1F, 0x07, 0x1F,
    0x07, 0x1F, 0x07, 0x1F, 0x07, 0x1F, 0x07, 0x1F, 0x07, 0x1F, 0x07, 0x1F, 0x07, 0x1F, 0x07, 0x1F,
    0x07, 0x1F, 0x07, 0x1F, 0x07, 0x1F, 0x07, 0x1F, 0x07, 0x1F, 0x07, 0x1F, 0x07, 0x1F, 0x07, 0x1F,
    0x07, 0x1F, 0x07, 0x1F, 0x07, 0x1F, 0x07, 0x1F, 0x07, 0x1F, 0x07, 0x1F, 0x07, 0x1F, 0x07, 0x1F,
    0x07, 0x1F, 0x07, 0x1F, 0x07, 0x1F, 0x07, 0x1F, 0x07, 0x1F, 0x07, 0x1F, 0x07, 0x1F, 0x07, 0x1F,
    0x07, 0x1F, 0x07, 0x1F, 0x07, 0x1F, 0x07, 0x1F, 0x07, 0x1F, 0x07, 0x1F, 0x07, 0x1F, 0x07, 0x1F,
    0x07, 0x1F, 0x07, 0x1F, 0x07, 0x1F, 0x07, 0x1F, 0x07, 0x1F, 0x07, 0x1F, 0x07, 0x1F, 0x07, 0x1F,
    0x07, 0x1F, 0x07, 0x1F, 0x07, 0x1F, 0x07, 0x1F, 0x07, 0x1F, 0x07, 0x1F, 0x07, 0x1F, 0x07, 0x5F,
    0x07, 0x5F, 0x07, 0x1F, 0x07, 0x1F, 0x07, 0x1F, 0x07, 0x1F, 0x07, 0x1F, 0x07, 0x1F, 0x07, 0x1F,
    0x07, 0x1F, 0x07, 0x1F, 0x07, 0x1F, 0x07, 0x1F, 0x07, 0x1F, 0x07, 0x1F, 0x07, 0x1F, 0x07, 0x1F,
    0x07, 0x1F, 0x07, 0x1F, 0x07, 0x1F, 0x07, 0x1F, 0x07, 0x1F, 0x07, 0x1F, 0x07, 0x1F, 0x07, 0x1F,
    0x07, 0x1F, 0x07, 0x1F, 0x07, 0x1F, 0x07, 0x1F, 0x07, 0x1F, 0x07, 0x1F, 0x07, 0x1F, 0x07, 0x1F,
    0x07, 0x1F, 0x07, 0x1F, 0x07, 0x1F, 0x07, 0x1F, 0x07, 0x1F, 0x07, 0x1F, 0x07, 0x1F, 0x07, 0x1F,
    0x07, 0x1F, 0x07, 0x1F, 0x07, 0x1F, 0x07, 0x1F, 0x07, 0x1F, 0x07, 0x1F, 0x07, 0x1F, 0x07, 0x1F,
    0x07, 0x1F, 0x07, 0x1F, 0x07, 0x1F, 0x07, 0x1F, 0x07, 0x1F, 0x07, 0x1F, 0x07, 0x1F, 0x07, 0x1F,
    0x07, 0x1F, 0x07, 0x1F, 0x07, 0x1F, 0x07, 0x1F, 0x07, 0x1F, 0x07, 0x1F, 0x07, 0x1F, 0x07, 0x1F,
    0x07, 0x5F, 0x07, 0x5F, 0x07, 0x1F, 0x07, 0x1F, 0x07, 0x1F, 0x07, 0x1F, 0x07, 0x1F, 0x07, 0x1F,
    0x07, 0x1F, 0x07, 0x1F, 0x07, 0x1F, 0x07, 0x1F, 0x07, 0x1F, 0x07, 0x1F, 0x07, 0x1F, 0x07, 0x1F,
    0x07, 0x1F, 0x07, 0x1F, 0x07, 0x1F, 0x07, 0x1F, 0x07, 0x1F, 0x07, 0x1F, 0x07, 0x1F, 0x07, 0x1F,
    0x07, 0x1F, 0x07, 0x1F, 0x07, 0x1F, 0x07, 0x1F, 0x07, 0x1F, 0x07, 0x1F, 0x07, 0x1F, 0x07, 0x1F,
    0x07, 0x1F, 0x07, 0x1F, 0x07, 0x1F, 0x07, 0x1F, 0x07, 0x1F, 0x07, 0x1F, 0x07, 0x1F, 0x07, 0x1F,
    0x07, 0x1F, 0x07, 0x1F, 0x07, 0x1F, 0x07, 0x1F, 0x07, 0x1F, 0x07, 0x1F, 0x07, 0x1F, 0x07, 0x1F,
    0x07, 0x1F, 0x07, 0x1F, 0x07, 0x1F, 0x07, 0x1F, 0x07, 0x1F, 0x07, 0x1F, 0x07, 0x1F, 0x07, 0x1F,
    0x07, 0x1F, 0x07, 0x1F, 0x07, 0x1F, 0x07, 0x1F, 0x07, 0x1F, 0x07, 0x1F, 0x07, 0x1F, 0x07, 0x1F,
    0x07, 0x1F, 0x07, 0x5F, 0x07, 0x5F, 0x07, 0x1F, 0x07, 0x1F, 0x07, 0x1F, 0x07, 0x1F, 0x07, 0x1F,
    0x07, 0x1F, 0x07, 0x1F, 0x07, 0x1F, 0x07, 0x1F, 0x07, 0x1F, 0x07, 0x1F, 0x07, 0x1F, 0x07, 0x1F,
    0x07, 0x1F, 0x07, 0x1F, 0x07, 0x1F, 0x07, 0x1F, 0x07, 0x1F, 0x07, 0x1F, 0x07, 0x1F, 0x07, 0x1F,
    0x07, 0x1F, 0x07, 0x1F, 0x07, 0x1F, 0x07, 0x1F, 0x07, 0x1F, 0x07, 0x1F, 0x07, 0x1F, 0x07, 0x1F,
    0x07, 0x1F, 0x07, 0x1F, 0x07, 0x1F, 0x07, 0x1F, 0x07, 0x1F, 0x07, 0x1F, 0x07, 0x1F, 0x07, 0x1F,
    0x07, 0x1F, 0x07, 0x1F, 0x07, 0x1F, 0x07, 0x1F, 0x07, 0x1F, 0x07, 0x1F, 0x07, 0x1F, 0x07, 0x1F,
    0x07, 0x1F, 0x07, 0x1F, 0x07, 0x1F, 0x07, 0x1F, 0x07, 0x1F, 0x07, 0x1F, 0x07, 0x1F, 0x07, 0x1F,
    0x07, 0x1F, 0x07, 0x1F, 0x07, 0x1F, 0x07, 0x1F, 0x07, 0x1F, 0x07, 0x1F, 0x07, 0x1F, 0x07, 0x1F,
    0x07, 0x1F, 0x07, 0x1F, 0x07, 0x5F, 0x07, 0x5F, 0x07, 0x1F, 0x07, 0x1F, 0x07, 0x1F, 0x07, 0x1F,
    0x07, 0x1F, 0x07, 0x1F, 0x07, 0x1F, 0x07, 0x1F, 0x07, 0x1F, 0x07, 0x1F, 0x07, 0x1F, 0x07, 0x1F,
    0x07, 0x1F, 0x07, 0x1F, 0x07, 0x1F, 0x07, 0x1F, 0x07, 0x1F, 0x07, 0x1F, 0x07, 0x1F, 0x07, 0x1F,
    0x07, 0x1F, 0x07, 0x1F, 0x07, 0x1F, 0x07, 0x1F, 0x07, 0x1F, 0x07, 0x1F, 0x07, 0x1F, 0x07, 0x1F,
    0x07, 0x1F, 0x07, 0x1F, 0x07, 0x1F, 0x07, 0x1F, 0x07, 0x1F, 0x07, 0x1F, 0x07, 0x1F, 0x07, 0x1F,
    0x07, 0x1F, 0x07, 0x1F, 0x07, 0x1F, 0x07, 0x1F, 0x07, 0x1F, 0x07, 0x1F, 0x07, 0x1F, 0x07, 0x1F,
    0x07, 0x1F, 0x07, 0x1F, 0x07, 0x1F, 0x07, 0x1F, 0x07, 0x1F, 0x07, 0x1F, 0x07, 0x1F, 0x07, 0x1F,
    0x07, 0x1F, 0x07, 0x1F, 0x07, 0x1F, 0x07, 0x1F, 0x07, 0x1F, 0x07, 0x1F, 0x07, 0x1F, 0x07, 0x1F,
    0x07, 0x1F, 0x07, 0x1F, 0x07, 0x1F, 0x07, 0x5F, 0x07, 0x5F, 0x07, 0x1F, 0x07, 0x1F, 0x07, 0x1F,
    0x07, 0x1F, 0x07, 0x1F, 0x07, 0x1F, 0x07, 0x1F, 0x07, 0x1F, 0x07, 0x1F, 0x07, 0x1F, 0x07, 0x1F,
    0x07, 0x1F, 0x07, 0x1F, 0x07, 0x1F, 0x07, 0x1F, 0x07, 0x1F, 0x07, 0x1F, 0x07, 0x1F, 0x07, 0x1F,
    0x07, 0x1F, 0x07, 0x1F, 0x07, 0x1F, 0x07, 0x1F, 0x07, 0x1F, 0x07, 0x1F, 0x07, 0x1F, 0x07, 0x1F,
    0x07, 0x1F, 0x07, 0x1F, 0x07, 0x1F, 0x07, 0x1F, 0x07, 0x1F, 0x07, 0x1F, 0x07, 0x1F, 0x07, 0x1F,
    0x07, 0x1F, 0x07, 0x1F, 0x07, 0x1F, 0x07, 0x1F, 0x07, 0x1F, 0x07, 0x1F, 0x07, 0x1F, 0x07, 0x1F,
    0x07, 0x1F, 0x07, 0x1F, 0x07, 0x1F, 0x07, 0x1F, 0x07, 0x1F, 0x07, 0x1F, 0x07, 0x1F, 0x07, 0x1F,
    0x07, 0x1F, 0x07, 0x1F, 0x07, 0x1F, 0x07, 0x1F, 0x07, 0x1F, 0x07, 0x1F, 0x07, 0x1F, 0x07, 0x1F,
    0x07, 0x1F, 0x07, 0x1F, 0x07, 0x1F, 0x07, 0x1F, 0x07, 0x5F, 0x07, 0x5F, 0x07, 0x1F, 0x07, 0x1F,
    0x07, 0x1F, 0x07, 0x1F, 0x07, 0x1F, 0x07, 0x1F, 0x07, 0x1F, 0x07, 0x1F, 0x07, 0x1F, 0x07, 0x1F,
    0x07, 0x1F, 0x07, 0x1F, 0x07, 0x1F, 0x07, 0x1F, 0x07, 0x1F, 0x07, 0x1F, 0x07, 0x1F, 0x07, 0x1F,
    0x07, 0x1F, 0x07, 0x1F, 0x07, 0x1F, 0x07, 0x1F, 0x07, 0x1F, 0x07, 0x1F, 0x07, 0x1F, 0x07, 0x1F,
    0x07, 0x1F, 0x07, 0x1F, 0x07, 0x1F, 0x07, 0x1F, 0x07, 0x1F, 0x07, 0x1F, 0x07, 0x1F, 0x07, 0x1F,
    0x07, 0x1F, 0x07, 0x1F, 0x07, 0x1F, 0x07, 0x1F, 0x07, 0x1F, 0x07, 0x1F, 0x07, 0x1F, 0x07, 0x1F,
    0x07, 0x1F, 0x07, 0x1F, 0x07, 0x1F, 0x07, 0x1F, 0x07, 0x1F, 0x07, 0x1F, 0x07, 0x1F, 0x07, 0x1F,
    0x07, 0x1F, 0x07, 0x1F, 0x07, 0x1F, 0x07, 0x1F, 0x07, 0x1F, 0x07, 0x1F, 0x07, 0x1F, 0x07, 0x1F,
    0x07, 0x1F, 0x07, 0x1F, 0x07, 0x1F, 0x07, 0x1F, 0x07, 0x1F, 0x07, 0x5F, 0x07, 0x5F, 0x07, 0x1F,
    0x07, 0x1F, 0x07, 0x1F, 0x07, 0x1F, 0x07, 0x1F, 0x07, 0x1F, 0x07, 0x1F, 0x07, 0x1F, 0x07, 0x1F,
    0x07, 0x1F, 0x07, 0x1F, 0x07, 0x1F, 0x07, 0x1F, 0x07, 0x1F, 0x07, 0x1F, 0x07, 0x1F, 0x07, 0x1F,
    0x07, 0x1F, 0x07, 0x1F, 0x07, 0x1F, 0x07, 0x1F, 0x07, 0x1F, 0x07, 0x1F, 0x07, 0x1F, 0x07, 0x1F,
    0x07, 0x1F, 0x07, 0x1F, 0x07, 0x1F, 0x07, 0x1F, 0x07, 0x1F, 0x07, 0x1F, 0x07, 0x1F, 0x07, 0x1F,
    0x07, 0x1F, 0x07, 0x1F, 0x07, 0x1F, 0x07, 0x1F, 0x07, 0x1F, 0x07, 0x1F, 0x07, 0x1F, 0x07, 0x1F,
    0x07, 0x1F, 0x07, 0x1F, 0x07, 0x1F, 0x07, 0x1F, 0x07, 0x1F, 0x07, 0x1F, 0x07, 0x1F, 0x07, 0x1F,
    0x07, 0x1F, 0x07, 0x1F, 0x07, 0x1F, 0x07, 0x1F, 0x07, 0x1F, 0x07, 0x1F, 0x07, 0x1F, 0x07, 0x1F,
    0x07, 0x1F, 0x07, 0x1F, 0x07, 0x1F, 0x07, 0x1F, 0x07, 0x1F, 0x07, 0x1F, 0x07, 0x5F, 0x07, 0x5F,
    0x07, 0x1F, 0x07, 0x1F, 0x07, 0x1F, 0x07, 0x1F, 0x07, 0x1F, 0x07, 0x1F, 0x9E, 0xBC, 0xDF, 0x1C,
    0xE7, 0x1C, 0xE7, 0x1C, 0x07, 0x1F, 0x07, 0x1F, 0x07, 0x1F, 0x07, 0x1F, 0xBF, 0x1D, 0xDF, 0x1C,
    0xE7, 0x1C, 0xE7, 0x1C, 0xE7, 0x1C, 0xCF, 0x1C, 0x07, 0x1F, 0x07, 0x1F, 0x07, 0x1F, 0x07, 0x1F,
    0x07, 0x1F, 0x07, 0x1F, 0x07, 0x1F, 0x07, 0x1F, 0x07, 0x1F, 0x07, 0x1F, 0x07, 0x1F, 0x07, 0x1F,
    0x07, 0x1F, 0xDF, 0x1C, 0xE7, 0x1C, 0xE7, 0x1C, 0xD7, 0x1D, 0x07, 0x1F, 0x07, 0x1F, 0x07, 0x1F,
    0xD7, 0x1D, 0xE7, 0x1C, 0xE7, 0x1C, 0xE7, 0x1C, 0xE7, 0x1C, 0xE7, 0x1C, 0xE7, 0x1C, 0xDF, 0x1C,
    0x07, 0x1F, 0x07, 0x1F, 0x07, 0x1F, 0x07, 0x1F, 0xD7, 0x1D, 0xE7, 0x1C, 0xE7, 0x1C, 0xE7, 0x1C,
    0xDF, 0x1C, 0xBF, 0x1D, 0x07, 0x1F, 0x07, 0x1F, 0x07, 0x1F, 0x07, 0x1F, 0x07, 0x1F, 0x07, 0x5F,
    0x07, 0x5F, 0x07, 0x1F, 0x07, 0x1F, 0x07, 0x1F, 0x07, 0x1F, 0x07, 0x1F, 0xD7, 0x1D, 0xE7, 0x1C,
    0xE7, 0x1C, 0xE7, 0x1C, 0xE7, 0x1C, 0x07, 0x1F, 0x07, 0x1F, 0x07, 0x1F, 0xBF, 0x1D, 0xE7, 0x1C,
    0xE7, 0x1C, 0xE7, 0x1C, 0xE7, 0x1C, 0xE7, 0x1C, 0xE7, 0x1C, 0xDF, 0x1C, 0x07, 0x1F, 0x07, 0x1F,
    0x07, 0x1F, 0x07, 0x1F, 0x07, 0x1F, 0x07, 0x1F, 0x07, 0x1F, 0x07, 0x1F, 0x07, 0x1F, 0x07, 0x1F,
    0x07, 0x1F, 0xDF, 0x1C, 0xE7, 0x1C, 0xE7, 0x1C, 0xE7, 0x1C, 0xDF, 0x1C, 0x07, 0x1F, 0x07, 0x1F,
    0x07, 0x1F, 0xDF, 0x1C, 0xE7, 0x1C, 0xE7, 0x1C, 0xE7, 0x1C, 0xE7, 0x1C, 0xE7, 0x1C, 0xE7, 0x1C,
    0xE7, 0x1C, 0x07, 0x1F, 0x07, 0x1F, 0x07, 0x1F, 0xDF, 0x1C, 0xE7, 0x1C, 0xE7, 0x1C, 0xE7, 0x1C,
    0xE7, 0x1C, 0xE7, 0x1C, 0xE7, 0x1C, 0xCF, 0x1C, 0x07, 0x1F, 0x07, 0x1F, 0x07, 0x1F, 0x07, 0x1F,
    0x07, 0x5F, 0x07, 0x5F, 0x07, 0x1F, 0x07, 0x1F, 0x07, 0x1F, 0x07, 0x1F, 0xD7, 0x1C, 0xE7, 0x1C,
    0xE7, 0x1C, 0xE7, 0x1C, 0xE7, 0x1C, 0xE7, 0x1C, 0x07, 0x1F, 0x07, 0x1F, 0x07, 0x1F, 0xE7, 0x1C,
    0xE7, 0x1C, 0xE7, 0x1C, 0xD7, 0x1C, 0xCF, 0x3D, 0xE7, 0x1C, 0xE7, 0x1C, 0xE7, 0x1C, 0x9E, 0xBC,
    0x07, 0x1F, 0x07, 0x1F, 0x07, 0x1F, 0x07, 0x1F, 0x07, 0x1F, 0x07, 0x1F, 0x07, 0x1F, 0x07, 0x1F,
    0x07, 0x1F, 0xBF, 0x1D, 0xE7, 0x1C, 0xE7, 0x1C, 0xE7, 0x1C, 0xE7, 0x1C, 0xDF, 0x1C, 0x07, 0x1F,
    0x07, 0x1F, 0x07, 0x1F, 0xDF, 0x1C, 0xE7, 0x1C, 0xE7, 0x1C, 0xDF, 0x1C, 0xDF, 0x1C, 0xDF, 0x1C,
    0xDF, 0x1C, 0xD7, 0x1C, 0x07, 0x1F, 0x07, 0x1F, 0xBF, 0x1D, 0xE7, 0x1C, 0xE7, 0x1C, 0xDF, 0x1C,
    0x9E, 0xBC, 0xCF, 0x3D, 0xE7, 0x1C, 0xE7, 0x1C, 0xE7, 0x1C, 0x07, 0x1F, 0x07, 0x1F, 0x07, 0x1F,
    0x07, 0x1F, 0x07, 0x5F, 0x07, 0x5F, 0x07, 0x1F, 0x07, 0x1F, 0x07, 0x1F, 0x07, 0x1F, 0xD7, 0x1C,
    0xE7, 0x1C, 0xD7, 0x1C, 0xDF, 0x1C, 0xE7, 0x1C, 0xE7, 0x1C, 0x07, 0x1F, 0x07, 0x1F, 0x07, 0x1F,
    0xE7, 0x1C, 0xE7, 0x1C, 0xDF, 0x1C, 0x07, 0x1F, 0x07, 0x1F, 0xBF, 0x1D, 0xE7, 0x1C, 0xE7, 0x1C,
    0xCF, 0x1C, 0x07, 0x1F, 0x07, 0x1F, 0x07, 0x1F, 0x07, 0x1F, 0x07, 0x1F, 0x07, 0x1F, 0x07, 0x1F,
    0x07, 0x1F, 0x07, 0x1F, 0xE7, 0x1C, 0xE7, 0x1C, 0xE7, 0x1C, 0xE7, 0x1C, 0xE7, 0x1C, 0xDF, 0x1C,
    0x07, 0x1F, 0x07, 0x1F, 0x07, 0x1F, 0xE7, 0x1C, 0xE7, 0x1C, 0xDF, 0x1C, 0x07, 0x1F, 0x07, 0x1F,
    0x07, 0x1F, 0x07, 0x1F, 0x07, 0x1F, 0x07, 0x1F, 0x07, 0x1F, 0xD7, 0x1C, 0xE7, 0x1C, 0xE7, 0x1C,
    0xCF, 0x1C, 0x07, 0x1F, 0x07, 0x1F, 0xDF, 0x1C, 0xE7, 0x1C, 0xE7, 0x1C, 0x07, 0x1F, 0x07, 0x1F,
    0x07, 0x1F, 0x07, 0x1F, 0x07, 0x5F, 0x07, 0x5F, 0x07, 0x1F, 0x07, 0x1F, 0x07, 0x1F, 0x07, 0x1F,
    0x9F, 0x1D, 0x9E, 0xBC, 0x07, 0x1F, 0xDF, 0x1C, 0xE7, 0x1C, 0xE7, 0x1C, 0x07, 0x1F, 0x07, 0x1F,
    0x07, 0x1F, 0x07, 0x1F, 0x07, 0x1F, 0x07, 0x1F, 0x07, 0x1F, 0x07, 0x1F, 0xD7, 0x1C, 0xE7, 0x1C,
    0xE7, 0x1C, 0xBF, 0x1D, 0x07, 0x1F, 0x07, 0x1F, 0x07, 0x1F, 0x07, 0x1F, 0x07, 0x1F, 0x07, 0x1F,
    0x07, 0x1F, 0x07, 0x1F, 0xDF, 0x1C, 0xE7, 0x1C, 0xE7, 0x1C, 0xBF, 0x1D, 0xE7, 0x1C, 0xE7, 0x1C,
    0xDF, 0x1C, 0x07, 0x1F, 0x07, 0x1F, 0x07, 0x1F, 0xE7, 0x1C, 0xE7, 0x1C, 0xDF, 0x1C, 0xDF, 0x1C,
    0xE7, 0x1C, 0xE7, 0x1C, 0xDF, 0x1C, 0x07, 0x1F, 0x07, 0x1F, 0x07, 0x1F, 0x9F, 0x1D, 0xE7, 0x1C,
    0xE7, 0x1C, 0xDF, 0x1C, 0x07, 0x1F, 0x9E, 0xBC, 0xE7, 0x1C, 0xE7, 0x1C, 0xE7, 0x1C, 0x07, 0x1F,
    0x07, 0x1F, 0x07, 0x1F, 0x07, 0x1F, 0x07, 0x5F, 0x07, 0x5F, 0x07, 0x1F, 0x07, 0x1F, 0x07, 0x1F,
    0x07, 0x1F, 0x07, 0x1F, 0x07, 0x1F, 0x07, 0x1F, 0xDF, 0x1C, 0xE7, 0x1C, 0xE7, 0x1C, 0x07, 0x1F,
    0x07, 0x1F, 0x07, 0x1F, 0x07, 0x1F, 0x07, 0x1F, 0x07, 0x1F, 0x07, 0x1F, 0xBF, 0x1D, 0xE7, 0x1C,
    0xE7, 0x1C, 0xE7, 0x1C, 0x07, 0x1F, 0x07, 0x1F, 0x07, 0x1F, 0x07, 0x1F, 0x07, 0x1F, 0x07, 0x1F,
    0x07, 0x1F, 0x07, 0x1F, 0x9E, 0xBC, 0xE7, 0x1C, 0xE7, 0x1C, 0xDF, 0x3C, 0x07, 0x1F, 0xE7, 0x1C,
    0xE7, 0x1C, 0xDF, 0x1C, 0x07, 0x1F, 0x07, 0x1F, 0x07, 0x1F, 0xE7, 0x1C, 0xE7, 0x1C, 0xE7, 0x1C,
    0xE7, 0x1C, 0xE7, 0x1C, 0xE7, 0x1C, 0xE7, 0x1C, 0xDF, 0x1C, 0x07, 0x1F, 0x07, 0x1F, 0x07, 0x1F,
    0xCF, 0x3D, 0xE7, 0x1C, 0xE7, 0x1C, 0xE7, 0x1C, 0xE7, 0x1C, 0xE7, 0x1C, 0xE7, 0x3C, 0x9E, 0xBC,
    0x07, 0x1F, 0x07, 0x1F, 0x07, 0x1F, 0x07, 0x1F, 0x07, 0x5F, 0x07, 0x5F, 0x07, 0x1F, 0x07, 0x1F,
    0x07, 0x1F, 0x07, 0x1F, 0x07, 0x1F, 0x07, 0x1F, 0x07, 0x1F, 0xDF, 0x1C, 0xE7, 0x1C, 0xE7, 0x1C,
    0x07, 0x1F, 0x07, 0x1F, 0x07, 0x1F, 0x07, 0x1F, 0x07, 0x1F, 0x07, 0x1F, 0xBF, 0x1D, 0xE7, 0x1C,
    0xE7, 0x1C, 0xE7, 0x1C, 0xBF, 0x1D, 0x07, 0x1F, 0x07, 0x1F, 0x07, 0x1F, 0x07, 0x1F, 0x07, 0x1F,
    0x07, 0x1F, 0x07, 0x1F, 0x07, 0x1F, 0xDF, 0x1C, 0xE7, 0x1C, 0xE7, 0x1C, 0x07, 0x1F, 0x07, 0x1F,
    0xE7, 0x1C, 0xE7, 0x1C, 0xDF, 0x1C, 0x07, 0x1F, 0x07, 0x1F, 0x07, 0x1F, 0xDF, 0x3C, 0xE7, 0x1C,
    0xE7, 0x1C, 0xBF, 0x1D, 0xCF, 0x3D, 0xE7, 0x3C, 0xE7, 0x1C, 0xE7, 0x1C, 0x9E, 0xBC, 0x07, 0x1F,
    0x07, 0x1F, 0xDF, 0x1C, 0xE7, 0x1C, 0xE7, 0x1C, 0xE7, 0x1C, 0xE7, 0x1C, 0xE7, 0x1C, 0xE7, 0x1C,
    0xBF, 0x1D, 0x07, 0x1F, 0x07, 0x1F, 0x07, 0x1F, 0x07, 0x1F, 0x07, 0x5F, 0x07, 0x5F, 0x07, 0x1F,
    0x07, 0x1F, 0x07, 0x1F, 0x07, 0x1F, 0x07, 0x1F, 0x07, 0x1F, 0x07, 0x1F, 0xDF, 0x1C, 0xE7, 0x1C,
    0xE7, 0x1C, 0x07, 0x1F, 0x07, 0x1F, 0x07, 0x1F, 0x07, 0x1F, 0x07, 0x1F, 0xBF, 0x1D, 0xE7, 0x1C,
    0xE7, 0x1C, 0xE7, 0x1C, 0xBF, 0x1D, 0x07, 0x1F, 0x07, 0x1F, 0x07, 0x1F, 0x07, 0x1F, 0x07, 0x1F,
    0x07, 0x1F, 0x07, 0x1F, 0x07, 0x1F, 0xBF, 0x1D, 0xE7, 0x1C, 0xE7, 0x1C, 0xBF, 0x1D, 0x07, 0x1F,
    0x07, 0x1F, 0xE7, 0x1C, 0xE7, 0x1C, 0xDF, 0x1C, 0x07, 0x1F, 0x07, 0x1F, 0x07, 0x1F, 0x07, 0x1F,
    0x07, 0x1F, 0x07, 0x1F, 0x07, 0x1F, 0x07, 0x1F, 0x9F, 0x1D, 0xE7, 0x1C, 0xE7, 0x1C, 0xDF, 0x1C,
    0x07, 0x1F, 0xDF, 0x1C, 0xE7, 0x1C, 0xE7, 0x1C, 0xDF, 0x1C, 0x07, 0x1F, 0xBF, 0x1D, 0xE7, 0x1C,
    0xE7, 0x1C, 0xE7, 0x1C, 0x9E, 0xBC, 0x07, 0x1F, 0x07, 0x1F, 0x07, 0x1F, 0x07, 0x5F, 0x07, 0x5F,
    0x07, 0x1F, 0x07, 0x1F, 0x07, 0x1F, 0x07, 0x1F, 0x07, 0x1F, 0x07, 0x1F, 0x07, 0x1F, 0xDF, 0x1C,
    0xE7, 0x1C, 0xE7, 0x1C, 0x07, 0x1F, 0x07, 0x1F, 0x07, 0x1F, 0x07, 0x1F, 0xBF, 0x1D, 0xE7, 0x1C,
    0xE7, 0x1C, 0xE7, 0x1C, 0xBF, 0x1D, 0x07, 0x1F, 0x07, 0x1F, 0x07, 0x1F, 0x07, 0x1F, 0x07, 0x1F,
    0x07, 0x1F, 0x07, 0x1F, 0x07, 0x1F, 0x07, 0x1F, 0xDF, 0x1C, 0xE7, 0x1C, 0xE7, 0x1C, 0xE7, 0x1C,
    0xE7, 0x1C, 0xE7, 0x1C, 0xE7, 0x1C, 0xE7, 0x1C, 0xE7, 0x1C, 0xE7, 0x1C, 0x07, 0x1F, 0x07, 0x1F,
    0xD7, 0x1D, 0xD7, 0x1D, 0x9E, 0xBC, 0x07, 0x1F, 0x07, 0x1F, 0x07, 0x1F, 0xE7, 0x1C, 0xE7, 0x1C,
    0xDF, 0x1C, 0x07, 0x1F, 0xE7, 0x1C, 0xE7, 0x1C, 0xE7, 0x1C, 0x07, 0x1F, 0x07, 0x1F, 0x07, 0x1F,
    0xD7, 0x1D, 0xE7, 0x1C, 0xE7, 0x1C, 0xCF, 0x1C, 0x07, 0x1F, 0x07, 0x1F, 0x07, 0x1F, 0x07, 0x5F,
    0x07, 0x5F, 0x07, 0x1F, 0x07, 0x1F, 0x07, 0x1F, 0x07, 0x1F, 0x07, 0x1F, 0x07, 0x1F, 0x07, 0x1F,
    0xDF, 0x1C, 0xE7, 0x1C, 0xE7, 0x1C, 0x07, 0x1F, 0x07, 0x1F, 0x07, 0x1F, 0xCF, 0x3D, 0xE7, 0x1C,
    0xE7, 0x1C, 0xE7, 0x1C, 0xBF, 0x1D, 0x07, 0x1F, 0x07, 0x1F, 0x07, 0x1F, 0x07, 0x1F, 0x07, 0x1F,
    0x07, 0x1F, 0x07, 0x1F, 0x07, 0x1F, 0x07, 0x1F, 0x07, 0x1F, 0xDF, 0x1C, 0xE7, 0x1C, 0xE7, 0x1C,
    0xE7, 0x1C, 0xE7, 0x1C, 0xE7, 0x1C, 0xE7, 0x1C, 0xE7, 0x1C, 0xE7, 0x1C, 0xE7, 0x1C, 0x07, 0x1F,
    0x9F, 0x1D, 0xE7, 0x1C, 0xE7, 0x1C, 0xE7, 0x1C, 0x07, 0x1F, 0x07, 0x1F, 0xDF, 0x1C, 0xE7, 0x1C,
    0xE7, 0x1C, 0xCF, 0x1C, 0x07, 0x1F, 0xE7, 0x1C, 0xE7, 0x1C, 0xE7, 0x1C, 0xBF, 0x1D, 0x07, 0x1F,
    0x07, 0x1F, 0xDF, 0x1C, 0xE7, 0x1C, 0xE7, 0x1C, 0xD7, 0x1D, 0x07, 0x1F, 0x07, 0x1F, 0x07, 0x1F,
    0x07, 0x5F, 0x07, 0x5F, 0x07, 0x1F, 0x07, 0x1F, 0x07, 0x1F, 0x07, 0x1F, 0x07, 0x1F, 0x07, 0x1F,
    0x07, 0x1F, 0xDF, 0x1C, 0xE7, 0x1C, 0xE7, 0x1C, 0x07, 0x1F, 0x07, 0x1F, 0x07, 0x1F, 0xE7, 0x1C,
    0xE7, 0x1C, 0xE7, 0x1C, 0xE7, 0x1C, 0xE7, 0x1C, 0xE7, 0x1C, 0xE7, 0x1C, 0xE7, 0x1C, 0xDF, 0x1C,
    0x07, 0x1F, 0x07, 0x1F, 0xDF, 0x1C, 0xE7, 0x1C, 0x9E, 0xBC, 0x07, 0x1F, 0x07, 0x1F, 0x07, 0x1F,
    0x07, 0x1F, 0x07, 0x1F, 0x07, 0x1F, 0x07, 0x1F, 0xE7, 0x1C, 0xE7, 0x1C, 0xDF, 0x1C, 0x07, 0x1F,
    0x07, 0x1F, 0x07, 0x1F, 0xDF, 0x3C, 0xE7, 0x1C, 0xE7, 0x1C, 0xE7, 0x1C, 0xE7, 0x1C, 0xE7, 0x1C,
    0xE7, 0x1C, 0xDF, 0x1C, 0x07, 0x1F, 0x07, 0x1F, 0xCF, 0x3D, 0xE7, 0x1C, 0xE7, 0x1C, 0xE7, 0x1C,
    0xE7, 0x1C, 0xE7, 0x1C, 0xE7, 0x1C, 0xE7, 0x1C, 0xE7, 0x1C, 0x07, 0x1F, 0x07, 0x1F, 0x07, 0x1F,
    0x07, 0x1F, 0x07, 0x5F, 0x07, 0x5F, 0x07, 0x1F, 0x07, 0x1F, 0x07, 0x1F, 0x07, 0x1F, 0x07, 0x1F,
    0x07, 0x1F, 0x07, 0x1F, 0xDF, 0x1C, 0xE7, 0x1C, 0xE7, 0x1C, 0x07, 0x1F, 0x07, 0x1F, 0x07, 0x1F,
    0xE7, 0x1C, 0xE7, 0x1C, 0xE7, 0x1C, 0xE7, 0x1C, 0xE7, 0x1C, 0xE7, 0x1C, 0xE7, 0x1C, 0xE7, 0x1C,
    0xDF, 0x1C, 0x07, 0x1F, 0x07, 0x1F, 0xE7, 0x1C, 0xE7, 0x1C, 0x07, 0x1F, 0x07, 0x1F, 0x07, 0x1F,
    0x07, 0x1F, 0x07, 0x1F, 0x07, 0x1F, 0x07, 0x1F, 0x07, 0x1F, 0xE7, 0x1C, 0xE7, 0x1C, 0xDF, 0x1C,
    0x07, 0x1F, 0x07, 0x1F, 0x07, 0x1F, 0x07, 0x1F, 0xDF, 0x1C, 0xE7, 0x1C, 0xE7, 0x1C, 0xE7, 0x1C,
    0xE7, 0x1C, 0xDF, 0x1C, 0x07, 0x1F, 0x07, 0x1F, 0x07, 0x1F, 0x07, 0x1F, 0xBF, 0x1D, 0xE7, 0x1C,
    0xE7, 0x1C, 0xE7, 0x1C, 0xE7, 0x1C, 0xE7, 0x1C, 0xDF, 0x1C, 0x9E, 0xBC, 0x07, 0x1F, 0x07, 0x1F,
    0x07, 0x1F, 0x07, 0x1F, 0x07, 0x5F, 0x07, 0x5F, 0x07, 0x1F, 0x07, 0x1F, 0x07, 0x1F, 0x07, 0x1F,
    0x07, 0x1F, 0x07, 0x1F, 0x07, 0x1F, 0x07, 0x1F, 0x07, 0x1F, 0x07, 0x1F, 0x07, 0x1F, 0x07, 0x1F,
    0x07, 0x1F, 0x07, 0x1F, 0x07, 0x1F, 0x07, 0x1F, 0x07, 0x1F, 0x07, 0x1F, 0x07, 0x1F, 0x07, 0x1F,
    0x07, 0x1F, 0x07, 0x1F, 0x07, 0x1F, 0x9F, 0x1D, 0xE7, 0x1C, 0xE7, 0x1C, 0x07, 0x1F, 0x07, 0x1F,
    0x07, 0x1F, 0x07, 0x1F, 0x07, 0x1F, 0x07, 0x1F, 0x07, 0x1F, 0x07, 0x1F, 0x07, 0x1F, 0x07, 0x1F,
    0x07, 0x1F, 0x07, 0x1F, 0x07, 0x1F, 0x07, 0x1F, 0x07, 0x1F, 0x07, 0x1F, 0x07, 0x1F, 0xBF, 0x1D,
    0xBF, 0x1D, 0x07, 0x1F, 0x07, 0x1F, 0x07, 0x1F, 0x07, 0x1F, 0x07, 0x1F, 0x07, 0x1F, 0x07, 0x1F,
    0x07, 0x1F, 0x9E, 0xBC, 0xBF, 0x1D, 0xBF, 0x1D, 0x07, 0x1F, 0x07, 0x1F, 0x07, 0x1F, 0x07, 0x1F,
    0x07, 0x1F, 0x07, 0x1F, 0x07, 0x1F, 0x07, 0x5F, 0x07, 0x5F, 0x07, 0x1F, 0x07, 0x1F, 0x07, 0x1F,
    0x07, 0x1F, 0x07, 0x1F, 0x07, 0x1F, 0x07, 0x1F, 0x07, 0x1F, 0x07, 0x1F, 0x07, 0x1F, 0x07, 0x1F,
    0x07, 0x1F, 0x07, 0x1F, 0x07, 0x1F, 0x07, 0x1F, 0x07, 0x1F, 0x07, 0x1F, 0x07, 0x1F, 0x07, 0x1F,
    0x07, 0x1F, 0x07, 0x1F, 0x07, 0x1F, 0x07, 0x1F, 0xD7, 0x1C, 0xE7, 0x1C, 0xDF, 0x1C, 0x07, 0x1F,
    0x07, 0x1F, 0x07, 0x1F, 0x07, 0x1F, 0x07, 0x1F, 0x07, 0x1F, 0x07, 0x1F, 0x07, 0x1F, 0x07, 0x1F,
    0x07, 0x1F, 0x07, 0x1F, 0x07, 0x1F, 0x07, 0x1F, 0x07, 0x1F, 0x07, 0x1F, 0x07, 0x1F, 0x07, 0x1F,
    0x07, 0x1F, 0x07, 0x1F, 0x07, 0x1F, 0x07, 0x1F, 0x07, 0x1F, 0x07, 0x1F, 0x07, 0x1F, 0x07, 0x1F,
    0x07, 0x1F, 0x07, 0x1F, 0x07, 0x1F, 0x07, 0x1F, 0x07, 0x1F, 0x07, 0x1F, 0x07, 0x1F, 0x07, 0x1F,
    0x07, 0x1F, 0x07, 0x1F, 0x07, 0x1F, 0x07, 0x1F, 0x07, 0x5F, 0x07, 0x5F, 0x07, 0x1F, 0x07, 0x1F,
    0x07, 0x1F, 0x07, 0x1F, 0x07, 0x1F, 0x07, 0x1F, 0x07, 0x1F, 0x07, 0x1F, 0x07, 0x1F, 0x07, 0x1F,
    0x07, 0x1F, 0x07, 0x1F, 0x07, 0x1F, 0x07, 0x1F, 0x07, 0x1F, 0x07, 0x1F, 0x07, 0x1F, 0x07, 0x1F,
    0x07, 0x1F, 0x07, 0x1F, 0x07, 0x1F, 0x07, 0x1F, 0x07, 0x1F, 0xDF, 0x1C, 0xE7, 0x1C, 0xBF, 0x1D,
    0x07, 0x1F, 0x07, 0x1F, 0x07, 0x1F, 0x07, 0x1F, 0x07, 0x1F, 0x07, 0x1F, 0x07, 0x1F, 0x07, 0x1F,
    0x07, 0x1F, 0x07, 0x1F, 0x07, 0x1F, 0x07, 0x1F, 0x07, 0x1F, 0x07, 0x1F, 0x07, 0x1F, 0x07, 0x1F,
    0x07, 0x1F, 0x07, 0x1F, 0x07, 0x1F, 0x07, 0x1F, 0x07, 0x1F, 0x07, 0x1F, 0x07, 0x1F, 0x07, 0x1F,
    0x07, 0x1F, 0x07, 0x1F, 0x07, 0x1F, 0x07, 0x1F, 0x07, 0x1F, 0x07, 0x1F, 0x07, 0x1F, 0x07, 0x1F,
    0x07, 0x1F, 0x07, 0x1F, 0x07, 0x1F, 0x07, 0x1F, 0x07, 0x1F, 0x07, 0x5F, 0x07, 0x5F, 0x07, 0x1F,
    0x07, 0x1F, 0x07, 0x1F, 0x07, 0x1F, 0x07, 0x1F, 0x07, 0x1F, 0x07, 0x1F, 0x07, 0x1F, 0x07, 0x1F,
    0x07, 0x1F, 0x07, 0x1F, 0x07, 0x1F, 0x07, 0x1F, 0x07, 0x1F, 0x07, 0x1F, 0x07, 0x1F, 0x07, 0x1F,
    0x07, 0x1F, 0x07, 0x1F, 0x07, 0x1F, 0x07, 0x1F, 0x07, 0x1F, 0x07, 0x1F, 0x07, 0x1F, 0x07, 0x1F,
    0x07, 0x1F, 0x07, 0x1F, 0x07, 0x1F, 0x07, 0x1F, 0x07, 0x1F, 0x07, 0x1F, 0x07, 0x1F, 0x07, 0x1F,
    0x07, 0x1F, 0x07, 0x1F, 0x07, 0x1F, 0x07, 0x1F, 0x07, 0x1F, 0x07, 0x1F, 0x07, 0x1F, 0x07, 0x1F,
    0x07, 0x1F, 0x07, 0x1F, 0x07, 0x1F, 0x07, 0x1F, 0x07, 0x1F, 0x07, 0x1F, 0x07, 0x1F, 0x07, 0x1F,
    0x07, 0x1F, 0x07, 0x1F, 0x07, 0x1F, 0x07, 0x1F, 0x07, 0x1F, 0x07, 0x1F, 0x07, 0x1F, 0x07, 0x1F,
    0x07, 0x1F, 0x07, 0x1F, 0x07, 0x1F, 0x07, 0x1F, 0x07, 0x1F, 0x07, 0x1F, 0x07, 0x5F, 0x07, 0x5F,
    0x07, 0x1F, 0x07, 0x1F, 0x07, 0x1F, 0x07, 0x1F, 0x07, 0x1F, 0x07, 0x1F, 0x07, 0x1F, 0x07, 0x1F,
    0x07, 0x1F, 0x07, 0x1F, 0x07, 0x1F, 0x07, 0x1F, 0x07, 0x1F, 0x07, 0x1F, 0x07, 0x1F, 0x07, 0x1F,
    0x07, 0x1F, 0x07, 0x1F, 0x07, 0x1F, 0x07, 0x1F, 0x07, 0x1F, 0x07, 0x1F, 0x07, 0x1F, 0x07, 0x1F,
    0x07, 0x1F, 0x07, 0x1F, 0x07, 0x1F, 0x07, 0x1F, 0x07, 0x1F, 0x07, 0x1F, 0x07, 0x1F, 0x07, 0x1F,
    0x07, 0x1F, 0x07, 0x1F, 0x07, 0x1F, 0x07, 0x1F, 0x07, 0x1F, 0x07, 0x1F, 0x07, 0x1F, 0x07, 0x1F,
    0x07, 0x1F, 0x07, 0x1F, 0x07, 0x1F, 0x07, 0x1F, 0x07, 0x1F, 0x07, 0x1F, 0x07, 0x1F, 0x07, 0x1F,
    0x07, 0x1F, 0x07, 0x1F, 0x07, 0x1F, 0x07, 0x1F, 0x07, 0x1F, 0x07, 0x1F, 0x07, 0x1F, 0x07, 0x1F,
    0x07, 0x1F, 0x07, 0x1F, 0x07, 0x1F, 0x07, 0x1F, 0x07, 0x1F, 0x07, 0x1F, 0x07, 0x1F, 0x07, 0x5F,
    0x07, 0x5F, 0x07, 0x1F, 0x07, 0x1F, 0x07, 0x1F, 0x07, 0x1F, 0x07, 0x1F, 0x07, 0x1F, 0x07, 0x1F,
    0x07, 0x1F, 0x07, 0x1F, 0x07, 0x1F, 0x07, 0x1F, 0x07, 0x1F, 0x07, 0x1F, 0x07, 0x1F, 0x07, 0x1F,
    0x07, 0x1F, 0x07, 0x1F, 0x07, 0x1F, 0x07, 0x1F, 0x07, 0x1F, 0x07, 0x1F, 0x07, 0x1F, 0x07, 0x1F,
    0x07, 0x1F, 0x07, 0x1F, 0x07, 0x1F, 0x07, 0x1F, 0x07, 0x1F, 0x07, 0x1F, 0x07, 0x1F, 0x07, 0x1F,
    0x07, 0x1F, 0x07, 0x1F, 0x07, 0x1F, 0x07, 0x1F, 0x07, 0x1F, 0x07, 0x1F, 0x07, 0x1F, 0x07, 0x1F,
    0x07, 0x1F, 0x07, 0x1F, 0x07, 0x1F, 0x07, 0x1F, 0x07, 0x1F, 0x07, 0x1F, 0x07, 0x1F, 0x07, 0x1F,
    0x07, 0x1F, 0x07, 0x1F, 0x07, 0x1F, 0x07, 0x1F, 0x07, 0x1F, 0x07, 0x1F, 0x07, 0x1F, 0x07, 0x1F,
    0x07, 0x1F, 0x07, 0x1F, 0x07, 0x1F, 0x07, 0x1F, 0x07, 0x1F, 0x07, 0x1F, 0x07, 0x1F, 0x07, 0x1F,
    0x07, 0x5F, 0x07, 0x5F, 0x07, 0x1F, 0x07, 0x1F, 0x07, 0x1F, 0x07, 0x1F, 0x07, 0x1F, 0x07, 0x1F,
    0x07, 0x1F, 0x07, 0x1F, 0x07, 0x1F, 0x07, 0x1F, 0x07, 0x1F, 0x07, 0x1F, 0x07, 0x1F, 0x07, 0x1F,
    0x07, 0x1F, 0x07, 0x1F, 0x07, 0x1F, 0x07, 0x1F, 0x07, 0x1F, 0x07, 0x1F, 0x07, 0x1F, 0x07, 0x1F,
    0x07, 0x1F, 0x07, 0x1F, 0x07, 0x1F, 0x07, 0x1F, 0x07, 0x1F, 0x07, 0x1F, 0x07, 0x1F, 0x07, 0x1F,
    0x07, 0x1F, 0x07, 0x1F, 0x07, 0x1F, 0x07, 0x1F, 0x07, 0x1F, 0x07, 0x1F, 0x07, 0x1F, 0x07, 0x1F,
    0x07, 0x1F, 0x07, 0x1F, 0x07, 0x1F, 0x07, 0x1F, 0x07, 0x1F, 0x07, 0x1F, 0x07, 0x1F, 0x07, 0x1F,
    0x07, 0x1F, 0x07, 0x1F, 0x07, 0x1F, 0x07, 0x1F, 0x07, 0x1F, 0x07, 0x1F, 0x07, 0x1F, 0x07, 0x1F,
    0x07, 0x1F, 0x07, 0x1F, 0x07, 0x1F, 0x07, 0x1F, 0x07, 0x1F, 0x07, 0x1F, 0x07, 0x1F, 0x07, 0x1F,
    0x07, 0x1F, 0x07, 0x5F, 0x07, 0x5F, 0x07, 0x1F, 0x07, 0x1F, 0x07, 0x1F, 0x07, 0x1F, 0x07, 0x1F,
    0x07, 0x1F, 0x07, 0x1F, 0x07, 0x1F, 0x07, 0x1F, 0x07, 0x1F, 0x07, 0x1F, 0x07, 0x1F, 0x07, 0x1F,
    0x07, 0x1F, 0x07, 0x1F, 0x07, 0x1F, 0x07, 0x1F, 0x07, 0x1F, 0x07, 0x1F, 0x07, 0x1F, 0x07, 0x1F,
    0x07, 0x1F, 0x07, 0x1F, 0x07, 0x1F, 0x07, 0x1F, 0x07, 0x1F, 0x07, 0x1F, 0x07, 0x1F, 0x07, 0x1F,
    0x07, 0x1F, 0x07, 0x1F, 0x07, 0x1F, 0x07, 0x1F, 0x07, 0x1F, 0x07, 0x1F, 0x07, 0x1F, 0x07, 0x1F,
    0x07, 0x1F, 0x07, 0x1F, 0x07, 0x1F, 0x07, 0x1F, 0x07, 0x1F, 0x07, 0x1F, 0x07, 0x1F, 0x07, 0x1F,
    0x07, 0x1F, 0x07, 0x1F, 0x07, 0x1F, 0x07, 0x1F, 0x07, 0x1F, 0x07, 0x1F, 0x07, 0x1F, 0x07, 0x1F,
    0x07, 0x1F, 0x07, 0x1F, 0x07, 0x1F, 0x07, 0x1F, 0x07, 0x1F, 0x07, 0x1F, 0x07, 0x1F, 0x07, 0x1F,
    0x07, 0x1F, 0x07, 0x1F, 0x07, 0x5F, 0x07, 0x5F, 0x07, 0x3F, 0x07, 0x1F, 0x07, 0x1F, 0x07, 0x1F,
    0x07, 0x1F, 0x07, 0x1F, 0x07, 0x1F, 0x07, 0x1F, 0x07, 0x1F, 0x07, 0x1F, 0x07, 0x1F, 0x07, 0x1F,
    0x07, 0x1F, 0x07, 0x1F, 0x07, 0x1F, 0x07, 0x1F, 0x07, 0x1F, 0x07, 0x1F, 0x07, 0x1F, 0x07, 0x1F,
    0x07, 0x1F, 0x07, 0x1F, 0x07, 0x1F, 0x07, 0x1F, 0x07, 0x1F, 0x07, 0x1F, 0x07, 0x1F, 0x07, 0x1F,
    0x07, 0x1F, 0x07, 0x1F, 0x07, 0x1F, 0x07, 0x1F, 0x07, 0x1F, 0x07, 0x1F, 0x07, 0x1F, 0x07, 0x1F,
    0x07, 0x1F, 0x07, 0x1F, 0x07, 0x1F, 0x07, 0x1F, 0x07, 0x1F, 0x07, 0x1F, 0x07, 0x1F, 0x07, 0x1F,
    0x07, 0x1F, 0x07, 0x1F, 0x07, 0x1F, 0x07, 0x1F, 0x07, 0x1F, 0x07, 0x1F, 0x07, 0x1F, 0x07, 0x1F,
    0x07, 0x1F, 0x07, 0x1F, 0x07, 0x1F, 0x07, 0x1F, 0x07, 0x1F, 0x07, 0x1F, 0x07, 0x1F, 0x07, 0x1F,
    0x07, 0x1F, 0x07, 0x1F, 0x07, 0x1F, 0x07, 0x5F, 0x07, 0x9F, 0x06, 0xBF, 0x07, 0x1F, 0x07, 0x1F,
    0x07, 0x1F, 0x07, 0x1F, 0x07, 0x1F, 0x07, 0x1F, 0x07, 0x1F, 0x07, 0x1F, 0x07, 0x1F, 0x07, 0x1F,
    0x07, 0x1F, 0x07, 0x1F, 0x07, 0x1F, 0x07, 0x1F, 0x07, 0x1F, 0x07, 0x1F, 0x07, 0x1F, 0x07, 0x1F,
    0x07, 0x1F, 0x07, 0x1F, 0x07, 0x1F, 0x07, 0x1F, 0x07, 0x1F, 0x07, 0x1F, 0x07, 0x1F, 0x07, 0x1F,
    0x07, 0x1F, 0x07, 0x1F, 0x07, 0x1F, 0x07, 0x1F, 0x07, 0x1F, 0x07, 0x1F, 0x07, 0x1F, 0x07, 0x1F,
    0x07, 0x1F, 0x07, 0x1F, 0x07, 0x1F, 0x07, 0x1F, 0x07, 0x1F, 0x07, 0x1F, 0x07, 0x1F, 0x07, 0x1F,
    0x07, 0x1F, 0x07, 0x1F, 0x07, 0x1F, 0x07, 0x1F, 0x07, 0x1F, 0x07, 0x1F, 0x07, 0x1F, 0x07, 0x1F,
    0x07, 0x1F, 0x07, 0x1F, 0x07, 0x1F, 0x07, 0x1F, 0x07, 0x1F, 0x07, 0x1F, 0x07, 0x1F, 0x07, 0x1F,
    0x07, 0x1F, 0x07, 0x1F, 0x07, 0x1F, 0x07, 0x7F, 0x07, 0x9F, 0x06, 0xBF, 0x07, 0x5F, 0x07, 0x3F,
    0x07, 0x1F, 0x07, 0x1F, 0x07, 0x1F, 0x07, 0x1F, 0x07, 0x1F, 0x07, 0x1F, 0x07, 0x1F, 0x07, 0x1F,
    0x07, 0x1F, 0x07, 0x1F, 0x07, 0x1F, 0x07, 0x1F, 0x07, 0x1F, 0x07, 0x1F, 0x07, 0x1F, 0x07, 0x1F,
    0x07, 0x1F, 0x07, 0x1F, 0x07, 0x1F, 0x07, 0x1F, 0x07, 0x1F, 0x07, 0x1F, 0x07, 0x1F, 0x07, 0x1F,
    0x07, 0x1F, 0x07, 0x1F, 0x07, 0x1F, 0x07, 0x1F, 0x07, 0x1F, 0x07, 0x1F, 0x07, 0x1F, 0x07, 0x1F,
    0x07, 0x1F, 0x07, 0x1F, 0x07, 0x1F, 0x07, 0x1F, 0x07, 0x1F, 0x07, 0x1F, 0x07, 0x1F, 0x07, 0x1F,
    0x07, 0x1F, 0x07, 0x1F, 0x07, 0x1F, 0x07, 0x1F, 0x07, 0x1F, 0x07, 0x1F, 0x07, 0x1F, 0x07, 0x1F,
    0x07, 0x1F, 0x07, 0x1F, 0x07, 0x1F, 0x07, 0x1F, 0x07, 0x1F, 0x07, 0x1F, 0x07, 0x1F, 0x07, 0x1F,
    0x07, 0x1F, 0x07, 0x1F, 0x07, 0x1F, 0x07, 0x3F, 0x07, 0x5F, 0x07, 0x3F, 0x00, 0x00, 0x07, 0x7F,
    0x07, 0x5F, 0x07, 0x7F, 0x07, 0x1F, 0x07, 0x1F, 0x07, 0x1F, 0x07, 0x1F, 0x07, 0x1F, 0x07, 0x1F,
    0x07, 0x1F, 0x07, 0x1F, 0x07, 0x1F, 0x07, 0x1F, 0x07, 0x1F, 0x07, 0x1F, 0x07, 0x1F, 0x07, 0x1F,
    0x07, 0x1F, 0x07, 0x1F, 0x07, 0x1F, 0x07, 0x1F, 0x07, 0x1F, 0x07, 0x1F, 0x07, 0x1F, 0x07, 0x1F,
    0x07, 0x1F, 0x07, 0x1F, 0x07, 0x1F, 0x07, 0x1F, 0x07, 0x1F, 0x07, 0x1F, 0x07, 0x1F, 0x07, 0x1F,
    0x07, 0x1F, 0x07, 0x1F, 0x07, 0x1F, 0x07, 0x1F, 0x07, 0x1F, 0x07, 0x1F, 0x07, 0x1F, 0x07, 0x1F,
    0x07, 0x1F, 0x07, 0x1F, 0x07, 0x1F, 0x07, 0x1F, 0x07, 0x1F, 0x07, 0x1F, 0x07, 0x1F, 0x07, 0x1F,
    0x07, 0x1F, 0x07, 0x1F, 0x07, 0x1F, 0x07, 0x1F, 0x07, 0x1F, 0x07, 0x1F, 0x07, 0x1F, 0x07, 0x1F,
    0x07, 0x1F, 0x07, 0x1F, 0x07, 0x3F, 0x07, 0x5F, 0x07, 0x5F, 0x07, 0x7F, 0x00, 0x00, 0x00, 0x00,
    0x00, 0x00, 0x07, 0x3F, 0x07, 0x9F, 0x07, 0x5F, 0x07, 0x5F, 0x07, 0x5F, 0x07, 0x5F, 0x07, 0x5F,
    0x07, 0x5F, 0x07, 0x5F, 0x07, 0x5F, 0x07, 0x5F, 0x07, 0x5F, 0x07, 0x5F, 0x07, 0x5F, 0x07, 0x5F,
    0x07, 0x5F, 0x07, 0x5F, 0x07, 0x5F, 0x07, 0x5F, 0x07, 0x5F, 0x07, 0x5F, 0x07, 0x5F, 0x07, 0x5F,
    0x07, 0x5F, 0x07, 0x5F, 0x07, 0x5F, 0x07, 0x5F, 0x07, 0x5F, 0x07, 0x5F, 0x07, 0x5F, 0x07, 0x5F,
    0x07, 0x5F, 0x07, 0x5F, 0x07, 0x5F, 0x07, 0x5F, 0x07, 0x5F, 0x07, 0x5F, 0x07, 0x5F, 0x07, 0x5F,
    0x07, 0x5F, 0x07, 0x5F, 0x07, 0x5F, 0x07, 0x5F, 0x07, 0x5F, 0x07, 0x5F, 0x07, 0x5F, 0x07, 0x5F,
    0x07, 0x5F, 0x07, 0x5F, 0x07, 0x5F, 0x07, 0x5F, 0x07, 0x5F, 0x07, 0x5F, 0x07, 0x5F, 0x07, 0x5F,
    0x07, 0x5F, 0x07, 0x5F, 0x07, 0x5F, 0x07, 0x5F, 0x07, 0x9F, 0x06, 0xBF, 0x00, 0x00, 0x00, 0x00
};

const uint8_t img_soc_map[] = {
    0x00, 0x00, 0x00, 0x00, 0x07, 0xFF, 0x07, 0x1F, 0x07, 0x5F, 0x07, 0x5F, 0x07, 0x5F, 0x07, 0x5F,
    0x07, 0x5F, 0x07, 0x5F, 0x07, 0x5F, 0x07, 0x5F, 0x07, 0x5F, 0x07, 0x5F, 0x07, 0x5F, 0x07, 0x5F,
    0x07, 0x5F, 0x07, 0x5F, 0x07, 0x5F, 0x07, 0x5F, 0x07, 0x5F, 0x07, 0x5F, 0x07, 0x5F, 0x07, 0x5F,
    0x07, 0x5F, 0x07, 0x5F, 0x07, 0x5F, 0x07, 0x5F, 0x07, 0x5F, 0x07, 0x5F, 0x07, 0x5F, 0x07, 0x5F,
    0x07, 0x5F, 0x07, 0x5F, 0x07, 0x5F, 0x07, 0x5F, 0x07, 0x5F, 0x07, 0x5F, 0x07, 0x5F, 0x07, 0x5F,
    0x07, 0x5F, 0x07, 0x5F, 0x07, 0x5F, 0x07, 0x5F, 0x07, 0x5F, 0x07, 0x5F, 0x07, 0x5F, 0x07, 0x5F,
    0x07, 0x5F, 0x07, 0x5F, 0x07, 0x5F, 0x07, 0x5F, 0x07, 0x5F, 0x07, 0x5F, 0x07, 0x5F, 0x07, 0x5F,
    0x07, 0x5F, 0x07, 0x5F, 0x07, 0x5F, 0x07, 0x5F, 0x07, 0x5F, 0x07, 0x1F, 0x07, 0x1F, 0x00, 0x00,
    0x00, 0x00, 0x00, 0x00, 0x07, 0x5F, 0x07, 0x5F, 0x07, 0x7F, 0x07, 0x3F, 0x07, 0x1F, 0x07, 0x1F,
    0x07, 0x1F, 0x07, 0x1F, 0x07, 0x1F, 0x07, 0x1F, 0x07, 0x1F, 0x07, 0x1F, 0x07, 0x1F, 0x07, 0x1F,
    0x07, 0x1F, 0x07, 0x1F, 0x07, 0x1F, 0x07, 0x1F, 0x07, 0x1F, 0x07, 0x1F, 0x07, 0x1F, 0x07, 0x1F,
    0x07, 0x1F, 0x07, 0x1F, 0x07, 0x1F, 0x07, 0x1F, 0x07, 0x1F, 0x07, 0x1F, 0x07, 0x1F, 0x07, 0x1F,
    0x07, 0x1F, 0x07, 0x1F, 0x07, 0x1F, 0x07, 0x1F, 0x07, 0x1F, 0x07, 0x1F, 0x07, 0x1F, 0x07, 0x1F,
    0x07, 0x1F, 0x07, 0x1F, 0x07, 0x1F, 0x07, 0x1F, 0x07, 0x1F, 0x07, 0x1F, 0x07, 0x1F, 0x07, 0x1F,
    0x07, 0x1F, 0x07, 0x1F, 0x07, 0x1F, 0x07, 0x1F, 0x07, 0x1F, 0x07, 0x1F, 0x07, 0x1F, 0x07, 0x1F,
    0x07, 0x1F, 0x07, 0x1F, 0x07, 0x1F, 0x07, 0x1F, 0x07, 0x1F, 0x07, 0x1F, 0x07, 0x7F, 0x07, 0x5F,
    0x07, 0x5F, 0x00, 0x00, 0x07, 0x1F, 0x07, 0x5F, 0x07, 0x3F, 0x07, 0x1F, 0x07, 0x1F, 0x07, 0x1F,
    0x07, 0x1F, 0x07, 0x1F, 0x07, 0x1F, 0x07, 0x1F, 0x07, 0x1F, 0x07, 0x1F, 0x07, 0x1F, 0x07, 0x1F,
    0x07, 0x1F, 0x07, 0x1F, 0x07, 0x1F, 0x07, 0x1F, 0x07, 0x1F, 0x07, 0x1F, 0x07, 0x1F, 0x07, 0x1F,
    0x07, 0x1F, 0x07, 0x1F, 0x07, 0x1F, 0x07, 0x1F, 0x07, 0x1F, 0x07, 0x1F, 0x07, 0x1F, 0x07, 0x1F,
    0x07, 0x1F, 0x07, 0x1F, 0x07, 0x1F, 0x07, 0x1F, 0x07, 0x1F, 0x07, 0x1F, 0x07, 0x1F, 0x07, 0x1F,
    0x07, 0x1F, 0x07, 0x1F, 0x07, 0x1F, 0x07, 0x1F, 0x07, 0x1F, 0x07, 0x1F, 0x07, 0x1F, 0x07, 0x1F,
    0x07, 0x1F, 0x07, 0x1F, 0x07, 0x1F, 0x07, 0x1F, 0x07, 0x1F, 0x07, 0x1F, 0x07, 0x1F, 0x07, 0x1F,
    0x07, 0x1F, 0x07, 0x1F, 0x07, 0x1F, 0x07, 0x1F, 0x07, 0x1F, 0x07, 0x1F, 0x07, 0x1F, 0x07, 0x1F,
    0x07, 0x3F, 0x07, 0x5F, 0x06, 0xBF, 0x07, 0x1F, 0x07, 0x7F, 0x07, 0x1F, 0x07, 0x1F, 0x07, 0x1F,
    0x07, 0x1F, 0x07, 0x1F, 0x07, 0x1F, 0x07, 0x1F, 0x07, 0x1F, 0x07, 0x1F, 0x07, 0x1F, 0x07, 0x1F,
    0x07, 0x1F, 0x07, 0x1F, 0x07, 0x1F, 0x07, 0x1F, 0x07, 0x1F, 0x07, 0x1F, 0x07, 0x1F, 0x07, 0x1F,
    0x07, 0x1F, 0x07, 0x1F, 0x07, 0x1F, 0x07, 0x1F, 0x07, 0x1F, 0x07, 0x1F, 0x07, 0x1F, 0x07, 0x1F,
    0x07, 0x1F, 0x07, 0x1F, 0x07, 0x1F, 0x07, 0x1F, 0x07, 0x1F, 0x07, 0x1F, 0x07, 0x1F, 0x07, 0x1F,
    0x07, 0x1F, 0x07, 0x1F, 0x07, 0x1F, 0x07, 0x1F, 0x07, 0x1F, 0x07, 0x1F, 0x07, 0x1F, 0x07, 0x1F,
    0x07, 0x1F, 0x07, 0x1F, 0x07, 0x1F, 0x07, 0x1F, 0x07, 0x1F, 0x07, 0x1F, 0x07, 0x1F, 0x07, 0x1F,
    0x07, 0x1F, 0x07, 0x1F, 0x07, 0x1F, 0x07, 0x1F, 0x07, 0x1F, 0x07, 0x1F, 0x07, 0x1F, 0x07, 0x1F,
    0x07, 0x1F, 0x07, 0x1F, 0x06, 0xBF, 0x07, 0x9F, 0x07, 0x5F, 0x07, 0x1F, 0x07, 0x1F, 0x07, 0x1F,
    0x07, 0x1F, 0x07, 0x1F, 0x07, 0x1F, 0x07, 0x1F, 0x07, 0x1F, 0x07, 0x1F, 0x07, 0x1F, 0x07, 0x1F,
    0x07, 0x1F, 0x07, 0x1F, 0x07, 0x1F, 0x07, 0x1F, 0x07, 0x1F, 0x07, 0x1F, 0x07, 0x1F, 0x07, 0x1F,
    0x07, 0x1F, 0x07, 0x1F, 0x07, 0x1F, 0x07, 0x1F, 0x07, 0x1F, 0x07, 0x1F, 0x07, 0x1F, 0x07, 0x1F,
    0x07, 0x1F, 0x07, 0x1F, 0x07, 0x1F, 0x07, 0x1F, 0x07, 0x1F, 0x07, 0x1F, 0x07, 0x1F, 0x07, 0x1F,
    0x07, 0x1F, 0x07, 0x1F, 0x07, 0x1F, 0x07, 0x1F, 0x07, 0x1F, 0x07, 0x1F, 0x07, 0x1F, 0x07, 0x1F,
    0x07, 0x1F, 0x07, 0x1F, 0x07, 0x1F, 0x07, 0x1F, 0x07, 0x1F, 0x07, 0x1F, 0x07, 0x1F, 0x07, 0x1F,
    0x07, 0x1F, 0x07, 0x1F, 0x07, 0x1F, 0x07, 0x1F, 0x07, 0x1F, 0x07, 0x1F, 0x07, 0x1F, 0x07, 0x1F,
    0x07, 0x1F, 0x07, 0x1F, 0x07, 0x1F, 0x07, 0x3F, 0x07, 0xBF, 0x07, 0x5F, 0x07, 0x1F, 0x07, 0x1F,
    0x07, 0x1F, 0x07, 0x1F, 0x07, 0x1F, 0x07, 0x1F, 0x07, 0x1F, 0x07, 0x1F, 0x07, 0x1F, 0x07, 0x1F,
    0x07, 0x1F, 0x07, 0x1F, 0x07, 0x1F, 0x07, 0x1F, 0x07, 0x1F, 0x07, 0x1F, 0x07, 0x1F, 0x07, 0x1F,
    0x07, 0x1F, 0x07, 0x1F, 0x07, 0x1F, 0x07, 0x1F, 0x07, 0x1F, 0x07, 0x1F, 0x07, 0x1F, 0x07, 0x1F,
    0x07, 0x1F, 0x07, 0x1F, 0x07, 0x1F, 0x07, 0x1F, 0x07, 0x1F, 0x07, 0x1F, 0x07, 0x1F, 0x07, 0x1F,
    0x07, 0x1F, 0x07, 0x1F, 0x07, 0x1F, 0x07, 0x1F, 0x07, 0x1F, 0x07, 0x1F, 0x07, 0x1F, 0x07, 0x1F,
    0x07, 0x1F, 0x07, 0x1F, 0x07, 0x1F, 0x07, 0x1F, 0x07, 0x1F, 0x07, 0x1F, 0x07, 0x1F, 0x07, 0x1F,
    0x07, 0x1F, 0x07, 0x1F, 0x07, 0x1F, 0x07, 0x1F, 0x07, 0x1F, 0x07, 0x1F, 0x07, 0x1F, 0x07, 0x1F,
    0x07, 0x1F, 0x07, 0x1F, 0x07, 0x1F, 0x07, 0x1F, 0x07, 0x1F, 0x07, 0x5F, 0x07, 0x5F, 0x07, 0x1F,
    0x07, 0x1F, 0x07, 0x1F, 0x07, 0x1F, 0x07, 0x1F, 0x07, 0x1F, 0x07, 0x1F, 0x07, 0x1F, 0x07, 0x1F,
    0x07, 0x1F, 0x07, 0x1F, 0x07, 0x1F, 0x07, 0x1F, 0x07, 0x1F, 0x07, 0x1F, 0x07, 0x1F, 0x07, 0x1F,
    0x07, 0x1F, 0x07, 0x1F, 0x07, 0x1F, 0x07, 0x1F, 0x07, 0x1F, 0x07, 0x1F, 0x07, 0x1F, 0x07, 0x1F,
    0x07, 0x1F, 0x07, 0x1F, 0x07, 0x1F, 0x07, 0x1F, 0x07, 0x1F, 0x07, 0x1F, 0x07, 0x1F, 0x07, 0x1F,
    0x07, 0x1F, 0x07, 0x1F, 0x07, 0x1F, 0x07, 0x1F, 0x07, 0x1F, 0x07, 0x1F, 0x07, 0x1F, 0x07, 0x1F,
    0x07, 0x1F, 0x07, 0x1F, 0x07, 0x1F, 0x07, 0x1F, 0x07, 0x1F, 0x07, 0x1F, 0x07, 0x1F, 0x07, 0x1F,
    0x07, 0x1F, 0x07, 0x1F, 0x07, 0x1F, 0x07, 0x1F, 0x07, 0x1F, 0x07, 0x1F, 0x07, 0x1F, 0x07, 0x1F,
    0x07, 0x1F, 0x07, 0x1F, 0x07, 0x1F, 0x07, 0x1F, 0x07, 0x1F, 0x07, 0x1F, 0x07, 0x5F, 0x07, 0x5F,
    0x07, 0x1F, 0x07, 0x1F, 0x07, 0x1F, 0x07, 0x1F, 0x07, 0x1F, 0x07, 0x1F, 0x07, 0x1F, 0x07, 0x1F,
    0x4F, 0x5F, 0x77, 0x7F, 0x07, 0x1F, 0x07, 0x1F, 0x07, 0x1F, 0x07, 0x1F, 0x77, 0x7F, 0x4F, 0x5F,
    0x07, 0x1F, 0x07, 0x1F, 0x07, 0x1F, 0x07, 0x1F, 0x77, 0x7F, 0x4F, 0x5F, 0x07, 0x1F, 0x07, 0x1F,
    0x07, 0x1F, 0x07, 0x1F, 0x07, 0x1F, 0x07, 0x1F, 0x07, 0x1F, 0x07, 0x1F, 0x07, 0x1F, 0x07, 0x1F,
    0x07, 0x1F, 0x07, 0x1F, 0x07, 0x1F, 0x07, 0x1F, 0x07, 0x1F, 0x07, 0x1F, 0x07, 0x1F, 0x07, 0x1F,
    0x07, 0x1F, 0x07, 0x1F, 0x07, 0x1F, 0x07, 0x1F, 0x07, 0x1F, 0x07, 0x1F, 0x07, 0x1F, 0x07, 0x1F,
    0x07, 0x1F, 0x07, 0x1F, 0x07, 0x1F, 0x07, 0x1F, 0x07, 0x1F, 0x07, 0x1F, 0x07, 0x1F, 0x07, 0x1F,
    0x07, 0x1F, 0x07, 0x1F, 0x07, 0x1F, 0x07, 0x1F, 0x07, 0x1F, 0x07, 0x1F, 0x07, 0x1F, 0x07, 0x5F,
    0x07, 0x5F, 0x07, 0x1F, 0x07, 0x1F, 0x07, 0x1F, 0x07, 0x1F, 0x07, 0x1F, 0x07, 0x1F, 0x07, 0x1F,
    0x77, 0x7F, 0xD7, 0xFF, 0xC7, 0xFF, 0xD7, 0xDF, 0x07, 0x1F, 0x07, 0x1F, 0xCF, 0xDF, 0xC7, 0xFF,
    0xD7, 0xDF, 0xC7, 0xDF, 0x07, 0x1F, 0x07, 0x1F, 0xD7, 0xDF, 0xC7, 0xFF, 0xD7, 0xDF, 0xC7, 0xDF,
    0x07, 0x1F, 0x07, 0x1F, 0x07, 0x1F, 0x07, 0x1F, 0x07, 0x1F, 0x07, 0x1F, 0x07, 0x1F, 0x07, 0x1F,
    0x07, 0x1F, 0x07, 0x1F, 0x07, 0x1F, 0x07, 0x1F, 0x07, 0x1F, 0x07, 0x1F, 0x07, 0x1F, 0x07, 0x1F,
    0x07, 0x1F, 0x07, 0x1F, 0x07, 0x1F, 0x07, 0x1F, 0x07, 0x1F, 0x07, 0x1F, 0x07, 0x1F, 0x07, 0x1F,
    0x07, 0x1F, 0x07, 0x1F, 0x07, 0x1F, 0x07, 0x1F, 0x07, 0x1F, 0x07, 0x1F, 0x07, 0x1F, 0x07, 0x1F,
    0x07, 0x1F, 0x07, 0x1F, 0x07, 0x1F, 0x07, 0x1F, 0x07, 0x1F, 0x07, 0x1F, 0x07, 0x1F, 0x07, 0x1F,
    0x07, 0x5F, 0x07, 0x5F, 0x07, 0x1F, 0x07, 0x1F, 0x07, 0x1F, 0x07, 0x1F, 0x07, 0x1F, 0x07, 0x1F,
    0x07, 0x1F, 0xC7, 0xFF, 0xAF, 0xBF, 0x07, 0x1F, 0x67, 0x5F, 0x07, 0x1F, 0x9F, 0xBF, 0xBF, 0xFF,
    0x07, 0x1F, 0x07, 0x1F, 0xDF, 0xDF, 0x07, 0x1F, 0x9F, 0xBF, 0xBF, 0xFF, 0x07, 0x1F, 0x07, 0x1F,
    0xBF, 0xFF, 0x07, 0x1F, 0x07, 0x1F, 0x07, 0x1F, 0x07, 0x1F, 0x07, 0x1F, 0x07, 0x1F, 0x07, 0x1F,
    0x07, 0x1F, 0x07, 0x1F, 0x07, 0x1F, 0x07, 0x1F, 0x07, 0x1F, 0x07, 0x1F, 0x07, 0x1F, 0x07, 0x1F,
    0x07, 0x1F, 0x07, 0x1F, 0x07, 0x1F, 0x07, 0x1F, 0x07, 0x1F, 0x07, 0x1F, 0x07, 0x1F, 0x07, 0x1F,
    0x07, 0x1F, 0x07, 0x1F, 0x07, 0x1F, 0x07, 0x1F, 0x07, 0x1F, 0x07, 0x1F, 0x07, 0x1F, 0x07, 0x1F,
    0x07, 0x1F, 0x07, 0x1F, 0x07, 0x1F, 0x07, 0x1F, 0x07, 0x1F, 0x07, 0x1F, 0x07, 0x1F, 0x07, 0x1F,
    0x07, 0x1F, 0x07, 0x5F, 0x07, 0x5F, 0x07, 0x1F, 0x07, 0x1F, 0x07, 0x1F, 0x07, 0x1F, 0x07, 0x1F,
    0x07, 0x1F, 0x07, 0x1F, 0x07, 0x1F, 0xBF, 0xFF, 0xD7, 0xFF, 0xBF, 0xBF, 0x07, 0x1F, 0xBF, 0xFF,
    0x9F, 0x9F, 0x07, 0x1F, 0x07, 0x1F, 0xCF, 0xFF, 0x4F, 0x5F, 0xBF, 0xFF, 0xAF, 0xFF, 0x07, 0x1F,
    0x07, 0x1F, 0x07, 0x1F, 0x07, 0x1F, 0x07, 0x1F, 0x07, 0x1F, 0x07, 0x1F, 0x07, 0x1F, 0x07, 0x1F,
    0x07, 0x1F, 0x07, 0x1F, 0x07, 0x1F, 0x07, 0x1F, 0x07, 0x1F, 0x07, 0x1F, 0x07, 0x1F, 0x07, 0x1F,
    0x07, 0x1F, 0x07, 0x1F, 0x07, 0x1F, 0x07, 0x1F, 0x07, 0x1F, 0x07, 0x1F, 0x07, 0x1F, 0x07, 0x1F,
    0x07, 0x1F, 0x07, 0x1F, 0x07, 0x1F, 0x07, 0x1F, 0x07, 0x1F, 0x07, 0x1F, 0x07, 0x1F, 0x07, 0x1F,
    0x07, 0x1F, 0x07, 0x1F, 0x07, 0x1F, 0x07, 0x1F, 0x07, 0x1F, 0x07, 0x1F, 0x07, 0x1F, 0x07, 0x1F,
    0x07, 0x1F, 0x07, 0x1F, 0x07, 0x5F, 0x07, 0x5F, 0x07, 0x1F, 0x07, 0x1F, 0x07, 0x1F, 0x07, 0x1F,
    0x07, 0x1F, 0x07, 0x1F, 0x07, 0x1F, 0x9F, 0xBF, 0x07, 0x1F, 0x07, 0x1F, 0xD7, 0xDF, 0x07, 0x1F,
    0xAF, 0xBF, 0xC7, 0xFF, 0x07, 0x1F, 0x07, 0x1F, 0xD7, 0xFF, 0x07, 0x1F, 0xAF, 0xBF, 0xCF, 0xFF,
    0x07, 0x1F, 0x07, 0x1F, 0xBF, 0xBF, 0x07, 0x1F, 0x07, 0x1F, 0x07, 0x1F, 0x07, 0x1F, 0x07, 0x1F,
    0x07, 0x1F, 0x07, 0x1F, 0x07, 0x1F, 0x07, 0x1F, 0x07, 0x1F, 0x07, 0x1F, 0x07, 0x1F, 0x07, 0x1F,
    0x07, 0x1F, 0x07, 0x1F, 0x07, 0x1F, 0x07, 0x1F, 0x07, 0x1F, 0x07, 0x1F, 0x07, 0x1F, 0x07, 0x1F,
    0x07, 0x1F, 0x07, 0x1F, 0x07, 0x1F, 0x07, 0x1F, 0x07, 0x1F, 0x07, 0x1F, 0x07, 0x1F, 0x07, 0x1F,
    0x07, 0x1F, 0x07, 0x1F, 0x07, 0x1F, 0x07, 0x1F, 0x07, 0x1F, 0x07, 0x1F, 0x07, 0x1F, 0x07, 0x1F,
    0x07, 0x1F, 0x07, 0x1F, 0x07, 0x1F, 0x07, 0x5F, 0x07, 0x5F, 0x07, 0x1F, 0x07, 0x1F, 0x07, 0x1F,
    0x07, 0x1F, 0x07, 0x1F, 0x07, 0x1F, 0x07, 0x1F, 0xAF, 0xBF, 0xCF, 0xFF, 0xD7, 0xFF, 0xD7, 0xDF,
    0x07, 0x1F, 0x07, 0x1F, 0xCF, 0xDF, 0xD7, 0xFF, 0xD7, 0xFF, 0xB7, 0xFF, 0x07, 0x1F, 0x07, 0x1F,
    0xC7, 0xDF, 0xD7, 0xFF, 0xD7, 0xFF, 0xB7, 0xFF, 0x07, 0x1F, 0x07, 0x1F, 0x07, 0x1F, 0x07, 0x1F,
    0x07, 0x1F, 0x07, 0x1F, 0x07, 0x1F, 0x07, 0x1F, 0x07, 0x1F, 0x07, 0x1F, 0x07, 0x1F, 0x07, 0x1F,
    0x07, 0x1F, 0x07, 0x1F, 0x07, 0x1F, 0x07, 0x1F, 0x07, 0x1F, 0x07, 0x1F, 0x07, 0x1F, 0x07, 0x1F,
    0x07, 0x1F, 0x07, 0x1F, 0x07, 0x1F, 0x07, 0x1F, 0x07, 0x1F, 0x07, 0x1F, 0x07, 0x1F, 0x07, 0x1F,
    0x07, 0x1F, 0x07, 0x1F, 0x07, 0x1F, 0x07, 0x1F, 0x07, 0x1F, 0x07, 0x1F, 0x07, 0x1F, 0x07, 0x1F,
    0x07, 0x1F, 0x07, 0x1F, 0x07, 0x1F, 0x07, 0x1F, 0x07, 0x5F, 0x07, 0x5F, 0x07, 0x1F, 0x07, 0x1F,
    0x07, 0x1F, 0x07, 0x1F, 0x07, 0x1F, 0x07, 0x1F, 0x07, 0x1F, 0x07, 0x1F, 0x07, 0x1F, 0x67, 0x5F,
    0x07, 0x1F, 0x07, 0x1F, 0x07, 0x1F, 0x07, 0x1F, 0x67, 0x5F, 0x07, 0x1F, 0x07, 0x1F, 0x07, 0x1F,
    0x07, 0x1F, 0x07, 0x1F, 0x67, 0x5F, 0x07, 0x1F, 0x07, 0x1F, 0x07, 0x1F, 0x07, 0x1F, 0x07, 0x1F,
    0x07, 0x1F, 0x07, 0x1F, 0x07, 0x1F, 0x07, 0x1F, 0x07, 0x1F, 0x07, 0x1F, 0x07, 0x1F, 0x07, 0x1F,
    0x07, 0x1F, 0x07, 0x1F, 0x07, 0x1F, 0x07, 0x1F, 0x07, 0x1F, 0x07, 0x1F, 0x07, 0x1F, 0x07, 0x1F,
    0x07, 0x1F, 0x07, 0x1F, 0x07, 0x1F, 0x07, 0x1F, 0x07, 0x1F, 0x07, 0x1F, 0x07, 0x1F, 0x07, 0x1F,
    0x07, 0x1F, 0x07, 0x1F, 0x07, 0x1F, 0x07, 0x1F, 0x07, 0x1F, 0x07, 0x1F, 0x07, 0x1F, 0x07, 0x1F,
    0x07, 0x1F, 0x07, 0x1F, 0x07, 0x1F, 0x07, 0x1F, 0x07, 0x1F, 0x07, 0x5F, 0x07, 0x5F, 0x07, 0x1F,
    0x07, 0x1F, 0x07, 0x1F, 0x07, 0x1F, 0x07, 0x1F, 0x07, 0x1F, 0x07, 0x1F, 0x07, 0x1F, 0x07, 0x1F,
    0x07, 0x1F, 0x07, 0x1F, 0x07, 0x1F, 0x07, 0x1F, 0x07, 0x1F, 0x07, 0x1F, 0x07, 0x1F, 0x07, 0x1F,
    0x07, 0x1F, 0x07, 0x1F, 0x07, 0x1F, 0x07, 0x1F, 0x07, 0x1F, 0x07, 0x1F, 0x07, 0x1F, 0x07, 0x1F,
    0x07, 0x1F, 0x07, 0x1F, 0x07, 0x1F, 0x07, 0x1F, 0x07, 0x1F, 0x07, 0x1F, 0x07, 0x1F, 0x07, 0x1F,
    0x07, 0x1F, 0x07, 0x1F, 0x07, 0x1F, 0x07, 0x1F, 0x07, 0x1F, 0x07, 0x1F, 0x07, 0x1F, 0x07, 0x1F,
    0x07, 0x1F, 0x07, 0x1F, 0x07, 0x1F, 0x07, 0x1F, 0x07, 0x1F, 0x07, 0x1F, 0x07, 0x1F, 0x07, 0x1F,
    0x07, 0x1F, 0x07, 0x1F, 0x07, 0x1F, 0x07, 0x1F, 0x07, 0x1F, 0x07, 0x1F, 0x07, 0x1F, 0x07, 0x1F,
    0x07, 0x1F, 0x07, 0x1F, 0x07, 0x1F, 0x07, 0x1F, 0x07, 0x1F, 0x07, 0x1F, 0x07, 0x5F, 0x07, 0x5F,
    0x07, 0x1F, 0x07, 0x1F, 0x07, 0x1F, 0x07, 0x1F, 0x07, 0x1F, 0x07, 0x1F, 0x07, 0x1F, 0x07, 0x1F,
    0x07, 0x1F, 0x07, 0x1F, 0x07, 0x1F, 0x07, 0x1F, 0x07, 0x1F, 0x07, 0x1F, 0x07, 0x1F, 0x07, 0x1F,
    0x07, 0x1F, 0x07, 0x1F, 0x07, 0x1F, 0x07, 0x1F, 0x07, 0x1F, 0x07, 0x1F, 0x07, 0x1F, 0x07, 0x1F,
    0x07, 0x1F, 0x07, 0x1F, 0x07, 0x1F, 0x07, 0x1F, 0x07, 0x1F, 0x07, 0x1F, 0x07, 0x1F, 0x07, 0x1F,
    0x07, 0x1F, 0x07, 0x1F, 0x07, 0x1F, 0x07, 0x1F, 0x07, 0x1F, 0x07, 0x1F, 0x07, 0x1F, 0x07, 0x1F,
    0x07, 0x1F, 0x07, 0x1F, 0x07, 0x1F, 0x07, 0x1F, 0x07, 0x1F, 0x07, 0x1F, 0x07, 0x1F, 0x07, 0x1F,
    0x07, 0x1F, 0x07, 0x1F, 0x07, 0x1F, 0x07, 0x1F, 0x07, 0x1F, 0x07, 0x1F, 0x07, 0x1F, 0x07, 0x1F,
    0x07, 0x1F, 0x07, 0x1F, 0x07, 0x1F, 0x07, 0x1F, 0x07, 0x1F, 0x07, 0x1F, 0x07, 0x1F, 0x07, 0x5F,
    0x07, 0x5F, 0x07, 0x1F, 0x07, 0x1F, 0x07, 0x1F, 0x07, 0x1F, 0x07, 0x1F, 0x07, 0x1F, 0x07, 0x1F,
    0x07, 0x1F, 0x07, 0x1F, 0x07, 0x1F, 0x07, 0x1F, 0x07, 0x1F, 0x07, 0x1F, 0x07, 0x1F, 0x07, 0x1F,
    0x07, 0x1F, 0x07, 0x1F, 0x07, 0x1F, 0x07, 0x1F, 0x07, 0x1F, 0x07, 0x1F, 0x07, 0x1F, 0x07, 0x1F,
    0x07, 0x1F, 0x07, 0x1F, 0x07, 0x1F, 0x07, 0x1F, 0x07, 0x1F, 0x07, 0x1F, 0x07, 0x1F, 0x07, 0x1F,
    0x07, 0x1F, 0x07, 0x1F, 0x07, 0x1F, 0x07, 0x1F, 0x07, 0x1F, 0x07, 0x1F, 0x07, 0x1F, 0x07, 0x1F,
    0x07, 0x1F, 0x07, 0x1F, 0x07, 0x1F, 0x07, 0x1F, 0x07, 0x1F, 0x07, 0x1F, 0x07, 0x1F, 0x07, 0x1F,
    0x07, 0x1F, 0x07, 0x1F, 0x07, 0x1F, 0x07, 0x1F, 0x07, 0x1F, 0x07, 0x1F, 0x07, 0x1F, 0x07, 0x1F,
    0x07, 0x1F, 0x07, 0x1F, 0x07, 0x1F, 0x07, 0x1F, 0x07, 0x1F, 0x07, 0x1F, 0x07, 0x1F, 0x07, 0x1F,
    0x07, 0x5F, 0x07, 0x5F, 0x07, 0x1F, 0x07, 0x1F, 0x07, 0x1F, 0x07, 0x1F, 0x07, 0x1F, 0x07, 0x1F,
    0x07, 0x1F, 0x07, 0x1F, 0x07, 0x1F, 0x07, 0x1F, 0x07, 0x1F, 0x07, 0x1F, 0x07, 0x1F, 0x07, 0x1F,
    0x07, 0x1F, 0x07, 0x1F, 0x07, 0x1F, 0x07, 0x1F, 0x07, 0x1F, 0x07, 0x1F, 0x07, 0x1F, 0x07, 0x1F,
    0x07, 0x1F, 0x07, 0x1F, 0x07, 0x1F, 0x07, 0x1F, 0x07, 0x1F, 0x07, 0x1F, 0x07, 0x1F, 0x07, 0x1F,
    0x07, 0x1F, 0x07, 0x1F, 0x07, 0x1F, 0x07, 0x1F, 0x07, 0x1F, 0x07, 0x1F, 0x07, 0x1F, 0x07, 0x1F,
    0x07, 0x1F, 0x07, 0x1F, 0x07, 0x1F, 0x07, 0x1F, 0x07, 0x1F, 0x07, 0x1F, 0x07, 0x1F, 0x07, 0x1F,
    0x07, 0x1F, 0x07, 0x1F, 0x07, 0x1F, 0x07, 0x1F, 0x07, 0x1F, 0x07, 0x1F, 0x07, 0x1F, 0x07, 0x1F,
    0x07, 0x1F, 0x07, 0x1F, 0x07, 0x1F, 0x07, 0x1F, 0x07, 0x1F, 0x07, 0x1F, 0x07, 0x1F, 0x07, 0x1F,
    0x07, 0x1F, 0x07, 0x5F, 0x07, 0x5F, 0x07, 0x1F, 0x07, 0x1F, 0x07, 0x1F, 0x07, 0x1F, 0x07, 0x1F,
    0x07, 0x1F, 0x07, 0x1F, 0x07, 0x1F, 0x07, 0x1F, 0x07, 0x1F, 0x07, 0x1F, 0x07, 0x1F, 0x07, 0x1F,
    0x07, 0x1F, 0x07, 0x1F, 0x07, 0x1F, 0x07, 0x1F, 0x07, 0x1F, 0x07, 0x1F, 0x07, 0x1F, 0x07, 0x1F,
    0x07, 0x1F, 0x07, 0x1F, 0x07, 0x1F, 0x07, 0x1F, 0x07, 0x1F, 0x07, 0x1F, 0x07, 0x1F, 0x07, 0x1F,
    0x07, 0x1F, 0x07, 0x1F, 0x07, 0x1F, 0x07, 0x1F, 0x07, 0x1F, 0x07, 0x1F, 0x07, 0x1F, 0x07, 0x1F,
    0x07, 0x1F, 0x07, 0x1F, 0x07, 0x1F, 0x07, 0x1F, 0x07, 0x1F, 0x07, 0x1F, 0x07, 0x1F, 0x07, 0x1F,
    0x07, 0x1F, 0x07, 0x1F, 0x07, 0x1F, 0x07, 0x1F, 0x07, 0x1F, 0x07, 0x1F, 0x07, 0x1F, 0x07, 0x1F,
    0x07, 0x1F, 0x07, 0x1F, 0x07, 0x1F, 0x07, 0x1F, 0x07, 0x1F, 0x07, 0x1F, 0x07, 0x1F, 0x07, 0x1F,
    0x07, 0x1F, 0x07, 0x1F, 0x07, 0x5F, 0x07, 0x5F, 0x07, 0x1F, 0x07, 0x1F, 0x07, 0x1F, 0x07, 0x1F,
    0x07, 0x1F, 0x07, 0x1F, 0x07, 0x1F, 0x07, 0x1F, 0x07, 0x1F, 0x07, 0x1F, 0x07, 0x1F, 0x07, 0x1F,
    0x07, 0x1F, 0x07, 0x1F, 0x07, 0x1F, 0x07, 0x1F, 0x07, 0x1F, 0x07, 0x1F, 0x07, 0x1F, 0x07, 0x1F,
    0x07, 0x1F, 0x07, 0x1F, 0x07, 0x1F, 0x07, 0x1F, 0x07, 0x1F, 0x07, 0x1F, 0x07, 0x1F, 0x07, 0x1F,
    0x07, 0x1F, 0x07, 0x1F, 0x07, 0x1F, 0x07, 0x1F, 0x07, 0x1F, 0x07, 0x1F, 0x07, 0x1F, 0x07, 0x1F,
    0x07, 0x1F, 0x07, 0x1F, 0x07, 0x1F, 0x07, 0x1F, 0x07, 0x1F, 0x07, 0x1F, 0x07, 0x1F, 0x07, 0x1F,
    0x07, 0x1F, 0x07, 0x1F, 0x07, 0x1F, 0x07, 0x1F, 0x07, 0x1F, 0x07, 0x1F, 0x07, 0x1F, 0x07, 0x1F,
    0x07, 0x1F, 0x07, 0x1F, 0x07, 0x1F, 0x07, 0x1F, 0x07, 0x1F, 0x07, 0x1F, 0x07, 0x1F, 0x07, 0x1F,
    0x07, 0x1F, 0x07, 0x1F, 0x07, 0x1F, 0x07, 0x5F, 0x07, 0x5F, 0x07, 0x1F, 0x07, 0x1F, 0x07, 0x1F,
    0x07, 0x1F, 0x07, 0x1F, 0x07, 0x1F, 0x07, 0x1F, 0x07, 0x1F, 0x07, 0x1F, 0x07, 0x1F, 0x07, 0x1F,
    0x07, 0x1F, 0x07, 0x1F, 0x07, 0x1F, 0x07, 0x1F, 0x07, 0x1F, 0x07, 0x1F, 0x07, 0x1F, 0x07, 0x1F,
    0x07, 0x1F, 0x07, 0x1F, 0x07, 0x1F, 0x07, 0x1F, 0x07, 0x1F, 0x07, 0x1F, 0x07, 0x1F, 0x07, 0x1F,
    0x07, 0x1F, 0x07, 0x1F, 0x07, 0x1F, 0x07, 0x1F, 0x07, 0x1F, 0x07, 0x1F, 0x07, 0x1F, 0x07, 0x1F,
    0x07, 0x1F, 0x07, 0x1F, 0x07, 0x1F, 0x07, 0x1F, 0x07, 0x1F, 0x07, 0x1F, 0x07, 0x1F, 0x07, 0x1F,
    0x07, 0x1F, 0x07, 0x1F, 0x07, 0x1F, 0x07, 0x1F, 0x07, 0x1F, 0x07, 0x1F, 0x07, 0x1F, 0x07, 0x1F,
    0x07, 0x1F, 0x07, 0x1F, 0x07, 0x1F, 0x07, 0x1F, 0x07, 0x1F, 0x07, 0x1F, 0x07, 0x1F, 0x07, 0x1F,
    0x07, 0x1F, 0x07, 0x1F, 0x07, 0x1F, 0x07, 0x1F, 0x07, 0x5F, 0x07, 0x5F, 0x07, 0x1F, 0x07, 0x1F,
    0x07, 0x1F, 0x07, 0x1F, 0x07, 0x1F, 0x07, 0x1F, 0x07, 0x1F, 0x07, 0x1F, 0x07, 0x1F, 0x07, 0x1F,
    0x07, 0x1F, 0x07, 0x1F, 0x07, 0x1F, 0x07, 0x1F, 0x07, 0x1F, 0x07, 0x1F, 0x07, 0x1F, 0x07, 0x1F,
    0x07, 0x1F, 0x07, 0x1F, 0x07, 0x1F, 0x07, 0x1F, 0x07, 0x1F, 0x07, 0x1F, 0x07, 0x1F, 0x07, 0x1F,
    0x07, 0x1F, 0x07, 0x1F, 0x07, 0x1F, 0x07, 0x1F, 0x07, 0x1F, 0x07, 0x1F, 0x07, 0x1F, 0x07, 0x1F,
    0x07, 0x1F, 0x07, 0x1F, 0x07, 0x1F, 0x07, 0x1F, 0x07, 0x1F, 0x07, 0x1F, 0x07, 0x1F, 0x07, 0x1F,
    0x07, 0x1F, 0x07, 0x1F, 0x07, 0x1F, 0x07, 0x1F, 0x07, 0x1F, 0x07, 0x1F, 0x07, 0x1F, 0x07, 0x1F,
    0x07, 0x1F, 0x07, 0x1F, 0x07, 0x1F, 0x07, 0x1F, 0x07, 0x1F, 0x07, 0x1F, 0x07, 0x1F, 0x07, 0x1F,
    0x07, 0x1F, 0x07, 0x1F, 0x07, 0x1F, 0x07, 0x1F, 0x07, 0x1F, 0x07, 0x5F, 0x07, 0x5F, 0x07, 0x1F,
    0x07, 0x1F, 0x07, 0x1F, 0x07, 0x1F, 0x07, 0x1F, 0x07, 0x1F, 0x07, 0x1F, 0x07, 0x1F, 0x07, 0x1F,
    0x07, 0x1F, 0x07, 0x1F, 0x07, 0x1F, 0x07, 0x1F, 0x07, 0x1F, 0x07, 0x1F, 0x07, 0x1F, 0x07, 0x1F,
    0x07, 0x1F, 0x07, 0x1F, 0x07, 0x1F, 0x07, 0x1F, 0x07, 0x1F, 0x07, 0x1F, 0x07, 0x1F, 0x07, 0x1F,
    0x07, 0x1F, 0x07, 0x1F, 0x07, 0x1F, 0x07, 0x1F, 0x07, 0x1F, 0x07, 0x1F, 0x07, 0x1F, 0x07, 0x1F,
    0x07, 0x1F, 0x07, 0x1F, 0x07, 0x1F, 0x07, 0x1F, 0x07, 0x1F, 0x07, 0x1F, 0x07, 0x1F, 0x07, 0x1F,
    0x07, 0x1F, 0x07, 0x1F, 0x07, 0x1F, 0x07, 0x1F, 0x07, 0x1F, 0x07, 0x1F, 0x07, 0x1F, 0x07, 0x1F,
    0x07, 0x1F, 0x07, 0x1F, 0x07, 0x1F, 0x07, 0x1F, 0x07, 0x1F, 0x07, 0x1F, 0x07, 0x1F, 0x07, 0x1F,
    0x07, 0x1F, 0x07, 0x1F, 0x07, 0x1F, 0x07, 0x1F, 0x07, 0x1F, 0x07, 0x1F, 0x07, 0x5F, 0x07, 0x5F,
    0x07, 0x1F, 0x07, 0x1F, 0x07, 0x1F, 0x07, 0x1F, 0x07, 0x1F, 0x07, 0x1F, 0x07, 0x1F, 0x07, 0x1F,
    0x07, 0x1F, 0x07, 0x1F, 0x07, 0x1F, 0x07, 0x1F, 0x07, 0x1F, 0x07, 0x1F, 0x07, 0x1F, 0x07, 0x1F,
    0x06, 0xBF, 0x07, 0x3F, 0x07, 0x3F, 0x07, 0x3F, 0x07, 0x3F, 0x07, 0x3F, 0x07, 0x1F, 0x07, 0x1F,
    0x07, 0x1F, 0x07, 0x1F, 0x07, 0x3F, 0x07, 0x5F, 0x07, 0x5F, 0x07, 0x5F, 0x07, 0x5F, 0x07, 0x5F,
    0x07, 0x5F, 0x07, 0x3F, 0x07, 0x1F, 0x07, 0x1F, 0x07, 0x1F, 0x07, 0x3F, 0x07, 0x3F, 0x07, 0x3F,
    0x07, 0x3F, 0x07, 0x1F, 0x07, 0x1F, 0x07, 0x1F, 0x07, 0x1F, 0x07, 0x3F, 0x07, 0x3F, 0x07, 0x1F,
    0x07, 0x1F, 0x07, 0x1F, 0x07, 0x1F, 0x07, 0x1F, 0x07, 0x1F, 0x07, 0x1F, 0x07, 0x1F, 0x07, 0x1F,
    0x07, 0x1F, 0x07, 0x1F, 0x07, 0x1F, 0x07, 0x1F, 0x07, 0x1F, 0x07, 0x1F, 0x07, 0x1F, 0x07, 0x5F,
    0x07, 0x5F, 0x07, 0x1F, 0x07, 0x1F, 0x07, 0x1F, 0x07, 0x1F, 0x07, 0x1F, 0x07, 0x1F, 0x07, 0x1F,
    0x07, 0x1F, 0x07, 0x1F, 0x07, 0x1F, 0x07, 0x1F, 0x07, 0x1F, 0x07, 0x1F, 0x07, 0x1F, 0x07, 0x1F,
    0x07, 0x1F, 0x07, 0x3F, 0x07, 0x3F, 0x07, 0x3F, 0x07, 0x3F, 0x07, 0x3F, 0x07, 0x3F, 0x07, 0x3F,
    0x07, 0x1F, 0x07, 0x1F, 0x07, 0x1F, 0x07, 0x3F, 0x07, 0x3F, 0x07, 0x3F, 0x07, 0x3F, 0x07, 0x3F,
    0x07, 0x3F, 0x07, 0x3F, 0x07, 0x3F, 0x07, 0x1F, 0x07, 0x1F, 0x07, 0x1F, 0x07, 0x3F, 0x07, 0x3F,
    0x07, 0x3F, 0x07, 0x3F, 0x07, 0x3F, 0x07, 0x1F, 0x07, 0x1F, 0x07, 0x1F, 0x07, 0x3F, 0x07, 0x3F,
    0x07, 0x1F, 0x07, 0x1F, 0x07, 0x1F, 0x07, 0x1F, 0x07, 0x1F, 0x07, 0x1F, 0x07, 0x1F, 0x07, 0x1F,
    0x07, 0x1F, 0x07, 0x1F, 0x07, 0x1F, 0x07, 0x1F, 0x07, 0x1F, 0x07, 0x1F, 0x07, 0x1F, 0x07, 0x1F,
    0x07, 0x5F, 0x07, 0x5F, 0x07, 0x1F, 0x07, 0x1F, 0x07, 0x1F, 0x07, 0x1F, 0x07, 0x1F, 0x07, 0x1F,
    0x07, 0x1F, 0x07, 0x1F, 0x07, 0x1F, 0x07, 0x1F, 0x07, 0x1F, 0x07, 0x1F, 0x07, 0x1F, 0x07, 0x1F,
    0x07, 0x1F, 0x07, 0x3F, 0x07, 0x3F, 0x07, 0x3F, 0x07, 0x5F, 0x07, 0x1F, 0x07, 0x3F, 0x07, 0x3F,
    0x07, 0x3F, 0x07, 0x3F, 0x07, 0x1F, 0x07, 0x1F, 0x07, 0x5F, 0x07, 0x3F, 0x07, 0x3F, 0x07, 0x3F,
    0x07, 0x3F, 0x07, 0x3F, 0x07, 0x3F, 0x07, 0x3F, 0x07, 0x1F, 0x07, 0x1F, 0x07, 0x3F, 0x07, 0x3F,
    0x07, 0x5F, 0x07, 0x1F, 0x07, 0x5F, 0x07, 0x3F, 0x07, 0x1F, 0x07, 0x1F, 0x07, 0x3F, 0x07, 0x5F,
    0x07, 0x1F, 0x07, 0x1F, 0x07, 0x1F, 0x07, 0x1F, 0x07, 0x1F, 0x07, 0x1F, 0x07, 0x1F, 0x07, 0x1F,
    0x07, 0x1F, 0x07, 0x1F, 0x07, 0x1F, 0x07, 0x1F, 0x07, 0x1F, 0x07, 0x1F, 0x07, 0x1F, 0x07, 0x1F,
    0x07, 0x1F, 0x07, 0x5F, 0x07, 0x5F, 0x07, 0x1F, 0x07, 0x1F, 0x07, 0x1F, 0x07, 0x1F, 0x07, 0x1F,
    0x07, 0x1F, 0x07, 0x1F, 0x07, 0x1F, 0x07, 0x1F, 0x07, 0x1F, 0x07, 0x1F, 0x07, 0x1F, 0x07, 0x1F,
    0x07, 0x1F, 0x07, 0x1F, 0x07, 0x5F, 0x07, 0x3F, 0x07, 0x5F, 0x07, 0x1F, 0x07, 0x1F, 0x07, 0x1F,
    0x07, 0x3F, 0x07, 0x3F, 0x07, 0x3F, 0x07, 0x1F, 0x07, 0x1F, 0x07, 0x5F, 0x07, 0x3F, 0x07, 0x5F,
    0x07, 0x1F, 0x07, 0x1F, 0x07, 0x1F, 0x07, 0x1F, 0x07, 0x1F, 0x07, 0x1F, 0x07, 0x1F, 0x07, 0x3F,
    0x07, 0x3F, 0x07, 0x3F, 0x07, 0x1F, 0x07, 0x5F, 0x07, 0x3F, 0x07, 0x1F, 0x07, 0x3F, 0x07, 0x3F,
    0x07, 0x3F, 0x07, 0x1F, 0x07, 0x1F, 0x07, 0x1F, 0x07, 0x1F, 0x07, 0x1F, 0x07, 0x1F, 0x07, 0x1F,
    0x07, 0x1F, 0x07, 0x1F, 0x07, 0x1F, 0x07, 0x1F, 0x07, 0x1F, 0x07, 0x1F, 0x07, 0x1F, 0x07, 0x1F,
    0x07, 0x1F, 0x07, 0x1F, 0x07, 0x5F, 0x07, 0x5F, 0x07, 0x1F, 0x07, 0x1F, 0x07, 0x1F, 0x07, 0x1F,
    0x07, 0x1F, 0x07, 0x1F, 0x07, 0x1F, 0x07, 0x1F, 0x07, 0x1F, 0x07, 0x1F, 0x07, 0x1F, 0x07, 0x1F,
    0x07, 0x1F, 0x07, 0x1F, 0x07, 0x1F, 0x07, 0x3F, 0x07, 0x3F, 0x07, 0x3F, 0x07, 0x1F, 0x07, 0x1F,
    0x07, 0x3F, 0x07, 0x3F, 0x07, 0x3F, 0x07, 0x3F, 0x07, 0x1F, 0x07, 0x1F, 0x07, 0x3F, 0x07, 0x3F,
    0x07, 0x3F, 0x07, 0x3F, 0x07, 0x3F, 0x07, 0x3F, 0x07, 0x3F, 0x07, 0x1F, 0x07, 0x1F, 0x07, 0x1F,
    0x07, 0x1F, 0x07, 0x5F, 0x07, 0x3F, 0x07, 0x3F, 0x07, 0x3F, 0x07, 0x5F, 0x07, 0x3F, 0x07, 0x3F,
    0x07, 0x5F, 0x07, 0x1F, 0x07, 0x1F, 0x07, 0x1F, 0x07, 0x1F, 0x07, 0x1F, 0x07, 0x1F, 0x07, 0x1F,
    0x07, 0x1F, 0x07, 0x1F, 0x07, 0x1F, 0x07, 0x1F, 0x07, 0x1F, 0x07, 0x1F, 0x07, 0x1F, 0x07, 0x1F,
    0x07, 0x1F, 0x07, 0x1F, 0x07, 0x1F, 0x07, 0x5F, 0x07, 0x5F, 0x07, 0x1F, 0x07, 0x1F, 0x07, 0x1F,
    0x07, 0x1F, 0x07, 0x1F, 0x07, 0x1F, 0x07, 0x1F, 0x07, 0x1F, 0x07, 0x1F, 0x07, 0x1F, 0x07, 0x1F,
    0x07, 0x1F, 0x07, 0x1F, 0x07, 0x1F, 0x07, 0x1F, 0x07, 0x1F, 0x07, 0x3F, 0x07, 0x3F, 0x07, 0x3F,
    0x07, 0x3F, 0x07, 0x3F, 0x07, 0x3F, 0x07, 0x1F, 0x07, 0x1F, 0x07, 0x1F, 0x07, 0x1F, 0x07, 0x5F,
    0x07, 0x3F, 0x07, 0x3F, 0x07, 0x3F, 0x07, 0x3F, 0x07, 0x3F, 0x07, 0x3F, 0x07, 0x3F, 0x07, 0x1F,
    0x07, 0x1F, 0x07, 0x1F, 0x07, 0x3F, 0x07, 0x5F, 0x07, 0x5F, 0x07, 0x3F, 0x07, 0x3F, 0x07, 0x3F,
    0x07, 0x3F, 0x07, 0x1F, 0x07, 0x1F, 0x07, 0x1F, 0x07, 0x1F, 0x07, 0x1F, 0x07, 0x1F, 0x07, 0x1F,
    0x07, 0x1F, 0x07, 0x1F, 0x07, 0x1F, 0x07, 0x1F, 0x07, 0x1F, 0x07, 0x1F, 0x07, 0x1F, 0x07, 0x1F,
    0x07, 0x1F, 0x07, 0x1F, 0x07, 0x1F, 0x07, 0x1F, 0x07, 0x5F, 0x07, 0x5F, 0x07, 0x1F, 0x07, 0x1F,
    0x07, 0x1F, 0x07, 0x1F, 0x07, 0x1F, 0x07, 0x1F, 0x07, 0x1F, 0x07, 0x1F, 0x07, 0x1F, 0x07, 0x1F,
    0x07, 0x1F, 0x07, 0x1F, 0x07, 0x1F, 0x07, 0x1F, 0x07, 0x1F, 0x07, 0x1F, 0x07, 0x3F, 0x07, 0x3F,
    0x07, 0x3F, 0x07, 0x3F, 0x07, 0x3F, 0x07, 0x3F, 0x07, 0x3F, 0x07, 0x1F, 0x07, 0x1F, 0x07, 0x1F,
    0x07, 0x5F, 0x07, 0x5F, 0x07, 0x5F, 0x07, 0x5F, 0x07, 0x5F, 0x07, 0x5F, 0x07, 0x3F, 0x07, 0x3F,
    0x06, 0xBF, 0x07, 0x1F, 0x07, 0x1F, 0x07, 0x1F, 0x07, 0x1F, 0x07, 0x1F, 0x07, 0x1F, 0x07, 0x3F,
    0x07, 0x3F, 0x07, 0x1F, 0x07, 0x3F, 0x07, 0x3F, 0x07, 0x1F, 0x07, 0x1F, 0x07, 0x1F, 0x07, 0x1F,
    0x07, 0x1F, 0x07, 0x1F, 0x07, 0x1F, 0x07, 0x1F, 0x07, 0x1F, 0x07, 0x1F, 0x07, 0x1F, 0x07, 0x1F,
    0x07, 0x1F, 0x07, 0x1F, 0x07, 0x1F, 0x07, 0x1F, 0x07, 0x1F, 0x07, 0x5F, 0x07, 0x5F, 0x07, 0x1F,
    0x07, 0x1F, 0x07, 0x1F, 0x07, 0x1F, 0x07, 0x1F, 0x07, 0x1F, 0x07, 0x1F, 0x07, 0x1F, 0x07, 0x1F,
    0x07, 0x1F, 0x07, 0x1F, 0x07, 0x1F, 0x07, 0x1F, 0x07, 0x1F, 0x07, 0x1F, 0x07, 0x3F, 0x07, 0x3F,
    0x07, 0x3F, 0x07, 0x1F, 0x07, 0x1F, 0x07, 0x3F, 0x07, 0x3F, 0x07, 0x3F, 0x07, 0x3F, 0x07, 0x1F,
    0x07, 0x1F, 0x07, 0x1F, 0x07, 0x1F, 0x07, 0x1F, 0x07, 0x1F, 0x07, 0x1F, 0x07, 0x1F, 0x07, 0x3F,
    0x07, 0x3F, 0x07, 0x3F, 0x07, 0x1F, 0x07, 0x1F, 0x07, 0x1F, 0x07, 0x1F, 0x07, 0x1F, 0x07, 0x3F,
    0x07, 0x3F, 0x07, 0x3F, 0x07, 0x3F, 0x07, 0x3F, 0x07, 0x3F, 0x07, 0x3F, 0x07, 0x3F, 0x07, 0x1F,
    0x07, 0x1F, 0x07, 0x1F, 0x07, 0x1F, 0x07, 0x1F, 0x07, 0x1F, 0x07, 0x1F, 0x07, 0x1F, 0x07, 0x1F,
    0x07, 0x1F, 0x07, 0x1F, 0x07, 0x1F, 0x07, 0x1F, 0x07, 0x1F, 0x07, 0x1F, 0x07, 0x5F, 0x07, 0x5F,
    0x07, 0x1F, 0x07, 0x1F, 0x07, 0x1F, 0x07, 0x1F, 0x07, 0x1F, 0x07, 0x1F, 0x07, 0x1F, 0x07, 0x1F,
    0x07, 0x1F, 0x07, 0x1F, 0x07, 0x1F, 0x07, 0x1F, 0x07, 0x1F, 0x07, 0x1F, 0x07, 0x5F, 0x07, 0x3F,
    0x07, 0x3F, 0x07, 0x3F, 0x07, 0x1F, 0x07, 0x1F, 0x07, 0x1F, 0x07, 0x3F, 0x07, 0x3F, 0x07, 0x5F,
    0x07, 0x1F, 0x07, 0x1F, 0x07, 0x3F, 0x07, 0x3F, 0x06, 0xBF, 0x07, 0x1F, 0x07, 0x1F, 0x07, 0x1F,
    0x07, 0x3F, 0x07, 0x3F, 0x07, 0x3F, 0x07, 0x1F, 0x07, 0x1F, 0x07, 0x1F, 0x07, 0x1F, 0x07, 0x1F,
    0x07, 0x3F, 0x07, 0x3F, 0x07, 0x1F, 0x07, 0x3F, 0x07, 0x5F, 0x07, 0x5F, 0x07, 0x3F, 0x07, 0x3F,
    0x07, 0x1F, 0x07, 0x1F, 0x07, 0x1F, 0x07, 0x1F, 0x07, 0x1F, 0x07, 0x1F, 0x07, 0x1F, 0x07, 0x1F,
    0x07, 0x1F, 0x07, 0x1F, 0x07, 0x1F, 0x07, 0x1F, 0x07, 0x1F, 0x07, 0x1F, 0x07, 0x1F, 0x07, 0x5F,
    0x07, 0x5F, 0x07, 0x1F, 0x07, 0x1F, 0x07, 0x1F, 0x07, 0x1F, 0x07, 0x1F, 0x07, 0x1F, 0x07, 0x1F,
    0x07, 0x1F, 0x07, 0x1F, 0x07, 0x1F, 0x07, 0x1F, 0x07, 0x1F, 0x07, 0x1F, 0x07, 0x1F, 0x07, 0x3F,
    0x07, 0x3F, 0x07, 0x3F, 0x07, 0x3F, 0x07, 0x1F, 0x07, 0x1F, 0x07, 0x1F, 0x07, 0x3F, 0x07, 0x3F,
    0x07, 0x3F, 0x07, 0x1F, 0x07, 0x1F, 0x07, 0x3F, 0x07, 0x3F, 0x07, 0x3F, 0x07, 0x1F, 0x07, 0x1F,
    0x07, 0x3F, 0x07, 0x3F, 0x07, 0x3F, 0x07, 0x3F, 0x07, 0x1F, 0x07, 0x1F, 0x07, 0x1F, 0x07, 0x1F,
    0x07, 0x3F, 0x07, 0x3F, 0x07, 0x1F, 0x07, 0x3F, 0x07, 0x3F, 0x07, 0x5F, 0x07, 0x1F, 0x07, 0x5F,
    0x07, 0x3F, 0x07, 0x1F, 0x07, 0x1F, 0x07, 0x1F, 0x07, 0x1F, 0x07, 0x1F, 0x07, 0x1F, 0x07, 0x1F,
    0x07, 0x1F, 0x07, 0x1F, 0x07, 0x1F, 0x07, 0x1F, 0x07, 0x1F, 0x07, 0x1F, 0x07, 0x1F, 0x07, 0x1F,
    0x07, 0x5F, 0x07, 0x5F, 0x07, 0x1F, 0x07, 0x1F, 0x07, 0x1F, 0x07, 0x1F, 0x07, 0x1F, 0x07, 0x1F,
    0x07, 0x1F, 0x07, 0x1F, 0x07, 0x1F, 0x07, 0x1F, 0x07, 0x1F, 0x07, 0x1F, 0x07, 0x1F, 0x07, 0x1F,
    0x07, 0x1F, 0x07, 0x3F, 0x07, 0x3F, 0x07, 0x3F, 0x07, 0x3F, 0x07, 0x5F, 0x07, 0x3F, 0x07, 0x3F,
    0x07, 0x3F, 0x07, 0x5F, 0x07, 0x1F, 0x07, 0x1F, 0x07, 0x3F, 0x07, 0x3F, 0x07, 0x3F, 0x07, 0x3F,
    0x07, 0x3F, 0x07, 0x3F, 0x07, 0x3F, 0x07, 0x5F, 0x07, 0x1F, 0x07, 0x1F, 0x07, 0x1F, 0x07, 0x1F,
    0x07, 0x3F, 0x07, 0x3F, 0x07, 0x3F, 0x07, 0x1F, 0x07, 0x1F, 0x07, 0x3F, 0x07, 0x3F, 0x07, 0x3F,
    0x07, 0x3F, 0x07, 0x3F, 0x07, 0x1F, 0x07, 0x1F, 0x07, 0x1F, 0x07, 0x1F, 0x07, 0x1F, 0x07, 0x1F,
    0x07, 0x1F, 0x07, 0x1F, 0x07, 0x1F, 0x07, 0x1F, 0x07, 0x1F, 0x07, 0x1F, 0x07, 0x1F, 0x07, 0x1F,
    0x07, 0x1F, 0x07, 0x5F, 0x07, 0x5F, 0x07, 0x1F, 0x07, 0x1F, 0x07, 0x1F, 0x07, 0x1F, 0x07, 0x1F,
    0x07, 0x1F, 0x07, 0x1F, 0x07, 0x1F, 0x07, 0x1F, 0x07, 0x1F, 0x07, 0x1F, 0x07, 0x1F, 0x07, 0x1F,
    0x07, 0x1F, 0x07, 0x1F, 0x07, 0x1F, 0x07, 0x3F, 0x07, 0x3F, 0x07, 0x3F, 0x07, 0x3F, 0x07, 0x3F,
    0x07, 0x5F, 0x07, 0x5F, 0x07, 0x1F, 0x07, 0x1F, 0x07, 0x1F, 0x07, 0x1F, 0x07, 0x3F, 0x07, 0x3F,
    0x07, 0x3F, 0x07, 0x3F, 0x07, 0x3F, 0x07, 0x3F, 0x07, 0x1F, 0x07, 0x1F, 0x07, 0x1F, 0x07, 0x1F,
    0x07, 0x1F, 0x07, 0x3F, 0x07, 0x3F, 0x07, 0x1F, 0x07, 0x1F, 0x07, 0x1F, 0x07, 0x3F, 0x07, 0x3F,
    0x07, 0x3F, 0x07, 0x3F, 0x07, 0x3F, 0x07, 0x1F, 0x07, 0x1F, 0x07, 0x1F, 0x07, 0x1F, 0x07, 0x1F,
    0x07, 0x1F, 0x07, 0x1F, 0x07, 0x1F, 0x07, 0x1F, 0x07, 0x1F, 0x07, 0x1F, 0x07, 0x1F, 0x07, 0x1F,
    0x07, 0x1F, 0x07, 0x1F, 0x07, 0x5F, 0x07, 0x5F, 0x07, 0x1F, 0x07, 0x1F, 0x07, 0x1F, 0x07, 0x1F,
    0x07, 0x1F, 0x07, 0x1F, 0x07, 0x1F, 0x07, 0x1F, 0x07, 0x1F, 0x07, 0x1F, 0x07, 0x1F, 0x07, 0x1F,
    0x07, 0x1F, 0x07, 0x1F, 0x07, 0x1F, 0x07, 0x1F, 0x07, 0x1F, 0x07, 0x1F, 0x07, 0x3F, 0x07, 0x3F,
    0x07, 0x1F, 0x07, 0x1F, 0x07, 0x1F, 0x07, 0x1F, 0x07, 0x1F, 0x07, 0x1F, 0x07, 0x1F, 0x07, 0x1F,
    0x07, 0x1F, 0x07, 0x3F, 0x07, 0x3F, 0x07, 0x1F, 0x07, 0x1F, 0x07, 0x1F, 0x07, 0x1F, 0x07, 0x1F,
    0x07, 0x1F, 0x07, 0x1F, 0x07, 0x1F, 0x07, 0x1F, 0x07, 0x1F, 0x07, 0x1F, 0x07, 0x1F, 0x07, 0x1F,
    0x07, 0x5F, 0x07, 0x3F, 0x07, 0x5F, 0x07, 0x1F, 0x07, 0x1F, 0x07, 0x1F, 0x07, 0x1F, 0x07, 0x1F,
    0x07, 0x1F, 0x07, 0x1F, 0x07, 0x1F, 0x07, 0x1F, 0x07, 0x1F, 0x07, 0x1F, 0x07, 0x1F, 0x07, 0x1F,
    0x07, 0x1F, 0x07, 0x1F, 0x07, 0x1F, 0x07, 0x5F, 0x07, 0x5F, 0x07, 0x1F, 0x07, 0x1F, 0x07, 0x1F,
    0x07, 0x1F, 0x07, 0x1F, 0x07, 0x1F, 0x07, 0x1F, 0x07, 0x1F, 0x07, 0x1F, 0x07, 0x1F, 0x07, 0x1F,
    0x07, 0x1F, 0x07, 0x1F, 0x07, 0x1F, 0x07, 0x1F, 0x07, 0x1F, 0x07, 0x1F, 0x07, 0x1F, 0x07, 0x1F,
    0x07, 0x1F, 0x07, 0x1F, 0x07, 0x1F, 0x07, 0x1F, 0x07, 0x1F, 0x07, 0x1F, 0x07, 0x1F, 0x07, 0x1F,
    0x07, 0x1F, 0x07, 0x1F, 0x07, 0x1F, 0x07, 0x1F, 0x07, 0x1F, 0x07, 0x1F, 0x07, 0x1F, 0x07, 0x1F,
    0x07, 0x1F, 0x07, 0x1F, 0x07, 0x1F, 0x07, 0x1F, 0x07, 0x1F, 0x07, 0x1F, 0x07, 0x1F, 0x07, 0x1F,
    0x07, 0x1F, 0x07, 0x1F, 0x07, 0x1F, 0x07, 0x1F, 0x07, 0x1F, 0x07, 0x1F, 0x07, 0x1F, 0x07, 0x1F,
    0x07, 0x1F, 0x07, 0x1F, 0x07, 0x1F, 0x07, 0x1F, 0x07, 0x1F, 0x07, 0x1F, 0x07, 0x1F, 0x07, 0x1F,
    0x07, 0x1F, 0x07, 0x1F, 0x07, 0x1F, 0x07, 0x1F, 0x07, 0x5F, 0x07, 0x5F, 0x07, 0x1F, 0x07, 0x1F,
    0x07, 0x1F, 0x07, 0x1F, 0x07, 0x1F, 0x07, 0x1F, 0x07, 0x1F, 0x07, 0x1F, 0x07, 0x1F, 0x07, 0x1F,
    0x07, 0x1F, 0x07, 0x1F, 0x07, 0x1F, 0x07, 0x1F, 0x07, 0x1F, 0x07, 0x1F, 0x07, 0x1F, 0x07, 0x1F,
    0x07, 0x1F, 0x07, 0x1F, 0x07, 0x1F, 0x07, 0x1F, 0x07, 0x1F, 0x07, 0x1F, 0x07, 0x1F, 0x07, 0x1F,
    0x07, 0x1F, 0x07, 0x1F, 0x07, 0x1F, 0x07, 0x1F, 0x07, 0x1F, 0x07, 0x1F, 0x07, 0x1F, 0x07, 0x1F,
    0x07, 0x1F, 0x07, 0x1F, 0x07, 0x1F, 0x07, 0x1F, 0x07, 0x1F, 0x07, 0x1F, 0x07, 0x1F, 0x07, 0x1F,
    0x07, 0x1F, 0x07, 0x1F, 0x07, 0x1F, 0x07, 0x1F, 0x07, 0x1F, 0x07, 0x1F, 0x07, 0x1F, 0x07, 0x1F,
    0x07, 0x1F, 0x07, 0x1F, 0x07, 0x1F, 0x07, 0x1F, 0x07, 0x1F, 0x07, 0x1F, 0x07, 0x1F, 0x07, 0x1F,
    0x07, 0x1F, 0x07, 0x1F, 0x07, 0x1F, 0x07, 0x1F, 0x07, 0x1F, 0x07, 0x5F, 0x07, 0x5F, 0x07, 0x1F,
    0x07, 0x1F, 0x07, 0x1F, 0x07, 0x1F, 0x07, 0x1F, 0x07, 0x1F, 0x07, 0x1F, 0x07, 0x1F, 0x07, 0x1F,
    0x07, 0x1F, 0x07, 0x1F, 0x07, 0x1F, 0x07, 0x1F, 0x07, 0x1F, 0x07, 0x1F, 0x07, 0x1F, 0x07, 0x1F,
    0x07, 0x1F, 0x07, 0x1F, 0x07, 0x1F, 0x07, 0x1F, 0x07, 0x1F, 0x07, 0x1F, 0x07, 0x1F, 0x07, 0x1F,
    0x07, 0x1F, 0x07, 0x1F, 0x07, 0x1F, 0x07, 0x1F, 0x07, 0x1F, 0x07, 0x1F, 0x07, 0x1F, 0x07, 0x1F,
    0x07, 0x1F, 0x07, 0x1F, 0x07, 0x1F, 0x07, 0x1F, 0x07, 0x1F, 0x07, 0x1F, 0x07, 0x1F, 0x07, 0x1F,
    0x07, 0x1F, 0x07, 0x1F, 0x07, 0x1F, 0x07, 0x1F, 0x07, 0x1F, 0x07, 0x1F, 0x07, 0x1F, 0x07, 0x1F,
    0x07, 0x1F, 0x07, 0x1F, 0x07, 0x1F, 0x07, 0x1F, 0x07, 0x1F, 0x07, 0x1F, 0x07, 0x1F, 0x07, 0x1F,
    0x07, 0x1F, 0x07, 0x1F, 0x07, 0x1F, 0x07, 0x1F, 0x07, 0x1F, 0x07, 0x1F, 0x07, 0x5F, 0x07, 0x5F,
    0x07, 0x1F, 0x07, 0x1F, 0x07, 0x1F, 0x07, 0x1F, 0x07, 0x1F, 0x07, 0x1F, 0x07, 0x1F, 0x07, 0x1F,
    0x07, 0x1F, 0x07, 0x1F, 0x07, 0x1F, 0x07, 0x1F, 0x07, 0x1F, 0x07, 0x1F, 0x07, 0x1F, 0x07, 0x1F,
    0x07, 0x1F, 0x07, 0x1F, 0x07, 0x1F, 0x07, 0x1F, 0x07, 0x1F, 0x07, 0x1F, 0x07, 0x1F, 0x07, 0x1F,
    0x07, 0x1F, 0x07, 0x1F, 0x07, 0x1F, 0x07, 0x1F, 0x07, 0x1F, 0x07, 0x1F, 0x07, 0x1F, 0x07, 0x1F,
    0x07, 0x1F, 0x07, 0x1F, 0x07, 0x1F, 0x07, 0x1F, 0x07, 0x1F, 0x07, 0x1F, 0x07, 0x1F, 0x07, 0x1F,
    0x07, 0x1F, 0x07, 0x1F, 0x07, 0x1F, 0x07, 0x1F, 0x07, 0x1F, 0x07, 0x1F, 0x07, 0x1F, 0x07, 0x1F,
    0x07, 0x1F, 0x07, 0x1F, 0x07, 0x1F, 0x07, 0x1F, 0x07, 0x1F, 0x07, 0x1F, 0x07, 0x1F, 0x07, 0x1F,
    0x07, 0x1F, 0x07, 0x1F, 0x07, 0x1F, 0x07, 0x1F, 0x07, 0x1F, 0x07, 0x1F, 0x07, 0x1F, 0x07, 0x5F,
    0x07, 0x5F, 0x07, 0x1F, 0x07, 0x1F, 0x07, 0x1F, 0x07, 0x1F, 0x07, 0x1F, 0x07, 0x1F, 0x07, 0x1F,
    0x07, 0x1F, 0x07, 0x1F, 0x07, 0x1F, 0x07, 0x1F, 0x07, 0x1F, 0x07, 0x1F, 0x07, 0x1F, 0x07, 0x1F,
    0x07, 0x1F, 0x07, 0x1F, 0x07, 0x1F, 0x07, 0x1F, 0x07, 0x1F, 0x07, 0x1F, 0x07, 0x1F, 0x07, 0x1F,
    0x07, 0x1F, 0x07, 0x1F, 0x07, 0x1F, 0x07, 0x1F, 0x07, 0x1F, 0x07, 0x1F, 0x07, 0x1F, 0x07, 0x1F,
    0x07, 0x1F, 0x07, 0x1F, 0x07, 0x1F, 0x07, 0x1F, 0x07, 0x1F, 0x07, 0x1F, 0x07, 0x1F, 0x07, 0x1F,
    0x07, 0x1F, 0x07, 0x1F, 0x07, 0x1F, 0x07, 0x1F, 0x07, 0x1F, 0x07, 0x1F, 0x07, 0x1F, 0x07, 0x1F,
    0x07, 0x1F, 0x07, 0x1F, 0x07, 0x1F, 0x07, 0x1F, 0x07, 0x1F, 0x07, 0x1F, 0x07, 0x1F, 0x07, 0x1F,
    0x07, 0x1F, 0x07, 0x1F, 0x07, 0x1F, 0x07, 0x1F, 0x07, 0x1F, 0x07, 0x1F, 0x07, 0x1F, 0x07, 0x1F,
    0x07, 0x5F, 0x07, 0x5F, 0x07, 0x1F, 0x07, 0x1F, 0x07, 0x1F, 0x07, 0x1F, 0x07, 0x1F, 0x07, 0x1F,
    0x07, 0x1F, 0x07, 0x1F, 0x07, 0x1F, 0x07, 0x1F, 0x07, 0x1F, 0x07, 0x1F, 0x07, 0x1F, 0x07, 0x1F,
    0x07, 0x1F, 0x07, 0x1F, 0x07, 0x1F, 0x07, 0x1F, 0x07, 0x1F, 0x07, 0x1F, 0x07, 0x1F, 0x07, 0x1F,
    0x07, 0x1F, 0x07, 0x1F, 0x07, 0x1F, 0x07, 0x1F, 0x07, 0x1F, 0x07, 0x1F, 0x07, 0x1F, 0x07, 0x1F,
    0x07, 0x1F, 0x07, 0x1F, 0x07, 0x1F, 0x07, 0x1F, 0x07, 0x1F, 0x07, 0x1F, 0x07, 0x1F, 0x07, 0x1F,
    0x07, 0x1F, 0x07, 0x1F, 0x07, 0x1F, 0x07, 0x1F, 0x07, 0x1F, 0x07, 0x1F, 0x07, 0x1F, 0x07, 0x1F,
    0x07, 0x1F, 0x07, 0x1F, 0x07, 0x1F, 0x07, 0x1F, 0x07, 0x1F, 0x07, 0x1F, 0x07, 0x1F, 0x07, 0x1F,
    0x07, 0x1F, 0x07, 0x1F, 0x07, 0x1F, 0x07, 0x1F, 0x07, 0x1F, 0x07, 0x1F, 0x07, 0x1F, 0x07, 0x1F,
    0x07, 0x1F, 0x07, 0x5F, 0x07, 0x5F, 0x07, 0x1F, 0x07, 0x1F, 0x07, 0x1F, 0x07, 0x1F, 0x07, 0x1F,
    0x07, 0x1F, 0x07, 0x1F, 0x07, 0x1F, 0x07, 0x1F, 0x07, 0x1F, 0x07, 0x1F, 0x07, 0x1F, 0x07, 0x1F,
    0x07, 0x1F, 0x07, 0x1F, 0x07, 0x1F, 0x07, 0x1F, 0x07, 0x1F, 0x07, 0x1F, 0x07, 0x1F, 0x07, 0x1F,
    0x07, 0x1F, 0x07, 0x1F, 0x07, 0x1F, 0x07, 0x1F, 0x07, 0x1F, 0x07, 0x1F, 0x07, 0x1F, 0x07, 0x1F,
    0x07, 0x1F, 0x07, 0x1F, 0x07, 0x1F, 0x07, 0x1F, 0x07, 0x1F, 0x07, 0x1F, 0x07, 0x1F, 0x07, 0x1F,
    0x07, 0x1F, 0x07, 0x1F, 0x07, 0x1F, 0x07, 0x1F, 0x07, 0x1F, 0x07, 0x1F, 0x07, 0x1F, 0x07, 0x1F,
    0x07, 0x1F, 0x07, 0x1F, 0x07, 0x1F, 0x07, 0x1F, 0x07, 0x1F, 0x07, 0x1F, 0x07, 0x1F, 0x07, 0x1F,
    0x07, 0x1F, 0x07, 0x1F, 0x07, 0x1F, 0x07, 0x1F, 0x07, 0x1F, 0x07, 0x1F, 0x07, 0x1F, 0x07, 0x1F,
    0x07, 0x1F, 0x07, 0x1F, 0x07, 0x5F, 0x07, 0x5F, 0x07, 0x3F, 0x07, 0x1F, 0x07, 0x1F, 0x07, 0x1F,
    0x07, 0x1F, 0x07, 0x1F, 0x07, 0x1F, 0x07, 0x1F, 0x07, 0x1F, 0x07, 0x1F, 0x07, 0x1F, 0x07, 0x1F,
    0x07, 0x1F, 0x07, 0x1F, 0x07, 0x1F, 0x07, 0x1F, 0x07, 0x1F, 0x07, 0x1F, 0x07, 0x1F, 0x07, 0x1F,
    0x07, 0x1F, 0x07, 0x1F, 0x07, 0x1F, 0x07, 0x1F, 0x07, 0x1F, 0x07, 0x1F, 0x07, 0x1F, 0x07, 0x1F,
    0x07, 0x1F, 0x07, 0x1F, 0x07, 0x1F, 0x07, 0x1F, 0x07, 0x1F, 0x07, 0x1F, 0x07, 0x1F, 0x07, 0x1F,
    0x07, 0x1F, 0x07, 0x1F, 0x07, 0x1F, 0x07, 0x1F, 0x07, 0x1F, 0x07, 0x1F, 0x07, 0x1F, 0x07, 0x1F,
    0x07, 0x1F, 0x07, 0x1F, 0x07, 0x1F, 0x07, 0x1F, 0x07, 0x1F, 0x07, 0x1F, 0x07, 0x1F, 0x07, 0x1F,
    0x07, 0x1F, 0x07, 0x1F, 0x07, 0x1F, 0x07, 0x1F, 0x07, 0x1F, 0x07, 0x1F, 0x07, 0x1F, 0x07, 0x1F,
    0x07, 0x1F, 0x07, 0x1F, 0x07, 0x1F, 0x07, 0x5F, 0x07, 0x9F, 0x06, 0xBF, 0x07, 0x1F, 0x07, 0x1F,
    0x07, 0x1F, 0x07, 0x1F, 0x07, 0x1F, 0x07, 0x1F, 0x07, 0x1F, 0x07, 0x1F, 0x07, 0x1F, 0x07, 0x1F,
    0x07, 0x1F, 0x07, 0x1F, 0x07, 0x1F, 0x07, 0x1F, 0x07, 0x1F, 0x07, 0x1F, 0x07, 0x1F, 0x07, 0x1F,
    0x07, 0x1F, 0x07, 0x1F, 0x07, 0x1F, 0x07, 0x1F, 0x07, 0x1F, 0x07, 0x1F, 0x07, 0x1F, 0x07, 0x1F,
    0x07, 0x1F, 0x07, 0x1F, 0x07, 0x1F, 0x07, 0x1F, 0x07, 0x1F, 0x07, 0x1F, 0x07, 0x1F, 0x07, 0x1F,
    0x07, 0x1F, 0x07, 0x1F, 0x07, 0x1F, 0x07, 0x1F, 0x07, 0x1F, 0x07, 0x1F, 0x07, 0x1F, 0x07, 0x1F,
    0x07, 0x1F, 0x07, 0x1F, 0x07, 0x1F, 0x07, 0x1F, 0x07, 0x1F, 0x07, 0x1F, 0x07, 0x1F, 0x07, 0x1F,
    0x07, 0x1F, 0x07, 0x1F, 0x07, 0x1F, 0x07, 0x1F, 0x07, 0x1F, 0x07, 0x1F, 0x07, 0x1F, 0x07, 0x1F,
    0x07, 0x1F, 0x07, 0x1F, 0x07, 0x1F, 0x07, 0x7F, 0x07, 0x9F, 0x06, 0xBF, 0x07, 0x5F, 0x07, 0x3F,
    0x07, 0x1F, 0x07, 0x1F, 0x07, 0x1F, 0x07, 0x1F, 0x07, 0x1F, 0x07, 0x1F, 0x07, 0x1F, 0x07, 0x1F,
    0x07, 0x1F, 0x07, 0x1F, 0x07, 0x1F, 0x07, 0x1F, 0x07, 0x1F, 0x07, 0x1F, 0x07, 0x1F, 0x07, 0x1F,
    0x07, 0x1F, 0x07, 0x1F, 0x07, 0x1F, 0x07, 0x1F, 0x07, 0x1F, 0x07, 0x1F, 0x07, 0x1F, 0x07, 0x1F,
    0x07, 0x1F, 0x07, 0x1F, 0x07, 0x1F, 0x07, 0x1F, 0x07, 0x1F, 0x07, 0x1F, 0x07, 0x1F, 0x07, 0x1F,
    0x07, 0x1F, 0x07, 0x1F, 0x07, 0x1F, 0x07, 0x1F, 0x07, 0x1F, 0x07, 0x1F, 0x07, 0x1F, 0x07, 0x1F,
    0x07, 0x1F, 0x07, 0x1F, 0x07, 0x1F, 0x07, 0x1F, 0x07, 0x1F, 0x07, 0x1F, 0x07, 0x1F, 0x07, 0x1F,
    0x07, 0x1F, 0x07, 0x1F, 0x07, 0x1F, 0x07, 0x1F, 0x07, 0x1F, 0x07, 0x1F, 0x07, 0x1F, 0x07, 0x1F,
    0x07, 0x1F, 0x07, 0x1F, 0x07, 0x1F, 0x07, 0x3F, 0x07, 0x5F, 0x07, 0x3F, 0x00, 0x00, 0x07, 0x7F,
    0x07, 0x5F, 0x07, 0x7F, 0x07, 0x1F, 0x07, 0x1F, 0x07, 0x1F, 0x07, 0x1F, 0x07, 0x1F, 0x07, 0x1F,
    0x07, 0x1F, 0x07, 0x1F, 0x07, 0x1F, 0x07, 0x1F, 0x07, 0x1F, 0x07, 0x1F, 0x07, 0x1F, 0x07, 0x1F,
    0x07, 0x1F, 0x07, 0x1F, 0x07, 0x1F, 0x07, 0x1F, 0x07, 0x1F, 0x07, 0x1F, 0x07, 0x1F, 0x07, 0x1F,
    0x07, 0x1F, 0x07, 0x1F, 0x07, 0x1F, 0x07, 0x1F, 0x07, 0x1F, 0x07, 0x1F, 0x07, 0x1F, 0x07, 0x1F,
    0x07, 0x1F, 0x07, 0x1F, 0x07, 0x1F, 0x07, 0x1F, 0x07, 0x1F, 0x07, 0x1F, 0x07, 0x1F, 0x07, 0x1F,
    0x07, 0x1F, 0x07, 0x1F, 0x07, 0x1F, 0x07, 0x1F, 0x07, 0x1F, 0x07, 0x1F, 0x07, 0x1F, 0x07, 0x1F,
    0x07, 0x1F, 0x07, 0x1F, 0x07, 0x1F, 0x07, 0x1F, 0x07, 0x1F, 0x07, 0x1F, 0x07, 0x1F, 0x07, 0x1F,
    0x07, 0x1F, 0x07, 0x1F, 0x07, 0x3F, 0x07, 0x5F, 0x07, 0x5F, 0x07, 0x7F, 0x00, 0x00, 0x00, 0x00,
    0x00, 0x00, 0x07, 0x3F, 0x07, 0x9F, 0x07, 0x5F, 0x07, 0x5F, 0x07, 0x5F, 0x07, 0x5F, 0x07, 0x5F,
    0x07, 0x5F, 0x07, 0x5F, 0x07, 0x5F, 0x07, 0x5F, 0x07, 0x5F, 0x07, 0x5F, 0x07, 0x5F, 0x07, 0x5F,
    0x07, 0x5F, 0x07, 0x5F, 0x07, 0x5F, 0x07, 0x5F, 0x07, 0x5F, 0x07, 0x5F, 0x07, 0x5F, 0x07, 0x5F,
    0x07, 0x5F, 0x07, 0x5F, 0x07, 0x5F, 0x07, 0x5F, 0x07, 0x5F, 0x07, 0x5F, 0x07, 0x5F, 0x07, 0x5F,
    0x07, 0x5F, 0x07, 0x5F, 0x07, 0x5F, 0x07, 0x5F, 0x07, 0x5F, 0x07, 0x5F, 0x07, 0x5F, 0x07, 0x5F,
    0x07, 0x5F, 0x07, 0x5F, 0x07, 0x5F, 0x07, 0x5F, 0x07, 0x5F, 0x07, 0x5F, 0x07, 0x5F, 0x07, 0x5F,
    0x07, 0x5F, 0x07, 0x5F, 0x07, 0x5F, 0x07, 0x5F, 0x07, 0x5F, 0x07, 0x5F, 0x07, 0x5F, 0x07, 0x5F,
    0x07, 0x5F, 0x07, 0x5F, 0x07, 0x5F, 0x07, 0x5F, 0x07, 0x9F, 0x06, 0xBF, 0x00, 0x00, 0x00, 0x00
};

const uint8_t img_top_bar_map[] = {
    0x00, 0x00, 0x00, 0x00, 0x00, 0x00, 0x00, 0x00, 0x00, 0x00, 0x00, 0x00, 0x00, 0x00, 0x00, 0x00,
    0x00, 0x00, 0x00, 0x00, 0x00, 0x00, 0x00, 0x00, 0x00, 0x00, 0x00, 0x00, 0x00, 0x00, 0x00, 0x00,
    0x00, 0x00, 0x00, 0x00, 0x00, 0x00, 0x00, 0x00, 0x00, 0x00, 0x00, 0x00, 0x00, 0x00, 0x00, 0x00,
    0x00, 0x00, 0x00, 0x00, 0x00, 0x00, 0x00, 0x00, 0x00, 0x00, 0x00, 0x00, 0x00, 0x00, 0x00, 0x00,
    0x00, 0x00, 0x00, 0x00, 0x00, 0x00, 0x00, 0x00, 0x00, 0x00, 0x00, 0x00, 0x00, 0x00, 0x00, 0x00,
    0x00, 0x00, 0x00, 0x00, 0x00, 0x00, 0x00, 0x00, 0x00, 0x00, 0x00, 0x00, 0x00, 0x00, 0x00, 0x00,
    0x00, 0x00, 0x00, 0x00, 0x00, 0x00, 0x00, 0x00, 0x00, 0x00, 0x00, 0x00, 0x00, 0x00, 0x00, 0x00,
    0x00, 0x00, 0x00, 0x00, 0x00, 0x00, 0x00, 0x00, 0x00, 0x00, 0x00, 0x00, 0x00, 0x00, 0x00, 0x00,
    0x00, 0x00, 0x00, 0x00, 0x00, 0x00, 0x00, 0x00, 0x00, 0x00, 0x00, 0x00, 0x00, 0x00, 0x00, 0x00,
    0x00, 0x00, 0x00, 0x00, 0x00, 0x00, 0x00, 0x00, 0x00, 0x00, 0x00, 0x00, 0x00, 0x00, 0x00, 0x00,
    0x00, 0x00, 0x00, 0x00, 0x00, 0x00, 0x00, 0x00, 0x00, 0x00, 0x00, 0x00, 0x00, 0x00, 0x00, 0x00,
    0x00, 0x00, 0x00, 0x00, 0x00, 0x00, 0x00, 0x00, 0x00, 0x00, 0x00, 0x00, 0x00, 0x00, 0x00, 0x00,
    0x00, 0x00, 0x00, 0x00, 0x00, 0x00, 0x00, 0x00, 0x00, 0x00, 0x00, 0x00, 0x00, 0x00, 0x00, 0x00,
    0x00, 0x00, 0x00, 0x00, 0x00, 0x00, 0x00, 0x00, 0x00, 0x00, 0x00, 0x00, 0x00, 0x00, 0x00, 0x00,
    0x00, 0x00, 0x00, 0x00, 0x00, 0x00, 0x00, 0x00, 0x00, 0x00, 0x00, 0x00, 0x00, 0x00, 0x00, 0x00,
    0x00, 0x00, 0x00, 0x00, 0x00, 0x00, 0x00, 0x00, 0x00, 0x00, 0x00, 0x00, 0x00, 0x00, 0x00, 0x00,
    0x00, 0x00, 0x00, 0x00, 0x00, 0x00, 0x00, 0x00, 0x00, 0x00, 0x00, 0x00, 0x00, 0x00, 0x00, 0x00,
    0x00, 0x00, 0x00, 0x00, 0x00, 0x00, 0x00, 0x00, 0x00, 0x00, 0x00, 0x00, 0x00, 0x00, 0x00, 0x00,
    0x00, 0x00, 0x00, 0x00, 0x00, 0x00, 0x00, 0x00, 0x00, 0x00, 0x00, 0x00, 0x00, 0x00, 0x00, 0x00,
    0x00, 0x00, 0x00, 0x00, 0x00, 0x00, 0x00, 0x00, 0x00, 0x00, 0x00, 0x00, 0x00, 0x00, 0x00, 0x00,
    0x00, 0x00, 0x00, 0x00, 0x00, 0x00, 0x00, 0x00, 0x00, 0x00, 0x00, 0x00, 0x00, 0x00, 0x00, 0x00,
    0x00, 0x00, 0x00, 0x00, 0x00, 0x00, 0x00, 0x00, 0x00, 0x00, 0x00, 0x00, 0x00, 0x00, 0x00, 0x00,
    0x00, 0x00, 0x00, 0x00, 0x00, 0x00, 0x00, 0x00, 0x00, 0x00, 0x00, 0x00, 0x00, 0x00, 0x00, 0x00,
    0x00, 0x00, 0x00, 0x00, 0x00, 0x00, 0x00, 0x00, 0x00, 0x00, 0x00, 0x00, 0x00, 0x00, 0x00, 0x00,
    0x00, 0x00, 0x00, 0x00, 0x00, 0x00, 0x00, 0x00, 0x00, 0x00, 0x00, 0x00, 0x00, 0x00, 0x00, 0x00,
    0x00, 0x00, 0x00, 0x00, 0x00, 0x00, 0x00, 0x00, 0x00, 0x00, 0x00, 0x00, 0x00, 0x00, 0x00, 0x00,
    0x00, 0x00, 0x00, 0x00, 0x00, 0x00, 0x00, 0x00, 0x00, 0x00, 0x00, 0x00, 0x00, 0x00, 0x00, 0x00,
    0x00, 0x00, 0x00, 0x00, 0x00, 0x00, 0x00, 0x00, 0x00, 0x00, 0x00, 0x00, 0x00, 0x00, 0x00, 0x00,
    0x00, 0x00, 0x00, 0x00, 0x00, 0x00, 0x00, 0x00, 0x00, 0x00, 0x00, 0x00, 0x00, 0x00, 0x00, 0x00,
    0x00, 0x00, 0x00, 0x00, 0x00, 0x00, 0x00, 0x00, 0x00, 0x00, 0x00, 0x00, 0x00, 0x00, 0x00, 0x00,
    0x00, 0x00, 0x00, 0x00, 0x00, 0x00, 0x00, 0x00, 0x00, 0x00, 0x00, 0x00, 0x00, 0x00, 0x00, 0x00,
    0x00, 0x00, 0x00, 0x00, 0x00, 0x00, 0x00, 0x00, 0x00, 0x00, 0x00, 0x00, 0x00, 0x00, 0x00, 0x00,
    0x00, 0x00, 0x00, 0x00, 0x00, 0x00, 0x00, 0x00, 0x00, 0x00, 0x00, 0x00, 0x00, 0x00, 0x00, 0x00,
    0x00, 0x00, 0x00, 0x00, 0x00, 0x00, 0x00, 0x00, 0x00, 0x00, 0x00, 0x00, 0x00, 0x00, 0x00, 0x00,
    0x00, 0x00, 0x00, 0x00, 0x00, 0x00, 0x00, 0x00, 0x00, 0x00, 0x00, 0x00, 0x00, 0x00, 0x00, 0x00,
    0x00, 0x00, 0x00, 0x00, 0x00, 0x00, 0x00, 0x00, 0x00, 0x00, 0x00, 0x00, 0x00, 0x00, 0x00, 0x00,
    0x00, 0x00, 0x00, 0x00, 0x00, 0x00, 0x00, 0x00, 0x00, 0x00, 0x00, 0x00, 0x00, 0x00, 0x00, 0x00,
    0x00, 0x00, 0x00, 0x00, 0x00, 0x00, 0x00, 0x00, 0x00, 0x00, 0x00, 0x00, 0x00, 0x00, 0x00, 0x00,
    0x00, 0x00, 0x00, 0x00, 0x00, 0x00, 0x00, 0x00, 0x00, 0x00, 0x00, 0x00, 0x00, 0x00, 0x00, 0x00,
    0x00, 0x00, 0x00, 0x00, 0x00, 0x00, 0x00, 0x00, 0x00, 0x00, 0x00, 0x00, 0x00, 0x00, 0x00, 0x00,
    0x00, 0x00, 0x00, 0x00, 0x00, 0x00, 0x00, 0x00, 0x00, 0x00, 0x00, 0x00, 0x00, 0x00, 0x00, 0x00,
    0x00, 0x00, 0x00, 0x00, 0x00, 0x00, 0x00, 0x00, 0x00, 0x00, 0x00, 0x00, 0x00, 0x00, 0x00, 0x00,
    0x00, 0x00, 0x00, 0x00, 0x00, 0x00, 0x00, 0x00, 0x00, 0x00, 0x00, 0x00, 0x00, 0x00, 0x00, 0x00,
    0x00, 0x00, 0x00, 0x00, 0x00, 0x00, 0x00, 0x00, 0x00, 0x00, 0x00, 0x00, 0x00, 0x00, 0x00, 0x00,
    0x00, 0x00, 0x00, 0x00, 0x00, 0x00, 0x00, 0x00, 0x00, 0x00, 0x00, 0x00, 0x00, 0x00, 0x00, 0x00,
    0x00, 0x00, 0x00, 0x00, 0x00, 0x00, 0x00, 0x00, 0x00, 0x00, 0x00, 0x00, 0x00, 0x00, 0x00, 0x00,
    0x00, 0x00, 0x00, 0x00, 0x00, 0x00, 0x00, 0x00, 0x00, 0x00, 0x00, 0x00, 0x00, 0x00, 0x00, 0x00,
    0x00, 0x00, 0x00, 0x00, 0x00, 0x00, 0x00, 0x00, 0x00, 0x00, 0x05, 0x7F, 0x06, 0xBF, 0x06, 0xBF,
    0x06, 0xBF, 0x06, 0xBF, 0x06, 0xBF, 0x06, 0xBF, 0x06, 0xBF, 0x06, 0xBF, 0x06, 0xBF, 0x06, 0xBF,
    0x06, 0xBF, 0x06, 0xBF, 0x06, 0xBF, 0x06, 0xBF, 0x06, 0xBF, 0x06, 0xBF, 0x06, 0xBF, 0x06, 0xBF,
    0x06, 0xBF, 0x06, 0xBF, 0x06, 0xBF, 0x06, 0xBF, 0x06, 0xBF, 0x06, 0xBF, 0x06, 0xBF, 0x06, 0xBF,
    0x06, 0xBF, 0x06, 0xBF, 0x06, 0xBF, 0x06, 0xBF, 0x05, 0x7F, 0x00, 0x00, 0x00, 0x00, 0x00, 0x00,
    0x00, 0x00, 0x00, 0x00, 0x00, 0x00, 0x00, 0x00, 0x00, 0x00, 0x00, 0x00, 0x00, 0x00, 0x00, 0x00,
    0x00, 0x00, 0x00, 0x00, 0x00, 0x00, 0x00, 0x00, 0x00, 0x00, 0x00, 0x00, 0x00, 0x00, 0x00, 0x00,
    0x00, 0x00, 0x00, 0x00, 0x00, 0x00, 0x00, 0x00, 0x00, 0x00, 0x00, 0x00, 0x00, 0x00, 0x00, 0x00,
    0x00, 0x00, 0x00, 0x00, 0x00, 0x00, 0x00, 0x00, 0x00, 0x00, 0x00, 0x00, 0x00, 0x00, 0x00, 0x00,
    0x00, 0x00, 0x00, 0x00, 0x00, 0x00, 0x00, 0x00, 0x00, 0x00, 0x00, 0x00, 0x00, 0x00, 0x00, 0x00,
    0x00, 0x00, 0x00, 0x00, 0x00, 0x00, 0x00, 0x00, 0x00, 0x00, 0x00, 0x00, 0x00, 0x00, 0x00, 0x00,
    0x00, 0x00, 0x00, 0x00, 0x00, 0x00, 0x00, 0x00, 0x00, 0x00, 0x00, 0x00, 0x00, 0x00, 0x00, 0x00,
    0x00, 0x00, 0x00, 0x00, 0x00, 0x00, 0x00, 0x00, 0x00, 0x00, 0x00, 0x00, 0x00, 0x00, 0x00, 0x00,
    0x00, 0x00, 0x00, 0x00, 0x00, 0x00, 0x00, 0x00, 0x00, 0x00, 0x00, 0x00, 0x00, 0x00, 0x00, 0x00,
    0x00, 0x00, 0x00, 0x00, 0x00, 0x00, 0x00, 0x00, 0x00, 0x00, 0x00, 0x00, 0x00, 0x00, 0x00, 0x00,
    0x00, 0x00, 0x00, 0x00, 0x00, 0x00, 0x00, 0x00, 0x00, 0x00, 0x00, 0x00, 0x00, 0x00, 0x00, 0x00,
    0x00, 0x00, 0x00, 0x00, 0x00, 0x00, 0x00, 0x00, 0x00, 0x00, 0x00, 0x00, 0x00, 0x00, 0x00, 0x00,
    0x00, 0x00, 0x00, 0x00, 0x00, 0x00, 0x00, 0x00, 0x00, 0x00, 0x00, 0x00, 0x00, 0x00, 0x00, 0x00,
    0x00, 0x00, 0x00, 0x00, 0x00, 0x00, 0x00, 0x00, 0x00, 0x00, 0x00, 0x00, 0x00, 0x00, 0x00, 0x00,
    0x00, 0x00, 0x00, 0x00, 0x00, 0x00, 0x00, 0x00, 0x00, 0x00, 0x00, 0x00, 0x00, 0x00, 0x00, 0x00,
    0x00, 0x00, 0x00, 0x00, 0x00, 0x00, 0x00, 0x00, 0x00, 0x00, 0x00, 0x00, 0x00, 0x00, 0x00, 0x00,
    0x00, 0x00, 0x00, 0x00, 0x00, 0x00, 0x00, 0x00, 0x00, 0x00, 0x00, 0x00, 0x00, 0x00, 0x00, 0x00,
    0x00, 0x00, 0x00, 0x00, 0x00, 0x00, 0x00, 0x00, 0x00, 0x00, 0x00, 0x00, 0x00, 0x00, 0x00, 0x00,
    0x00, 0x00, 0x00, 0x00, 0x00, 0x00, 0x00, 0x00, 0x00, 0x00, 0x00, 0x00, 0x00, 0x00, 0x00, 0x00,
    0x00, 0x00, 0x00, 0x00, 0x00, 0x00, 0x00, 0x00, 0x00, 0x00, 0x00, 0x00, 0x00, 0x00, 0x00, 0x00,
    0x00, 0x00, 0x00, 0x00, 0x00, 0x00, 0x00, 0x00, 0x00, 0x00, 0x00, 0x00, 0x00, 0x00, 0x00, 0x00,
    0x00, 0x00, 0x00, 0x00, 0x00, 0x00, 0x06, 0xBF, 0x07, 0x3F, 0x07, 0x1F, 0x07, 0x1F, 0x06, 0xFF,
    0x06, 0xFF, 0x06, 0xFF, 0x06, 0xFF, 0x06, 0xFF, 0x06, 0xFF, 0x06, 0xFF, 0x06, 0xFF, 0x06, 0xFF,
    0x06, 0xFF, 0x06, 0xFF, 0x06, 0xFF, 0x06, 0xFF, 0x06, 0xFF, 0x06, 0xFF, 0x06, 0xFF, 0x06, 0xFF,
    0x06, 0xFF, 0x06, 0xFF, 0x06, 0xFF, 0x06, 0xFF, 0x06, 0xFF, 0x06, 0xFF, 0x06, 0xFF, 0x06, 0xFF,
    0x06, 0xFF, 0x06, 0xFF, 0x06, 0xFF, 0x07, 0x1F, 0x07, 0x1F, 0x06, 0xFF, 0x06, 0xBF, 0x00, 0x00,
    0x00, 0x00, 0x00, 0x00, 0x00, 0x00, 0x00, 0x00, 0x00, 0x00, 0x00, 0x00, 0x00, 0x00, 0x00, 0x00,
    0x00, 0x00, 0x00, 0x00, 0x00, 0x00, 0x00, 0x00, 0x00, 0x00, 0x00, 0x00, 0x00, 0x00, 0x00, 0x00,
    0x00, 0x00, 0x00, 0x00, 0x00, 0x00, 0x00, 0x00, 0x00, 0x00, 0x00, 0x00, 0x00, 0x00, 0x00, 0x00,
    0x00, 0x00, 0x00, 0x00, 0x00, 0x00, 0x00, 0x00, 0x00, 0x00, 0x00, 0x00, 0x00, 0x00, 0x00, 0x00,
    0x00, 0x00, 0x00, 0x00, 0x00, 0x00, 0x00, 0x00, 0x00, 0x00, 0x00, 0x00, 0x00, 0x00, 0x00, 0x00,
    0x00, 0x00, 0x00, 0x00, 0x00, 0x00, 0x00, 0x00, 0x00, 0x00, 0x00, 0x00, 0x00, 0x00, 0x00, 0x00,
    0x00, 0x00, 0x00, 0x00, 0x00, 0x00, 0x00, 0x00, 0x00, 0x00, 0x00, 0x00, 0x00, 0x00, 0x00, 0x00,
    0x00, 0x00, 0x00, 0x00, 0x00, 0x00, 0x00, 0x00, 0x00, 0x00, 0x00, 0x00, 0x00, 0x00, 0x00, 0x00,
    0x00, 0x00, 0x00, 0x00, 0x00, 0x00, 0x00, 0x00, 0x00, 0x00, 0x00, 0x00, 0x00, 0x00, 0x00, 0x00,
    0x00, 0x00, 0x00, 0x00, 0x00, 0x00, 0x00, 0x00, 0x00, 0x00, 0x00, 0x00, 0x00, 0x00, 0x00, 0x00,
    0x00, 0x00, 0x00, 0x00, 0x00, 0x00, 0x00, 0x00, 0x00, 0x00, 0x00, 0x00, 0x00, 0x00, 0x00, 0x00,
    0x00, 0x00, 0x00, 0x00, 0x00, 0x00, 0x00, 0x00, 0x00, 0x00, 0x00, 0x00, 0x00, 0x00, 0x00, 0x00,
    0x00, 0x00, 0x00, 0x00, 0x00, 0x00, 0x00, 0x00, 0x00, 0x00, 0x00, 0x00, 0x00, 0x00, 0x00, 0x00,
    0x00, 0x00, 0x00, 0x00, 0x00, 0x00, 0x00, 0x00, 0x00, 0x00, 0x00, 0x00, 0x00, 0x00, 0x00, 0x00,
    0x00, 0x00, 0x00, 0x00, 0x00, 0x00, 0x00, 0x00, 0x00, 0x00, 0x00, 0x00, 0x00, 0x00, 0x00, 0x00,
    0x00, 0x00, 0x00, 0x00, 0x00, 0x00, 0x00, 0x00, 0x00, 0x00, 0x00, 0x00, 0x00, 0x00, 0x00, 0x00,
    0x00, 0x00, 0x00, 0x00, 0x00, 0x00, 0x00, 0x00, 0x00, 0x00, 0x00, 0x00, 0x00, 0x00, 0x00, 0x00,
    0x00, 0x00, 0x00, 0x00, 0x00, 0x00, 0x00, 0x00, 0x00, 0x00, 0x00, 0x00, 0x00, 0x00, 0x00, 0x00,
    0x00, 0x00, 0x00, 0x00, 0x00, 0x00, 0x00, 0x00, 0x00, 0x00, 0x00, 0x00, 0x00, 0x00, 0x00, 0x00,
    0x00, 0x00, 0x00, 0x00, 0x00, 0x00, 0x00, 0x00, 0x00, 0x00, 0x00, 0x00, 0x00, 0x00, 0x00, 0x00,
    0x00, 0x00, 0x00, 0x00, 0x00, 0x00, 0x00, 0x00, 0x00, 0x00, 0x00, 0x00, 0x00, 0x00, 0x00, 0x00,
    0x00, 0x00, 0x00, 0x00, 0x06, 0xBF, 0x06, 0xFF, 0x07, 0x1F, 0x06, 0xDF, 0x06, 0xDF, 0x06, 0xDF,
    0x06, 0xDF, 0x06, 0xDF, 0x06, 0xDF, 0x06, 0xDF, 0x06, 0xDF, 0x06, 0xDF, 0x06, 0xDF, 0x06, 0xDF,
    0x06, 0xDF, 0x06, 0xDF, 0x06, 0xDF, 0x06, 0xDF, 0x06, 0xDF, 0x06, 0xDF, 0x06, 0xDF, 0x06, 0xDF,
    0x06, 0xDF, 0x06, 0xDF, 0x06, 0xDF, 0x06, 0xDF, 0x06, 0xDF, 0x06, 0xDF, 0x06, 0xDF, 0x06, 0xDF,
    0x06, 0xDF, 0x06, 0xDF, 0x06, 0xDF, 0x06, 0xDF, 0x06, 0xBF, 0x07, 0x1F, 0x06, 0xFF, 0x07, 0xFF,
    0x00, 0x00, 0x00, 0x00, 0x00, 0x00, 0x00, 0x00, 0x00, 0x00, 0x00, 0x00, 0x00, 0x00, 0x00, 0x00,
    0x00, 0x00, 0x00, 0x00, 0x00, 0x00, 0x00, 0x00, 0x00, 0x00, 0x00, 0x00, 0x00, 0x00, 0x00, 0x00,
    0x00, 0x00, 0x00, 0x00, 0x00, 0x00, 0x00, 0x00, 0x00, 0x00, 0x00, 0x00, 0x00, 0x00, 0x00, 0x00,
    0x00, 0x00, 0x00, 0x00, 0x00, 0x00, 0x00, 0x00, 0x00, 0x00, 0x00, 0x00, 0x00, 0x00, 0x00, 0x00,
    0x00, 0x00, 0x00, 0x00, 0x00, 0x00, 0x00, 0x00, 0x00, 0x00, 0x00, 0x00, 0x00, 0x00, 0x00, 0x00,
    0x00, 0x00, 0x00, 0x00, 0x00, 0x00, 0x00, 0x00, 0x00, 0x00, 0x00, 0x00, 0x00, 0x00, 0x00, 0x00,
    0x00, 0x00, 0x00, 0x00, 0x00, 0x00, 0x00, 0x00, 0x00, 0x00, 0x00, 0x00, 0x00, 0x00, 0x00, 0x00,
    0x00, 0x00, 0x00, 0x00, 0x00, 0x00, 0x00, 0x00, 0x00, 0x00, 0x00, 0x00, 0x00, 0x00, 0x00, 0x00,
    0x00, 0x00, 0x00, 0x00, 0x00, 0x00, 0x00, 0x00, 0x00, 0x00, 0x00, 0x00, 0x00, 0x00, 0x00, 0x00,
    0x00, 0x00, 0x00, 0x00, 0x00, 0x00, 0x00, 0x00, 0x00, 0x00, 0x00, 0x00, 0x00, 0x00, 0x00, 0x00,
    0x00, 0x00, 0x00, 0x00, 0x00, 0x00, 0x00, 0x00, 0x00, 0x00, 0x00, 0x00, 0x00, 0x00, 0x00, 0x00,
    0x00, 0x00, 0x00, 0x00, 0x00, 0x00, 0x00, 0x00, 0x00, 0x00, 0x00, 0x00, 0x00, 0x00, 0x00, 0x00,
    0x00, 0x00, 0x00, 0x00, 0x00, 0x00, 0x00, 0x00, 0x00, 0x00, 0x00, 0x00, 0x00, 0x00, 0x00, 0x00,
    0x00, 0x00, 0x00, 0x00, 0x00, 0x00, 0x00, 0x00, 0x00, 0x00, 0x00, 0x00, 0x00, 0x00, 0x00, 0x00,
    0x00, 0x00, 0x00, 0x00, 0x00, 0x00, 0x00, 0x00, 0x00, 0x00, 0x00, 0x00, 0x00, 0x00, 0x00, 0x00,
    0x00, 0x00, 0x00, 0x00, 0x00, 0x00, 0x00, 0x00, 0x00, 0x00, 0x00, 0x00, 0x00, 0x00, 0x00, 0x00,
    0x00, 0x00, 0x00, 0x00, 0x00, 0x00, 0x00, 0x00, 0x00, 0x00, 0x00, 0x00, 0x00, 0x00, 0x00, 0x00,
    0x00, 0x00, 0x00, 0x00, 0x00, 0x00, 0x00, 0x00, 0x00, 0x00, 0x00, 0x00, 0x00, 0x00, 0x00, 0x00,
    0x00, 0x00, 0x00, 0x00, 0x00, 0x00, 0x00, 0x00, 0x00, 0x00, 0x00, 0x00, 0x00, 0x00, 0x00, 0x00,
    0x00, 0x00, 0x00, 0x00, 0x00, 0x00, 0x00, 0x00, 0x00, 0x00, 0x00, 0x00, 0x00, 0x00, 0x00, 0x00,
    0x00, 0x00, 0x00, 0x00, 0x00, 0x00, 0x00, 0x00, 0x00, 0x00, 0x00, 0x00, 0x00, 0x00, 0x00, 0x00,
    0x00, 0x00, 0x00, 0x00, 0x06, 0xFF, 0x07, 0x3F, 0x06, 0xDF, 0x06, 0xDF, 0x06, 0xDF, 0x06, 0xDF,
    0x06, 0xDF, 0x06, 0xDF, 0x06, 0xDF, 0x06, 0xDF, 0x06, 0xDF, 0x06, 0xDF, 0x06, 0xDF, 0x06, 0xDF,
    0x06, 0xDF, 0x06, 0xDF, 0x06, 0xDF, 0x06, 0xDF, 0x06, 0xDF, 0x06, 0xDF, 0x06, 0xDF, 0x06, 0xDF,
    0x06, 0xDF, 0x06, 0xDF, 0x06, 0xDF, 0x06, 0xDF, 0x06, 0xDF, 0x06, 0xDF, 0x06, 0xDF, 0x06, 0xDF,
    0x06, 0xDF, 0x06, 0xDF, 0x06, 0xDF, 0x06, 0xDF, 0x06, 0xDF, 0x06, 0xDF, 0x07, 0x1F, 0x07, 0x1F,
    0x00, 0x00, 0x00, 0x00, 0x00, 0x00, 0x00, 0x00, 0x00, 0x00, 0x00, 0x00, 0x00, 0x00, 0x00, 0x00,
    0x00, 0x00, 0x00, 0x00, 0x00, 0x00, 0x00, 0x00, 0x00, 0x00, 0x00, 0x00, 0x00, 0x00, 0x00, 0x00,
    0x00, 0x00, 0x00, 0x00, 0x00, 0x00, 0x00, 0x00, 0x00, 0x00, 0x00, 0x00, 0x00, 0x00, 0x00, 0x00,
    0x00, 0x00, 0x00, 0x00, 0x00, 0x00, 0x00, 0x00, 0x00, 0x00, 0x00, 0x00, 0x00, 0x00, 0x00, 0x00,
    0x00, 0x00, 0x00, 0x00, 0x00, 0x00, 0x00, 0x00, 0x00, 0x00, 0x00, 0x00, 0x00, 0x00, 0x00, 0x00,
    0x00, 0x00, 0x00, 0x00, 0x00, 0x00, 0x00, 0x00, 0x00, 0x00, 0x00, 0x00, 0x00, 0x00, 0x00, 0x00,
    0x00, 0x00, 0x00, 0x00, 0x00, 0x00, 0x00, 0x00, 0x00, 0x00, 0x00, 0x00, 0x00, 0x00, 0x00, 0x00,
    0x00, 0x00, 0x00, 0x00, 0x00, 0x00, 0x00, 0x00, 0x00, 0x00, 0x00, 0x00, 0x00, 0x00, 0x00, 0x00,
    0x00, 0x00, 0x00, 0x00, 0x00, 0x00, 0x00, 0x00, 0x00, 0x00, 0x00, 0x00, 0x00, 0x00, 0x00, 0x00,
    0x00, 0x00, 0x00, 0x00, 0x00, 0x00, 0x00, 0x00, 0x00, 0x00, 0x00, 0x00, 0x00, 0x00, 0x00, 0x00,
    0x00, 0x00, 0x00, 0x00, 0x00, 0x00, 0x00, 0x00, 0x00, 0x00, 0x00, 0x00, 0x00, 0x00, 0x00, 0x00,
    0x00, 0x00, 0x00, 0x00, 0x00, 0x00, 0x00, 0x00, 0x00, 0x00, 0x00, 0x00, 0x00, 0x00, 0x00, 0x00,
    0x00, 0x00, 0x00, 0x00, 0x00, 0x00, 0x00, 0x00, 0x00, 0x00, 0x00, 0x00, 0x00, 0x00, 0x00, 0x00,
    0x00, 0x00, 0x00, 0x00, 0x00, 0x00, 0x00, 0x00, 0x00, 0x00, 0x00, 0x00, 0x00, 0x00, 0x00, 0x00,
    0x00, 0x00, 0x00, 0x00, 0x00, 0x00, 0x00, 0x00, 0x00, 0x00, 0x00, 0x00, 0x00, 0x00, 0x00, 0x00,
    0x00, 0x00, 0x00, 0x00, 0x00, 0x00, 0x00, 0x00, 0x00, 0x00, 0x00, 0x00, 0x00, 0x00, 0x00, 0x00,
    0x00, 0x00, 0x00, 0x00, 0x00, 0x00, 0x00, 0x00, 0x00, 0x00, 0x00, 0x00, 0x00, 0x00, 0x00, 0x00,
    0x00, 0x00, 0x00, 0x00, 0x00, 0x00, 0x00, 0x00, 0x00, 0x00, 0x00, 0x00, 0x00, 0x00, 0x00, 0x00,
    0x00, 0x00, 0x00, 0x00, 0x00, 0x00, 0x00, 0x00, 0x00, 0x00, 0x00, 0x00, 0x00, 0x00, 0x00, 0x00,
    0x00, 0x00, 0x00, 0x00, 0x00, 0x00, 0x00, 0x00, 0x00, 0x00, 0x00, 0x00, 0x00, 0x00, 0x00, 0x00,
    0x00, 0x00, 0x00, 0x00, 0x00, 0x00, 0x00, 0x00, 0x00, 0x00, 0x00, 0x00, 0x00, 0x00, 0x00, 0x00,
    0x00, 0x00, 0x00, 0x00, 0x06, 0xFF, 0x07, 0x1F, 0x06, 0xDF, 0x06, 0xDF, 0x06, 0xDF, 0x06, 0xDF,
    0x06, 0xDF, 0x06, 0xDF, 0x06, 0xDF, 0x06, 0xDF, 0x06, 0xDF, 0x06, 0xDF, 0x06, 0xDF, 0x06, 0xDF,
    0x06, 0xDF, 0x06, 0xDF, 0x06, 0xDF, 0x06, 0xDF, 0x06, 0xDF, 0x06, 0xDF, 0x06, 0xDF, 0x06, 0xDF,
    0x06, 0xDF, 0x06, 0xDF, 0x06, 0xDF, 0x06, 0xDF, 0x06, 0xDF, 0x06, 0xDF, 0x06, 0xDF, 0x06, 0xDF,
    0x06, 0xDF, 0x06, 0xDF, 0x06, 0xDF, 0x06, 0xDF, 0x06, 0xDF, 0x06, 0xDF, 0x07, 0x1F, 0x06, 0xFF,
    0x00, 0x00, 0x00, 0x00, 0x00, 0x00, 0x00, 0x00, 0x00, 0x00, 0x00, 0x00, 0x00, 0x00, 0x00, 0x00,
    0x00, 0x00, 0x00, 0x00, 0x00, 0x00, 0x00, 0x00, 0x00, 0x00, 0x00, 0x00, 0x00, 0x00, 0x00, 0x00,
    0x00, 0x00, 0x00, 0x00, 0x00, 0x00, 0x00, 0x00, 0x00, 0x00, 0x00, 0x00, 0x00, 0x00, 0x00, 0x00,
    0x00, 0x00, 0x00, 0x00, 0x00, 0x00, 0x00, 0x00, 0x00, 0x00, 0x00, 0x00, 0x00, 0x00, 0x00, 0x00,
    0x00, 0x00, 0x00, 0x00, 0x00, 0x00, 0x00, 0x00, 0x00, 0x00, 0x00, 0x00, 0x00, 0x00, 0x00, 0x00,
    0x00, 0x00, 0x00, 0x00, 0x00, 0x00, 0x00, 0x00, 0x00, 0x00, 0x00, 0x00, 0x00, 0x00, 0x00, 0x00,
    0x00, 0x00, 0x00, 0x00, 0x00, 0x00, 0x00, 0x00, 0x00, 0x00, 0x00, 0x00, 0x00, 0x00, 0x00, 0x00,
    0x00, 0x00, 0x00, 0x00, 0x00, 0x00, 0x00, 0x00, 0x00, 0x00, 0x00, 0x00, 0x00, 0x00, 0x00, 0x00,
    0x00, 0x00, 0x00, 0x00, 0x00, 0x00, 0x00, 0x00, 0x00, 0x00, 0x00, 0x00, 0x00, 0x00, 0x00, 0x00,
    0x00, 0x00, 0x00, 0x00, 0x00, 0x00, 0x00, 0x00, 0x00, 0x00, 0x00, 0x00, 0x00, 0x00, 0x00, 0x00,
    0x00, 0x00, 0x00, 0x00, 0x00, 0x00, 0x00, 0x00, 0x00, 0x00, 0x00, 0x00, 0x00, 0x00, 0x00, 0x00,
    0x00, 0x00, 0x00, 0x00, 0x00, 0x00, 0x00, 0x00, 0x00, 0x00, 0x00, 0x00, 0x00, 0x00, 0x00, 0x00,
    0x00, 0x00, 0x00, 0x00, 0x00, 0x00, 0x00, 0x00, 0x00, 0x00, 0x00, 0x00, 0x00, 0x00, 0x00, 0x00,
    0x00, 0x00, 0x00, 0x00, 0x00, 0x00, 0x00, 0x00, 0x00, 0x00, 0x00, 0x00, 0x00, 0x00, 0x00, 0x00,
    0x00, 0x00, 0x00, 0x00, 0x00, 0x00, 0x00, 0x00, 0x00, 0x00, 0x00, 0x00, 0x00, 0x00, 0x00, 0x00,
    0x00, 0x00, 0x00, 0x00, 0x00, 0x00, 0x00, 0x00, 0x00, 0x00, 0x00, 0x00, 0x00, 0x00, 0x00, 0x00,
    0x00, 0x00, 0x00, 0x00, 0x00, 0x00, 0x00, 0x00, 0x00, 0x00, 0x00, 0x00, 0x00, 0x00, 0x00, 0x00,
    0x00, 0x00, 0x00, 0x00, 0x00, 0x00, 0x00, 0x00, 0x00, 0x00, 0x00, 0x00, 0x00, 0x00, 0x00, 0x00,
    0x00, 0x00, 0x00, 0x00, 0x00, 0x00, 0x00, 0x00, 0x00, 0x00, 0x00, 0x00, 0x00, 0x00, 0x00, 0x00,
    0x00, 0x00, 0x00, 0x00, 0x00, 0x00, 0x00, 0x00, 0x00, 0x00, 0x00, 0x00, 0x00, 0x00, 0x00, 0x00,
    0x00, 0x00, 0x00, 0x00, 0x00, 0x00, 0x00, 0x00, 0x00, 0x00, 0x00, 0x00, 0x00, 0x00, 0x00, 0x00,
    0x00, 0x00, 0x00, 0x00, 0x07, 0x1F, 0x06, 0xDF, 0x06, 0xDF, 0x06, 0xDF, 0x06, 0xDF, 0x06, 0xDF,
    0x06, 0xDF, 0x06, 0xDF, 0x06, 0xDF, 0x06, 0xDF, 0x06, 0xDF, 0x06, 0xDF, 0x06, 0xDF, 0x06, 0xDF,
    0x06, 0xDF, 0x06, 0xDF, 0x06, 0xDF, 0x06, 0xDF, 0x06, 0xDF, 0x06, 0xDF, 0x06, 0xDF, 0x06, 0xDF,
    0x06, 0xDF, 0x06, 0xDF, 0x06, 0xDF, 0x06, 0xDF, 0x06, 0xDF, 0x06, 0xDF, 0x06, 0xDF, 0x06, 0xDF,
    0x06, 0xDF, 0x06, 0xDF, 0x06, 0xDF, 0x06, 0xDF, 0x06, 0xDF, 0x06, 0xDF, 0x06, 0xFF, 0x07, 0x1F,
    0x00, 0x00, 0x00, 0x00, 0x00, 0x00, 0x00, 0x00, 0x00, 0x00, 0x00, 0x00, 0x00, 0x00, 0x00, 0x00,
    0x00, 0x00, 0x00, 0x00, 0x00, 0x00, 0x00, 0x00, 0x00, 0x00, 0x00, 0x00, 0x00, 0x00, 0x00, 0x00,
    0x00, 0x00, 0x00, 0x00, 0x00, 0x00, 0x00, 0x00, 0x00, 0x00, 0x00, 0x00, 0x00, 0x00, 0x00, 0x00,
    0x00, 0x00, 0x00, 0x00, 0x00, 0x00, 0x00, 0x00, 0x00, 0x00, 0x00, 0x00, 0x00, 0x00, 0x00, 0x00,
    0x00, 0x00, 0x00, 0x00, 0x00, 0x00, 0x00, 0x00, 0x00, 0x00, 0x00, 0x00, 0x00, 0x00, 0x00, 0x00,
    0x00, 0x00, 0x00, 0x00, 0x00, 0x00, 0x00, 0x00, 0x00, 0x00, 0x00, 0x00, 0x00, 0x00, 0x00, 0x00,
    0x00, 0x00, 0x00, 0x00, 0x00, 0x00, 0x00, 0x00, 0x00, 0x00, 0x00, 0x00, 0x00, 0x00, 0x00, 0x00,
    0x00, 0x00, 0x00, 0x00, 0x00, 0x00, 0x00, 0x00, 0x00, 0x00, 0x00, 0x00, 0x00, 0x00, 0x00, 0x00,
    0x00, 0x00, 0x00, 0x00, 0x00, 0x00, 0x00, 0x00, 0x00, 0x00, 0x00, 0x00, 0x00, 0x00, 0x00, 0x00,
    0x00, 0x00, 0x00, 0x00, 0x00, 0x00, 0x00, 0x00, 0x00, 0x00, 0x00, 0x00, 0x00, 0x00, 0x00, 0x00,
    0x00, 0x00, 0x00, 0x00, 0x00, 0x00, 0x00, 0x00, 0x00, 0x00, 0x00, 0x00, 0x00, 0x00, 0x00, 0x00,
    0x00, 0x00, 0x00, 0x00, 0x00, 0x00, 0x00, 0x00, 0x00, 0x00, 0x00, 0x00, 0x00, 0x00, 0x00, 0x00,
    0x00, 0x00, 0x00, 0x00, 0x00, 0x00, 0x00, 0x00, 0x00, 0x00, 0x00, 0x00, 0x00, 0x00, 0x00, 0x00,
    0x00, 0x00, 0x00, 0x00, 0x00, 0x00, 0x00, 0x00, 0x00, 0x00, 0x00, 0x00, 0x00, 0x00, 0x00, 0x00,
    0x00, 0x00, 0x00, 0x00, 0x00, 0x00, 0x00, 0x00, 0x00, 0x00, 0x00, 0x00, 0x00, 0x00, 0x00, 0x00,
    0x00, 0x00, 0x00, 0x00, 0x00, 0x00, 0x00, 0x00, 0x00, 0x00, 0x00, 0x00, 0x00, 0x00, 0x00, 0x00,
    0x00, 0x00, 0x00, 0x00, 0x00, 0x00, 0x00, 0x00, 0x00, 0x00, 0x00, 0x00, 0x00, 0x00, 0x00, 0x00,
    0x00, 0x00, 0x00, 0x00, 0x00, 0x00, 0x00, 0x00, 0x00, 0x00, 0x00, 0x00, 0x00, 0x00, 0x00, 0x00,
    0x00, 0x00, 0x00, 0x00, 0x00, 0x00, 0x00, 0x00, 0x00, 0x00, 0x00, 0x00, 0x00, 0x00, 0x00, 0x00,
    0x00, 0x00, 0x00, 0x00, 0x00, 0x00, 0x00, 0x00, 0x00, 0x00, 0x00, 0x00, 0x00, 0x00, 0x00, 0x00,
    0x00, 0x00, 0x00, 0x00, 0x00, 0x00, 0x00, 0x00, 0x00, 0x00, 0x00, 0x00, 0x00, 0x00, 0x00, 0x00,
    0x00, 0x00, 0x00, 0x00, 0x07, 0x1F, 0x07, 0x1F, 0x06, 0xDF, 0x06, 0xDF, 0x06, 0xDF, 0x06, 0xDF,
    0x06, 0xDF, 0x06, 0xDF, 0x06, 0xDF, 0x06, 0xDF, 0x06, 0xDF, 0x06, 0xDF, 0x06, 0xDF, 0x06, 0xDF,
    0x06, 0xDF, 0x06, 0xDF, 0x06, 0xDF, 0x06, 0xDF, 0x06, 0xDF, 0x06, 0xDF, 0x06, 0xDF, 0x06, 0xDF,
    0x06, 0xDF, 0x06, 0xDF, 0x06, 0xDF, 0x06, 0xDF, 0x06, 0xDF, 0x06, 0xDF, 0x06, 0xDF, 0x06, 0xDF,
    0x06, 0xDF, 0x06, 0xDF, 0x06, 0xDF, 0x06, 0xDF, 0x06, 0xDF, 0x06, 0xDF, 0x06, 0xFF, 0x07, 0x1F,
    0x00, 0x00, 0x00, 0x00, 0x00, 0x00, 0x00, 0x00, 0x00, 0x00, 0x00, 0x00, 0x00, 0x00, 0x00, 0x00,
    0x00, 0x00, 0x00, 0x00, 0x00, 0x00, 0x00, 0x00, 0x00, 0x00, 0x00, 0x00, 0x00, 0x00, 0x00, 0x00,
    0x00, 0x00, 0x00, 0x00, 0x00, 0x00, 0x00, 0x00, 0x00, 0x00, 0x00, 0x00, 0x00, 0x00, 0x00, 0x00,
    0x00, 0x00, 0x00, 0x00, 0x00, 0x00, 0x00, 0x00, 0x00, 0x00, 0x00, 0x00, 0x00, 0x00, 0x00, 0x00,
    0x00, 0x00, 0x00, 0x00, 0x00, 0x00, 0x00, 0x00, 0x00, 0x00, 0x00, 0x00, 0x00, 0x00, 0x00, 0x00,
    0x00, 0x00, 0x00, 0x00, 0x00, 0x00, 0x00, 0x00, 0x00, 0x00, 0x00, 0x00, 0x00, 0x00, 0x00, 0x00,
    0x00, 0x00, 0x00, 0x00, 0x00, 0x00, 0x00, 0x00, 0x00, 0x00, 0x00, 0x00, 0x00, 0x00, 0x00, 0x00,
    0x00, 0x00, 0x00, 0x00, 0x00, 0x00, 0x00, 0x00, 0x00, 0x00, 0x00, 0x00, 0x00, 0x00, 0x00, 0x00,
    0x00, 0x00, 0x00, 0x00, 0x00, 0x00, 0x00, 0x00, 0x00, 0x00, 0x00, 0x00, 0x00, 0x00, 0x00, 0x00,
    0x00, 0x00, 0x00, 0x00, 0x00, 0x00, 0x00, 0x00, 0x00, 0x00, 0x00, 0x00, 0x00, 0x00, 0x00, 0x00,
    0x00, 0x00, 0x00, 0x00, 0x00, 0x00, 0x00, 0x00, 0x00, 0x00, 0x00, 0x00, 0x00, 0x00, 0x00, 0x00,
    0x00, 0x00, 0x00, 0x00, 0x00, 0x00, 0x00, 0x00, 0x00, 0x00, 0x00, 0x00, 0x00, 0x00, 0x00, 0x00,
    0x00, 0x00, 0x00, 0x00, 0x00, 0x00, 0x00, 0x00, 0x00, 0x00, 0x00, 0x00, 0x00, 0x00, 0x00, 0x00,
    0x00, 0x00, 0x00, 0x00, 0x00, 0x00, 0x00, 0x00, 0x00, 0x00, 0x00, 0x00, 0x00, 0x00, 0x00, 0x00,
    0x00, 0x00, 0x00, 0x00, 0x00, 0x00, 0x00, 0x00, 0x00, 0x00, 0x00, 0x00, 0x00, 0x00, 0x00, 0x00,
    0x00, 0x00, 0x00, 0x00, 0x00, 0x00, 0x00, 0x00, 0x00, 0x00, 0x00, 0x00, 0x00, 0x00, 0x00, 0x00,
    0x00, 0x00, 0x00, 0x00, 0x00, 0x00, 0x00, 0x00, 0x00, 0x00, 0x00, 0x00, 0x00, 0x00, 0x00, 0x00,
    0x00, 0x00, 0x00, 0x00, 0x00, 0x00, 0x00, 0x00, 0x00, 0x00, 0x00, 0x00, 0x00, 0x00, 0x00, 0x00,
    0x00, 0x00, 0x00, 0x00, 0x00, 0x00, 0x00, 0x00, 0x00, 0x00, 0x00, 0x00, 0x00, 0x00, 0x00, 0x00,
    0x00, 0x00, 0x00, 0x00, 0x00, 0x00, 0x00, 0x00, 0x00, 0x00, 0x00, 0x00, 0x00, 0x00, 0x00, 0x00,
    0x00, 0x00, 0x00, 0x00, 0x00, 0x00, 0x00, 0x00, 0x00, 0x00, 0x00, 0x00, 0x00, 0x00, 0x00, 0x00,
    0x00, 0x00, 0x00, 0x00, 0x07, 0x1F, 0x07, 0x1F, 0x06, 0xDF, 0x06, 0xDF, 0x06, 0xDF, 0x06, 0xDF,
    0x06, 0xDF, 0x06, 0xDF, 0x06, 0xDF, 0x06, 0xDF, 0x06, 0xDF, 0x06, 0xDF, 0x06, 0xDF, 0x07, 0x3F,
    0x07, 0x3F, 0x07, 0x3F, 0x07, 0x3F, 0x07, 0x3F, 0x07, 0x3F, 0x07, 0x3F, 0x07, 0x3F, 0x07, 0x1F,
    0x06, 0xDF, 0x06, 0xDF, 0x06, 0xDF, 0x06, 0xDF, 0x06, 0xDF, 0x06, 0xDF, 0x06, 0xDF, 0x06, 0xDF,
    0x06, 0xDF, 0x06, 0xDF, 0x06, 0xDF, 0x06, 0xDF, 0x06, 0xDF, 0x06, 0xDF, 0x06, 0xFF, 0x07, 0x1F,
    0x00, 0x00, 0x00, 0x00, 0x00, 0x00, 0x00, 0x00, 0x00, 0x00, 0x00, 0x00, 0x00, 0x00, 0x00, 0x00,
    0x00, 0x00, 0x00, 0x00, 0x00, 0x00, 0x00, 0x00, 0x00, 0x00, 0x00, 0x00, 0x00, 0x00, 0x00, 0x00,
    0x00, 0x00, 0x00, 0x00, 0x00, 0x00, 0x00, 0x00, 0x00, 0x00, 0x00, 0x00, 0x00, 0x00, 0x00, 0x00,
    0x00, 0x00, 0x00, 0x00, 0x00, 0x00, 0x00, 0x00, 0x00, 0x00, 0x00, 0x00, 0x00, 0x00, 0x00, 0x00,
    0x00, 0x00, 0x00, 0x00, 0x00, 0x00, 0x00, 0x00, 0x00, 0x00, 0x00, 0x00, 0x00, 0x00, 0x00, 0x00,
    0x00, 0x00, 0x00, 0x00, 0x00, 0x00, 0x00, 0x00, 0x00, 0x00, 0x00, 0x00, 0x00, 0x00, 0x00, 0x00,
    0x00, 0x00, 0x00, 0x00, 0x00, 0x00, 0x00, 0x00, 0x00, 0x00, 0x00, 0x00, 0x00, 0x00, 0x00, 0x00,
    0x00, 0x00, 0x00, 0x00, 0x00, 0x00, 0x00, 0x00, 0x00, 0x00, 0x00, 0x00, 0x00, 0x00, 0x00, 0x00,
    0x00, 0x00, 0x00, 0x00, 0x00, 0x00, 0x00, 0x00, 0x00, 0x00, 0x00, 0x00, 0x00, 0x00, 0x00, 0x00,
    0x00, 0x00, 0x00, 0x00, 0x00, 0x00, 0x00, 0x00, 0x00, 0x00, 0x00, 0x00, 0x00, 0x00, 0x00, 0x00,
    0x00, 0x00, 0x00, 0x00, 0x00, 0x00, 0x00, 0x00, 0x00, 0x00, 0x00, 0x00, 0x00, 0x00, 0x00, 0x00,
    0x00, 0x00, 0x00, 0x00, 0x00, 0x00, 0x00, 0x00, 0x00, 0x00, 0x00, 0x00, 0x00, 0x00, 0x00, 0x00,
    0x00, 0x00, 0x00, 0x00, 0x00, 0x00, 0x00, 0x00, 0x00, 0x00, 0x00, 0x00, 0x00, 0x00, 0x00, 0x00,
    0x00, 0x00, 0x00, 0x00, 0x00, 0x00, 0x00, 0x00, 0x00, 0x00, 0x00, 0x00, 0x00, 0x00, 0x00, 0x00,
    0x00, 0x00, 0x00, 0x00, 0x00, 0x00, 0x00, 0x00, 0x00, 0x00, 0x00, 0x00, 0x00, 0x00, 0x00, 0x00,
    0x00, 0x00, 0x00, 0x00, 0x00, 0x00, 0x00, 0x00, 0x00, 0x00, 0x00, 0x00, 0x00, 0x00, 0x00, 0x00,
    0x00, 0x00, 0x00, 0x00, 0x00, 0x00, 0x00, 0x00, 0x00, 0x00, 0x00, 0x00, 0x00, 0x00, 0x00, 0x00,
    0x00, 0x00, 0x00, 0x00, 0x00, 0x00, 0x00, 0x00, 0x00, 0x00, 0x00, 0x00, 0x00, 0x00, 0x00, 0x00,
    0x00, 0x00, 0x00, 0x00, 0x00, 0x00, 0x00, 0x00, 0x00, 0x00, 0x00, 0x00, 0x00, 0x00, 0x00, 0x00,
    0x00, 0x00, 0x00, 0x00, 0x00, 0x00, 0x00, 0x00, 0x00, 0x00, 0x00, 0x00, 0x00, 0x00, 0x00, 0x00,
    0x00, 0x00, 0x00, 0x00, 0x00, 0x00, 0x00, 0x00, 0x00, 0x00, 0x00, 0x00, 0x00, 0x00, 0x00, 0x00,
    0x00, 0x00, 0x00, 0x00, 0x07, 0x1F, 0x07, 0x1F, 0x06, 0xDF, 0x06, 0xDF, 0x06, 0xDF, 0x06, 0xDF,
    0x06, 0xDF, 0x06, 0xDF, 0x06, 0xDF, 0x06, 0xDF, 0x06, 0xDF, 0x06, 0xDF, 0x06, 0xDF, 0x07, 0x1F,
    0x07, 0x3F, 0x07, 0x3F, 0x07, 0x3F, 0x07, 0x3F, 0x07, 0x3F, 0x07, 0x3F, 0x07, 0x3F, 0x07, 0x3F,
    0x07, 0x3F, 0x07, 0x1F, 0x06, 0xDF, 0x06, 0xDF, 0x06, 0xDF, 0x06, 0xDF, 0x06, 0xDF, 0x06, 0xDF,
    0x06, 0xDF, 0x06, 0xDF, 0x06, 0xDF, 0x06, 0xDF, 0x06, 0xDF, 0x06, 0xDF, 0x06, 0xFF, 0x07, 0x1F,
    0x00, 0x00, 0x00, 0x00, 0x00, 0x00, 0x00, 0x00, 0x00, 0x00, 0x00, 0x00, 0x00, 0x00, 0x00, 0x00,
    0x00, 0x00, 0x00, 0x00, 0x00, 0x00, 0x00, 0x00, 0x00, 0x00, 0x00, 0x00, 0x00, 0x00, 0x00, 0x00,
    0x00, 0x00, 0x00, 0x00, 0x00, 0x00, 0x00, 0x00, 0x00, 0x00, 0x00, 0x00, 0x00, 0x00, 0x00, 0x00,
    0x00, 0x00, 0x00, 0x00, 0x00, 0x00, 0x00, 0x00, 0x00, 0x00, 0x00, 0x00, 0x00, 0x00, 0x00, 0x00,
    0x00, 0x00, 0x00, 0x00, 0x00, 0x00, 0x00, 0x00, 0x00, 0x00, 0x00, 0x00, 0x00, 0x00, 0x00, 0x00,
    0x00, 0x00, 0x00, 0x00, 0x00, 0x00, 0x00, 0x00, 0x00, 0x00, 0x00, 0x00, 0x00, 0x00, 0x00, 0x00,
    0x00, 0x00, 0x00, 0x00, 0x00, 0x00, 0x00, 0x00, 0x00, 0x00, 0x00, 0x00, 0x00, 0x00, 0x00, 0x00,
    0x00, 0x00, 0x00, 0x00, 0x00, 0x00, 0x00, 0x00, 0x00, 0x00, 0x00, 0x00, 0x00, 0x00, 0x00, 0x00,
    0x00, 0x00, 0x00, 0x00, 0x00, 0x00, 0x00, 0x00, 0x00, 0x00, 0x00, 0x00, 0x00, 0x00, 0x00, 0x00,
    0x00, 0x00, 0x00, 0x00, 0x00, 0x00, 0x00, 0x00, 0x00, 0x00, 0x00, 0x00, 0x00, 0x00, 0x00, 0x00,
    0x00, 0x00, 0x00, 0x00, 0x00, 0x00, 0x00, 0x00, 0x00, 0x00, 0x00, 0x00, 0x00, 0x00, 0x00, 0x00,
    0x00, 0x00, 0x00, 0x00, 0x00, 0x00, 0x00, 0x00, 0x00, 0x00, 0x00, 0x00, 0x00, 0x00, 0x00, 0x00,
    0x00, 0x00, 0x00, 0x00, 0x00, 0x00, 0x00, 0x00, 0x00, 0x00, 0x00, 0x00, 0x00, 0x00, 0x00, 0x00,
    0x00, 0x00, 0x00, 0x00, 0x00, 0x00, 0x00, 0x00, 0x00, 0x00, 0x00, 0x00, 0x00, 0x00, 0x00, 0x00,
    0x00, 0x00, 0x00, 0x00, 0x00, 0x00, 0x00, 0x00, 0x00, 0x00, 0x00, 0x00, 0x00, 0x00, 0x00, 0x00,
    0x00, 0x00, 0x00, 0x00, 0x00, 0x00, 0x00, 0x00, 0x00, 0x00, 0x00, 0x00, 0x00, 0x00, 0x00, 0x00,
    0x00, 0x00, 0x00, 0x00, 0x00, 0x00, 0x00, 0x00, 0x00, 0x00, 0x00, 0x00, 0x00, 0x00, 0x00, 0x00,
    0x00, 0x00, 0x00, 0x00, 0x00, 0x00, 0x00, 0x00, 0x00, 0x00, 0x00, 0x00, 0x00, 0x00, 0x00, 0x00,
    0x00, 0x00, 0x00, 0x00, 0x00, 0x00, 0x00, 0x00, 0x00, 0x00, 0x00, 0x00, 0x00, 0x00, 0x00, 0x00,
    0x00, 0x00, 0x00, 0x00, 0x00, 0x00, 0x00, 0x00, 0x00, 0x00, 0x00, 0x00, 0x00, 0x00, 0x00, 0x00,
    0x00, 0x00, 0x00, 0x00, 0x00, 0x00, 0x00, 0x00, 0x00, 0x00, 0x00, 0x00, 0x00, 0x00, 0x00, 0x00,
    0x00, 0x00, 0x00, 0x00, 0x07, 0x1F, 0x07, 0x1F, 0x06, 0xDF, 0x06, 0xDF, 0x06, 0xDF, 0x06, 0xDF,
    0x06, 0xDF, 0x06, 0xDF, 0x06, 0xDF, 0x06, 0xDF, 0x06, 0xDF, 0x06, 0xDF, 0x06, 0xDF, 0x07, 0x1F,
    0x07, 0x3F, 0x07, 0x3F, 0x07, 0x3F, 0x07, 0x3F, 0x07, 0x3F, 0x07, 0x3F, 0x07, 0x3F, 0x07, 0x3F,
    0x07, 0x3F, 0x07, 0x3F, 0x06, 0xFF, 0x06, 0xDF, 0x06, 0xDF, 0x06, 0xDF, 0x06, 0xDF, 0x06, 0xDF,
    0x06, 0xDF, 0x06, 0xDF, 0x06, 0xDF, 0x06, 0xDF, 0x06, 0xDF, 0x06, 0xDF, 0x06, 0xFF, 0x07, 0x1F,
    0x00, 0x00, 0x00, 0x00, 0x00, 0x00, 0x00, 0x00, 0x00, 0x00, 0x00, 0x00, 0x00, 0x00, 0x00, 0x00,
    0x00, 0x00, 0x00, 0x00, 0x00, 0x00, 0x00, 0x00, 0x00, 0x00, 0x00, 0x00, 0x00, 0x00, 0x00, 0x00,
    0x00, 0x00, 0x00, 0x00, 0x00, 0x00, 0x00, 0x00, 0x00, 0x00, 0x00, 0x00, 0x00, 0x00, 0x00, 0x00,
    0x00, 0x00, 0x00, 0x00, 0x00, 0x00, 0x00, 0x00, 0x00, 0x00, 0x00, 0x00, 0x00, 0x00, 0x00, 0x00,
    0x00, 0x00, 0x00, 0x00, 0x00, 0x00, 0x00, 0x00, 0x00, 0x00, 0x00, 0x00, 0x00, 0x00, 0x00, 0x00,
    0x00, 0x00, 0x00, 0x00, 0x00, 0x00, 0x00, 0x00, 0x00, 0x00, 0x00, 0x00, 0x00, 0x00, 0x00, 0x00,
    0x00, 0x00, 0x00, 0x00, 0x00, 0x00, 0x00, 0x00, 0x00, 0x00, 0x00, 0x00, 0x00, 0x00, 0x00, 0x00,
    0x00, 0x00, 0x00, 0x00, 0x00, 0x00, 0x00, 0x00, 0x00, 0x00, 0x00, 0x00, 0x00, 0x00, 0x00, 0x00,
    0x00, 0x00, 0x00, 0x00, 0x00, 0x00, 0x00, 0x00, 0x00, 0x00, 0x00, 0x00, 0x00, 0x00, 0x00, 0x00,
    0x00, 0x00, 0x00, 0x00, 0x00, 0x00, 0x00, 0x00, 0x00, 0x00, 0x00, 0x00, 0x00, 0x00, 0x00, 0x00,
    0x00, 0x00, 0x00, 0x00, 0x00, 0x00, 0x00, 0x00, 0x00, 0x00, 0x00, 0x00, 0x00, 0x00, 0x00, 0x00,
    0x00, 0x00, 0x00, 0x00, 0x00, 0x00, 0x00, 0x00, 0x00, 0x00, 0x00, 0x00, 0x00, 0x00, 0x00, 0x00,
    0x00, 0x00, 0x00, 0x00, 0x00, 0x00, 0x00, 0x00, 0x00, 0x00, 0x00, 0x00, 0x00, 0x00, 0x00, 0x00,
    0x00, 0x00, 0x00, 0x00, 0x00, 0x00, 0x00, 0x00, 0x00, 0x00, 0x00, 0x00, 0x00, 0x00, 0x00, 0x00,
    0x00, 0x00, 0x00, 0x00, 0x00, 0x00, 0x00, 0x00, 0x00, 0x00, 0x00, 0x00, 0x00, 0x00, 0x00, 0x00,
    0x00, 0x00, 0x00, 0x00, 0x00, 0x00, 0x00, 0x00, 0x00, 0x00, 0x00, 0x00, 0x00, 0x00, 0x00, 0x00,
    0x00, 0x00, 0x00, 0x00, 0x00, 0x00, 0x00, 0x00, 0x00, 0x00, 0x00, 0x00, 0x00, 0x00, 0x00, 0x00,
    0x00, 0x00, 0x00, 0x00, 0x00, 0x00, 0x00, 0x00, 0x00, 0x00, 0x00, 0x00, 0x00, 0x00, 0x00, 0x00,
    0x00, 0x00, 0x00, 0x00, 0x00, 0x00, 0x00, 0x00, 0x00, 0x00, 0x00, 0x00, 0x00, 0x00, 0x00, 0x00,
    0x00, 0x00, 0x00, 0x00, 0x00, 0x00, 0x00, 0x00, 0x00, 0x00, 0x00, 0x00, 0x00, 0x00, 0x00, 0x00,
    0x00, 0x00, 0x00, 0x00, 0x00, 0x00, 0x00, 0x00, 0x00, 0x00, 0x00, 0x00, 0x00, 0x00, 0x00, 0x00,
    0x00, 0x00, 0x00, 0x00, 0x07, 0x1F, 0x07, 0x1F, 0x06, 0xDF, 0x06, 0xDF, 0x06, 0xDF, 0x06, 0xDF,
    0x06, 0xDF, 0x06, 0xDF, 0x06, 0xDF, 0x06, 0xDF, 0x06, 0xDF, 0x06, 0xDF, 0x06, 0xDF, 0x07, 0x1F,
    0x07, 0x3F, 0x07, 0x3F, 0x07, 0x3F, 0x06, 0xDF, 0x06, 0xDF, 0x06, 0xFF, 0x07, 0x3F, 0x07, 0x3F,
    0x07, 0x3F, 0x07, 0x3F, 0x07, 0x3F, 0x06, 0xDF, 0x06, 0xDF, 0x06, 0xDF, 0x06, 0xDF, 0x06, 0xDF,
    0x06, 0xDF, 0x06, 0xDF, 0x06, 0xDF, 0x06, 0xDF, 0x06, 0xDF, 0x06, 0xDF, 0x06, 0xFF, 0x07, 0x1F,
    0x00, 0x00, 0x00, 0x00, 0x07, 0x3F, 0x07, 0x5F, 0x07, 0x3F, 0x00, 0x00, 0x00, 0x00, 0x00, 0x00,
    0x07, 0x3F, 0x07, 0x3F, 0x07, 0x3F, 0x07, 0x3F, 0x00, 0x00, 0x00, 0x00, 0x00, 0x00, 0x00, 0x00,
    0x00, 0x00, 0x07, 0x3F, 0x07, 0x3F, 0x07, 0x3F, 0x00, 0x00, 0x00, 0x00, 0x00, 0x00, 0x06, 0x7F,
    0x07, 0x3F, 0x07, 0x3F, 0x07, 0x3F, 0x07, 0x3F, 0x00, 0x00, 0x00, 0x00, 0x06, 0x7F, 0x07, 0x3F,
    0x07, 0x3F, 0x07, 0x3F, 0x07, 0x3F, 0x07, 0x3F, 0x06, 0x7F, 0x00, 0x00, 0x00, 0x00, 0x00, 0x00,
    0x00, 0x00, 0x00, 0x00, 0x00, 0x00, 0x00, 0x00, 0x00, 0x00, 0x00, 0x00, 0x00, 0x00, 0x00, 0x00,
    0x00, 0x00, 0x00, 0x00, 0x00, 0x00, 0x00, 0x00, 0x00, 0x00, 0x00, 0x00, 0x00, 0x00, 0x00, 0x00,
    0x00, 0x00, 0x00, 0x00, 0x00, 0x00, 0x00, 0x00, 0x00, 0x00, 0x00, 0x00, 0x00, 0x00, 0x00, 0x00,
    0x00, 0x00, 0x00, 0x00, 0x00, 0x00, 0x00, 0x00, 0x00, 0x00, 0x00, 0x00, 0x00, 0x00, 0x00, 0x00,
    0x00, 0x00, 0x00, 0x00, 0x00, 0x00, 0x00, 0x00, 0x00, 0x00, 0x00, 0x00, 0x00, 0x00, 0x00, 0x00,
    0x00, 0x00, 0x00, 0x00, 0x00, 0x00, 0x00, 0x00, 0x00, 0x00, 0x00, 0x00, 0x00, 0x00, 0x00, 0x00,
    0x00, 0x00, 0x00, 0x00, 0x00, 0x00, 0x00, 0x00, 0x00, 0x00, 0x00, 0x00, 0x00, 0x00, 0x00, 0x00,
    0x00, 0x00, 0x00, 0x00, 0x00, 0x00, 0x00, 0x00, 0x00, 0x00, 0x00, 0x00, 0x00, 0x00, 0x00, 0x00,
    0x00, 0x00, 0x00, 0x00, 0x00, 0x00, 0x00, 0x00, 0x00, 0x00, 0x00, 0x00, 0x00, 0x00, 0x00, 0x00,
    0x00, 0x00, 0x00, 0x00, 0x00, 0x00, 0x00, 0x00, 0x00, 0x00, 0x00, 0x00, 0x00, 0x00, 0x00, 0x00,
    0x00, 0x00, 0x00, 0x00, 0x00, 0x00, 0x00, 0x00, 0x00, 0x00, 0x00, 0x00, 0x00, 0x00, 0x00, 0x00,
    0x00, 0x00, 0x00, 0x00, 0x00, 0x00, 0x00, 0x00, 0x00, 0x00, 0x00, 0x00, 0x00, 0x00, 0x00, 0x00,
    0x00, 0x00, 0x00, 0x00, 0x00, 0x00, 0x00, 0x00, 0x00, 0x00, 0x00, 0x00, 0x00, 0x00, 0x00, 0x00,
    0x00, 0x00, 0x00, 0x00, 0x00, 0x00, 0x00, 0x00, 0x00, 0x00, 0x00, 0x00, 0x00, 0x00, 0x00, 0x00,
    0x00, 0x00, 0x00, 0x00, 0x00, 0x00, 0x00, 0x00, 0x00, 0x00, 0x00, 0x00, 0x00, 0x00, 0x00, 0x00,
    0x00, 0x00, 0x00, 0x00, 0x00, 0x00, 0x00, 0x00, 0x00, 0x00, 0x00, 0x00, 0x00, 0x00, 0x00, 0x00,
    0x00, 0x00, 0x00, 0x00, 0x07, 0x1F, 0x07, 0x1F, 0x06, 0xDF, 0x06, 0xDF, 0x06, 0xDF, 0x06, 0xDF,
    0x06, 0xDF, 0x06, 0xDF, 0x06, 0xDF, 0x06, 0xDF, 0x06, 0xDF, 0x06, 0xDF, 0x06, 0xDF, 0x07, 0x1F,
    0x07, 0x3F, 0x07, 0x3F, 0x07, 0x3F, 0x06, 0xDF, 0x06, 0xDF, 0x06, 0xDF, 0x06, 0xDF, 0x07, 0x1F,
    0x07, 0x5F, 0x07, 0x3F, 0x07, 0x3F, 0x06, 0xFF, 0x06, 0xDF, 0x06, 0xDF, 0x06, 0xDF, 0x06, 0xDF,
    0x06, 0xDF, 0x06, 0xDF, 0x06, 0xDF, 0x06, 0xDF, 0x06, 0xDF, 0x06, 0xDF, 0x06, 0xFF, 0x07, 0x1F,
    0x00, 0x00, 0x07, 0x3F, 0x07, 0x5F, 0x07, 0x5F, 0x07, 0x5F, 0x07, 0x3F, 0x00, 0x00, 0x00, 0x00,
    0x07, 0x5F, 0x07, 0x5F, 0x07, 0x5F, 0x07, 0x5F, 0x07, 0x3F, 0x00, 0x00, 0x00, 0x00, 0x07, 0x3F,
    0x07, 0x3F, 0x07, 0x5F, 0x07, 0x5F, 0x07, 0x5F, 0x07, 0x3F, 0x00, 0x00, 0x00, 0x00, 0x07, 0x7F,
    0x07, 0x5F, 0x07, 0x5F, 0x07, 0x5F, 0x07, 0x5F, 0x07, 0x3F, 0x00, 0x00, 0x07, 0x7F, 0x07, 0x5F,
    0x07, 0x5F, 0x07, 0x5F, 0x07, 0x5F, 0x07, 0x5F, 0x07, 0x7F, 0x00, 0x00, 0x00, 0x00, 0x00, 0x00,
    0x00, 0x00, 0x00, 0x00, 0x00, 0x00, 0x00, 0x00, 0x00, 0x00, 0x00, 0x00, 0x00, 0x00, 0x00, 0x00,
    0x00, 0x00, 0x00, 0x00, 0x00, 0x00, 0x00, 0x00, 0x00, 0x00, 0x00, 0x00, 0x00, 0x00, 0x00, 0x00,
    0x00, 0x00, 0x00, 0x00, 0x00, 0x00, 0x00, 0x00, 0x00, 0x00, 0x00, 0x00, 0x00, 0x00, 0x00, 0x00,
    0x00, 0x00, 0x00, 0x00, 0x00, 0x00, 0x00, 0x00, 0x00, 0x00, 0x00, 0x00, 0x00, 0x00, 0x00, 0x00,
    0x00, 0x00, 0x00, 0x00, 0x00, 0x00, 0x00, 0x00, 0x00, 0x00, 0x00, 0x00, 0x00, 0x00, 0x00, 0x00,
    0x00, 0x00, 0x00, 0x00, 0x00, 0x00, 0x00, 0x00, 0x00, 0x00, 0x00, 0x00, 0x00, 0x00, 0x00, 0x00,
    0x00, 0x00, 0x00, 0x00, 0x36, 0x69, 0x36, 0x6A, 0x36, 0x6A, 0x36, 0x69, 0x3E, 0x69, 0x00, 0x00,
    0x00, 0x00, 0x00, 0x00, 0x00, 0x00, 0x00, 0x00, 0xFF, 0xFF, 0xFF, 0xFF, 0xFF, 0xFF, 0xFF, 0xFF,
    0xFF, 0xFF, 0x00, 0x00, 0x00, 0x00, 0xFF, 0xFF, 0xFF, 0xFF, 0x00, 0x00, 0x00, 0x00, 0xFF, 0xFF,
    0xFF, 0xFF, 0x00, 0x00, 0x00, 0x00, 0xFF, 0xFF, 0x00, 0x00, 0x00, 0x00, 0x00, 0x00, 0x00, 0x00,
    0x00, 0x00, 0x00, 0x00, 0x00, 0x00, 0x00, 0x00, 0x00, 0x00, 0x00, 0x00, 0x00, 0x00, 0x00, 0x00,
    0x00, 0x00, 0x00, 0x00, 0x00, 0x00, 0x00, 0x00, 0x00, 0x00, 0x00, 0x00, 0x00, 0x00, 0x00, 0x00,
    0x00, 0x00, 0x00, 0x00, 0x00, 0x00, 0x00, 0x00, 0x00, 0x00, 0x00, 0x00, 0x00, 0x00, 0x00, 0x00,
    0x00, 0x00, 0x00, 0x00, 0x00, 0x00, 0x00, 0x00, 0x00, 0x00, 0x00, 0x00, 0x00, 0x00, 0x00, 0x00,
    0x00, 0x00, 0x00, 0x00, 0x00, 0x00, 0x00, 0x00, 0x00, 0x00, 0x00, 0x00, 0x00, 0x00, 0x00, 0x00,
    0x00, 0x00, 0x00, 0x00, 0x00, 0x00, 0x00, 0x00, 0x00, 0x00, 0x00, 0x00, 0x00, 0x00, 0x00, 0x00,
    0x00, 0x00, 0x00, 0x00, 0x07, 0x1F, 0x07, 0x1F, 0x06, 0xDF, 0x06, 0xDF, 0x06, 0xDF, 0x06, 0xDF,
    0x06, 0xDF, 0x06, 0xDF, 0x06, 0xDF, 0x06, 0xDF, 0x06, 0xDF, 0x06, 0xDF, 0x06, 0xDF, 0x07, 0x1F,
    0x07, 0x3F, 0x07, 0x3F, 0x07, 0x3F, 0x06, 0xDF, 0x06, 0xDF, 0x06, 0xDF, 0x06, 0xDF, 0x06, 0xDF,
    0x07, 0x3F, 0x07, 0x3F, 0x07, 0x3F, 0x07, 0x3F, 0x06, 0xDF, 0x06, 0xDF, 0x06, 0xDF, 0x06, 0xDF,
    0x06, 0xDF, 0x06, 0xDF, 0x06, 0xDF, 0x06, 0xDF, 0x06, 0xDF, 0x06, 0xDF, 0x06, 0xFF, 0x07, 0x1F,
    0x07, 0x7F, 0x07, 0x5F, 0x00, 0x00, 0x00, 0x00, 0x07, 0x7F, 0x07, 0x3F, 0x00, 0x00, 0x00, 0x00,
    0x07, 0x5F, 0x07, 0x3F, 0x00, 0x00, 0x07, 0x3F, 0x07, 0x5F, 0x06, 0x7F, 0x00, 0x00, 0x07, 0x3F,
    0x07, 0x5F, 0x00, 0x00, 0x00, 0x00, 0x07, 0x3F, 0x07, 0x5F, 0x07, 0x3F, 0x00, 0x00, 0x07, 0x7F,
    0x07, 0x5F, 0x00, 0x00, 0x00, 0x00, 0x07, 0x5F, 0x07, 0x3F, 0x00, 0x00, 0x00, 0x00, 0x00, 0x00,
    0x07, 0x3F, 0x07, 0x5F, 0x00, 0x00, 0x00, 0x00, 0x00, 0x00, 0x00, 0x00, 0x00, 0x00, 0x00, 0x00,
    0x00, 0x00, 0x00, 0x00, 0x00, 0x00, 0x00, 0x00, 0x00, 0x00, 0x00, 0x00, 0x00, 0x00, 0x00, 0x00,
    0x00, 0x00, 0x00, 0x00, 0x00, 0x00, 0x00, 0x00, 0x00, 0x00, 0x00, 0x00, 0x00, 0x00, 0x00, 0x00,
    0x00, 0x00, 0x00, 0x00, 0x00, 0x00, 0x00, 0x00, 0x00, 0x00, 0x00, 0x00, 0x00, 0x00, 0x00, 0x00,
    0x00, 0x00, 0x00, 0x00, 0x00, 0x00, 0x00, 0x00, 0x00, 0x00, 0x00, 0x00, 0x00, 0x00, 0x00, 0x00,
    0x00, 0x00, 0x00, 0x00, 0x00, 0x00, 0x00, 0x00, 0x00, 0x00, 0x00, 0x00, 0x00, 0x00, 0x00, 0x00,
    0x00, 0x00, 0x00, 0x00, 0x00, 0x00, 0x00, 0x00, 0x00, 0x00, 0x00, 0x00, 0x00, 0x00, 0x00, 0x00,
    0x00, 0x00, 0x36, 0x89, 0x36, 0x6A, 0x36, 0x6A, 0x36, 0x6A, 0x36, 0x6A, 0x36, 0x6A, 0x36, 0x88,
    0x00, 0x00, 0x00, 0x00, 0x00, 0x00, 0x00, 0x00, 0xFF, 0xFF, 0xFF, 0xFF, 0x00, 0x00, 0xFF, 0xFF,
    0xFF, 0xFF, 0x00, 0x00, 0x00, 0x00, 0xFF, 0xFF, 0xFF, 0xFF, 0x00, 0x00, 0x00, 0x00, 0xFF, 0xFF,
    0xFF, 0xFF, 0xFF, 0xFF, 0x00, 0x00, 0xFF, 0xFF, 0x00, 0x00, 0x00, 0x00, 0x00, 0x00, 0x00, 0x00,
    0x00, 0x00, 0x00, 0x00, 0x00, 0x00, 0x00, 0x00, 0x00, 0x00, 0x00, 0x00, 0x00, 0x00, 0x00, 0x00,
    0x00, 0x00, 0x00, 0x00, 0x00, 0x00, 0x00, 0x00, 0x00, 0x00, 0x00, 0x00, 0x00, 0x00, 0x00, 0x00,
    0x00, 0x00, 0x00, 0x00, 0x00, 0x00, 0x00, 0x00, 0x00, 0x00, 0x00, 0x00, 0x00, 0x00, 0x00, 0x00,
    0x00, 0x00, 0x00, 0x00, 0x00, 0x00, 0x00, 0x00, 0x00, 0x00, 0x00, 0x00, 0x00, 0x00, 0x00, 0x00,
    0x00, 0x00, 0x00, 0x00, 0x00, 0x00, 0x00, 0x00, 0x00, 0x00, 0x00, 0x00, 0x00, 0x00, 0x00, 0x00,
    0x00, 0x00, 0x00, 0x00, 0x00, 0x00, 0x00, 0x00, 0x00, 0x00, 0x00, 0x00, 0x00, 0x00, 0x00, 0x00,
    0x00, 0x00, 0x00, 0x00, 0x07, 0x1F, 0x07, 0x1F, 0x06, 0xDF, 0x06, 0xDF, 0x06, 0xDF, 0x06, 0xDF,
    0x06, 0xDF, 0x06, 0xDF, 0x06, 0xDF, 0x06, 0xDF, 0x06, 0xDF, 0x06, 0xDF, 0x06, 0xDF, 0x07, 0x1F,
    0x07, 0x3F, 0x07, 0x3F, 0x07, 0x3F, 0x06, 0xDF, 0x06, 0xDF, 0x06, 0xDF, 0x06, 0xDF, 0x06, 0xDF,
    0x07, 0x3F, 0x07, 0x3F, 0x07, 0x3F, 0x07, 0x3F, 0x06, 0xDF, 0x06, 0xDF, 0x06, 0xDF, 0x06, 0xDF,
    0x06, 0xDF, 0x06, 0xDF, 0x06, 0xDF, 0x06, 0xDF, 0x06, 0xDF, 0x06, 0xDF, 0x06, 0xFF, 0x07, 0x1F,
    0x07, 0x5F, 0x07, 0x5F, 0x07, 0x3F, 0x07, 0x3F, 0x00, 0x00, 0x00, 0x00, 0x00, 0x00, 0x00, 0x00,
    0x07, 0x5F, 0x07, 0x3F, 0x00, 0x00, 0x00, 0x00, 0x07, 0x5F, 0x06, 0x7F, 0x00, 0x00, 0x07, 0x5F,
    0x07, 0x3F, 0x00, 0x00, 0x00, 0x00, 0x00, 0x00, 0x07, 0x5F, 0x07, 0x5F, 0x00, 0x00, 0x07, 0x7F,
    0x07, 0x5F, 0x00, 0x00, 0x00, 0x00, 0x07, 0x3F, 0x07, 0x3F, 0x00, 0x00, 0x00, 0x00, 0x00, 0x00,
    0x07, 0x3F, 0x07, 0x5F, 0x00, 0x00, 0x00, 0x00, 0x00, 0x00, 0x00, 0x00, 0x00, 0x00, 0x00, 0x00,
    0x00, 0x00, 0x00, 0x00, 0x00, 0x00, 0x00, 0x00, 0x00, 0x00, 0x00, 0x00, 0x00, 0x00, 0x00, 0x00,
    0x00, 0x00, 0x00, 0x00, 0x00, 0x00, 0x00, 0x00, 0x00, 0x00, 0x00, 0x00, 0x00, 0x00, 0x00, 0x00,
    0x00, 0x00, 0x00, 0x00, 0x00, 0x00, 0x00, 0x00, 0x00, 0x00, 0x00, 0x00, 0x00, 0x00, 0x00, 0x00,
    0x00, 0x00, 0x00, 0x00, 0x00, 0x00, 0x00, 0x00, 0x00, 0x00, 0x00, 0x00, 0x00, 0x00, 0x00, 0x00,
    0x00, 0x00, 0x00, 0x00, 0x00, 0x00, 0x00, 0x00, 0x00, 0x00, 0x00, 0x00, 0x00, 0x00, 0x00, 0x00,
    0x00, 0x00, 0x00, 0x00, 0x00, 0x00, 0x00, 0x00, 0x00, 0x00, 0x00, 0x00, 0x00, 0x00, 0x00, 0x00,
    0x00, 0x00, 0x36, 0x6A, 0x36, 0x6A, 0x36, 0x6A, 0x36, 0x6A, 0x36, 0x6A, 0x36, 0x6A, 0x36, 0x69,
    0x00, 0x00, 0x00, 0x00, 0x00, 0x00, 0x00, 0x00, 0xFF, 0xFF, 0x00, 0x00, 0x00, 0x00, 0x00, 0x00,
    0x00, 0x00, 0x00, 0x00, 0xFF, 0xFF, 0xFF, 0xFF, 0xFF, 0xFF, 0xFF, 0xFF, 0x00, 0x00, 0xFF, 0xFF,
    0xFF, 0xFF, 0xFF, 0xFF, 0x00, 0x00, 0xFF, 0xFF, 0x00, 0x00, 0x00, 0x00, 0x00, 0x00, 0x00, 0x00,
    0x00, 0x00, 0x00, 0x00, 0x00, 0x00, 0x00, 0x00, 0x00, 0x00, 0x00, 0x00, 0x00, 0x00, 0x00, 0x00,
    0x00, 0x00, 0x00, 0x00, 0x00, 0x00, 0x00, 0x00, 0x00, 0x00, 0x00, 0x00, 0x00, 0x00, 0x00, 0x00,
    0x00, 0x00, 0x00, 0x00, 0x00, 0x00, 0x00, 0x00, 0x00, 0x00, 0x00, 0x00, 0x00, 0x00, 0x00, 0x00,
    0x00, 0x00, 0x00, 0x00, 0x00, 0x00, 0x00, 0x00, 0x00, 0x00, 0x00, 0x00, 0x00, 0x00, 0x00, 0x00,
    0x00, 0x00, 0x00, 0x00, 0x00, 0x00, 0x00, 0x00, 0x00, 0x00, 0x00, 0x00, 0x00, 0x00, 0x00, 0x00,
    0x00, 0x00, 0x00, 0x00, 0x00, 0x00, 0x00, 0x00, 0x00, 0x00, 0x00, 0x00, 0x00, 0x00, 0x00, 0x00,
    0x00, 0x00, 0x00, 0x00, 0x07, 0x1F, 0x07, 0x1F, 0x06, 0xDF, 0x06, 0xDF, 0x06, 0xDF, 0x06, 0xDF,
    0x06, 0xDF, 0x06, 0xDF, 0x06, 0xDF, 0x06, 0xDF, 0x06, 0xDF, 0x06, 0xDF, 0x06, 0xDF, 0x07, 0x1F,
    0x07, 0x3F, 0x07, 0x3F, 0x07, 0x3F, 0x06, 0xDF, 0x06, 0xDF, 0x06, 0xDF, 0x06, 0xDF, 0x06, 0xDF,
    0x07, 0x3F, 0x07, 0x3F, 0x07, 0x3F, 0x07, 0x3F, 0x06, 0xDF, 0x06, 0xDF, 0x06, 0xDF, 0x06, 0xDF,
    0x06, 0xDF, 0x06, 0xDF, 0x06, 0xDF, 0x06, 0xDF, 0x06, 0xDF, 0x06, 0xDF, 0x06, 0xFF, 0x07, 0x1F,
    0x00, 0x00, 0x07, 0x3F, 0x07, 0x3F, 0x07, 0x5F, 0x07, 0x3F, 0x07, 0x3F, 0x00, 0x00, 0x00, 0x00,
    0x07, 0x5F, 0x07, 0x3F, 0x07, 0x5F, 0x07, 0x5F, 0x07, 0x5F, 0x00, 0x00, 0x00, 0x00, 0x07, 0x5F,
    0x07, 0x3F, 0x00, 0x00, 0x00, 0x00, 0x00, 0x00, 0x07, 0x5F, 0x07, 0x5F, 0x00, 0x00, 0x07, 0x7F,
    0x07, 0x5F, 0x07, 0x5F, 0x07, 0x5F, 0x07, 0x5F, 0x07, 0x3F, 0x00, 0x00, 0x00, 0x00, 0x00, 0x00,
    0x07, 0x3F, 0x07, 0x5F, 0x00, 0x00, 0x00, 0x00, 0x00, 0x00, 0x00, 0x00, 0x00, 0x00, 0x00, 0x00,
    0x00, 0x00, 0x00, 0x00, 0x00, 0x00, 0x00, 0x00, 0x00, 0x00, 0x00, 0x00, 0x00, 0x00, 0x00, 0x00,
    0x00, 0x00, 0x00, 0x00, 0x00, 0x00, 0x00, 0x00, 0x00, 0x00, 0x00, 0x00, 0x00, 0x00, 0x00, 0x00,
    0x00, 0x00, 0x00, 0x00, 0x00, 0x00, 0x00, 0x00, 0x00, 0x00, 0x00, 0x00, 0x00, 0x00, 0x00, 0x00,
    0x00, 0x00, 0x00, 0x00, 0x00, 0x00, 0x00, 0x00, 0x00, 0x00, 0x00, 0x00, 0x00, 0x00, 0x00, 0x00,
    0x00, 0x00, 0x00, 0x00, 0x00, 0x00, 0x00, 0x00, 0x00, 0x00, 0x00, 0x00, 0x00, 0x00, 0x00, 0x00,
    0x00, 0x00, 0x00, 0x00, 0x00, 0x00, 0x00, 0x00, 0x00, 0x00, 0x00, 0x00, 0x00, 0x00, 0x00, 0x00,
    0x00, 0x00, 0x36, 0x6A, 0x36, 0x6A, 0x36, 0x6A, 0x36, 0x6A, 0x36, 0x6A, 0x36, 0x6A, 0x36, 0x69,
    0x00, 0x00, 0x00, 0x00, 0x00, 0x00, 0x00, 0x00, 0xFF, 0xFF, 0x00, 0x00, 0x00, 0x00, 0x00, 0x00,
    0x00, 0x00, 0x00, 0x00, 0xFF, 0xFF, 0xFF, 0xFF, 0xFF, 0xFF, 0xFF, 0xFF, 0x00, 0x00, 0xFF, 0xFF,
    0xFF, 0xFF, 0xFF, 0xFF, 0xFF, 0xFF, 0xFF, 0xFF, 0x00, 0x00, 0x00, 0x00, 0x00, 0x00, 0x00, 0x00,
    0x00, 0x00, 0x00, 0x00, 0x00, 0x00, 0x00, 0x00, 0x00, 0x00, 0x00, 0x00, 0x00, 0x00, 0x00, 0x00,
    0x00, 0x00, 0x00, 0x00, 0x00, 0x00, 0x00, 0x00, 0x00, 0x00, 0x00, 0x00, 0x00, 0x00, 0x00, 0x00,
    0x00, 0x00, 0x00, 0x00, 0x00, 0x00, 0x00, 0x00, 0x00, 0x00, 0x00, 0x00, 0x00, 0x00, 0x00, 0x00,
    0x00, 0x00, 0x00, 0x00, 0x00, 0x00, 0x00, 0x00, 0x00, 0x00, 0x00, 0x00, 0x00, 0x00, 0x00, 0x00,
    0x00, 0x00, 0x00, 0x00, 0x00, 0x00, 0x00, 0x00, 0x00, 0x00, 0x00, 0x00, 0x00, 0x00, 0x00, 0x00,
    0x00, 0x00, 0x00, 0x00, 0x00, 0x00, 0x00, 0x00, 0x00, 0x00, 0x00, 0x00, 0x00, 0x00, 0x00, 0x00,
    0x00, 0x00, 0x00, 0x00, 0x07, 0x1F, 0x07, 0x1F, 0x06, 0xDF, 0x06, 0xDF, 0x06, 0xDF, 0x06, 0xDF,
    0x06, 0xDF, 0x06, 0xDF, 0x06, 0xDF, 0x06, 0xDF, 0x06, 0xDF, 0x06, 0xDF, 0x06, 0xDF, 0x07, 0x1F,
    0x07, 0x3F, 0x07, 0x3F, 0x07, 0x3F, 0x06, 0xDF, 0x06, 0xDF, 0x06, 0xDF, 0x06, 0xDF, 0x06, 0xDF,
    0x07, 0x3F, 0x07, 0x3F, 0x07, 0x3F, 0x07, 0x3F, 0x06, 0xDF, 0x06, 0xDF, 0x06, 0xDF, 0x06, 0xDF,
    0x06, 0xDF, 0x06, 0xDF, 0x06, 0xDF, 0x06, 0xDF, 0x06, 0xDF, 0x06, 0xDF, 0x06, 0xFF, 0x07, 0x1F,
    0x00, 0x00, 0x00, 0x00, 0x00, 0x00, 0x00, 0x00, 0x07, 0x3F, 0x07, 0x5F, 0x00, 0x00, 0x00, 0x00,
    0x07, 0x5F, 0x07, 0x3F, 0x07, 0x5F, 0x07, 0x3F, 0x00, 0x00, 0x00, 0x00, 0x00, 0x00, 0x07, 0x5F,
    0x07, 0x3F, 0x00, 0x00, 0x00, 0x00, 0x00, 0x00, 0x07, 0x5F, 0x07, 0x5F, 0x00, 0x00, 0x07, 0x7F,
    0x07, 0x5F, 0x07, 0x7F, 0x07, 0x3F, 0x07, 0x3F, 0x00, 0x00, 0x00, 0x00, 0x00, 0x00, 0x00, 0x00,
    0x07, 0x3F, 0x07, 0x5F, 0x00, 0x00, 0x00, 0x00, 0x00, 0x00, 0x00, 0x00, 0x00, 0x00, 0x00, 0x00,
    0x00, 0x00, 0x00, 0x00, 0x00, 0x00, 0x00, 0x00, 0x00, 0x00, 0x00, 0x00, 0x00, 0x00, 0x00, 0x00,
    0x00, 0x00, 0x00, 0x00, 0x00, 0x00, 0x00, 0x00, 0x00, 0x00, 0x00, 0x00, 0x00, 0x00, 0x00, 0x00,
    0x00, 0x00, 0x00, 0x00, 0x00, 0x00, 0x00, 0x00, 0x00, 0x00, 0x00, 0x00, 0x00, 0x00, 0x00, 0x00,
    0x00, 0x00, 0x00, 0x00, 0x00, 0x00, 0x00, 0x00, 0x00, 0x00, 0x00, 0x00, 0x00, 0x00, 0x00, 0x00,
    0x00, 0x00, 0x00, 0x00, 0x00, 0x00, 0x00, 0x00, 0x00, 0x00, 0x00, 0x00, 0x00, 0x00, 0x00, 0x00,
    0x00, 0x00, 0x00, 0x00, 0x00, 0x00, 0x00, 0x00, 0x00, 0x00, 0x00, 0x00, 0x00, 0x00, 0x00, 0x00,
    0x00, 0x00, 0x36, 0x8A, 0x36, 0x6A, 0x36, 0x6A, 0x36, 0x6A, 0x36, 0x6A, 0x36, 0x6A, 0x3E, 0x4A,
    0x00, 0x00, 0x00, 0x00, 0x00, 0x00, 0x00, 0x00, 0xFF, 0xFF, 0xFF, 0xFF, 0x00, 0x00, 0xFF, 0xFF,
    0xFF, 0xFF, 0x00, 0x00, 0xFF, 0xFF, 0xFF, 0xFF, 0xFF, 0xFF, 0xFF, 0xFF, 0xFF, 0xFF, 0xFF, 0xFF,
    0xFF, 0xFF, 0x00, 0x00, 0xFF, 0xFF, 0xFF, 0xFF, 0x00, 0x00, 0x00, 0x00, 0x00, 0x00, 0x00, 0x00,
    0x00, 0x00, 0x00, 0x00, 0x00, 0x00, 0x00, 0x00, 0x00, 0x00, 0x00, 0x00, 0x00, 0x00, 0x00, 0x00,
    0x00, 0x00, 0x00, 0x00, 0x00, 0x00, 0x00, 0x00, 0x00, 0x00, 0x00, 0x00, 0x00, 0x00, 0x00, 0x00,
    0x00, 0x00, 0x00, 0x00, 0x00, 0x00, 0x00, 0x00, 0x00, 0x00, 0x00, 0x00, 0x00, 0x00, 0x00, 0x00,
    0x00, 0x00, 0x00, 0x00, 0x00, 0x00, 0x00, 0x00, 0x00, 0x00, 0x00, 0x00, 0x00, 0x00, 0x00, 0x00,
    0x00, 0x00, 0x00, 0x00, 0x00, 0x00, 0x00, 0x00, 0x00, 0x00, 0x00, 0x00, 0x00, 0x00, 0x00, 0x00,
    0x00, 0x00, 0x00, 0x00, 0x00, 0x00, 0x00, 0x00, 0x00, 0x00, 0x00, 0x00, 0x00, 0x00, 0x00, 0x00,
    0x00, 0x00, 0x00, 0x00, 0x07, 0x1F, 0x07, 0x1F, 0x06, 0xDF, 0x06, 0xDF, 0x06, 0xDF, 0x06, 0xDF,
    0x06, 0xDF, 0x06, 0xDF, 0x06, 0xDF, 0x06, 0xDF, 0x06, 0xDF, 0x06, 0xDF, 0x06, 0xDF, 0x07, 0x1F,
    0x07, 0x3F, 0x07, 0x3F, 0x07, 0x3F, 0x06, 0xDF, 0x06, 0xDF, 0x06, 0xDF, 0x06, 0xDF, 0x06, 0xDF,
    0x07, 0x3F, 0x07, 0x3F, 0x07, 0x3F, 0x07, 0x3F, 0x06, 0xDF, 0x06, 0xDF, 0x06, 0xDF, 0x06, 0xDF,
    0x06, 0xDF, 0x06, 0xDF, 0x06, 0xDF, 0x06, 0xDF, 0x06, 0xDF, 0x06, 0xDF, 0x06, 0xFF, 0x07, 0x1F,
    0x07, 0x5F, 0x07, 0x3F, 0x00, 0x00, 0x00, 0x00, 0x07, 0x5F, 0x07, 0x5F, 0x00, 0x00, 0x00, 0x00,
    0x07, 0x5F, 0x07, 0x3F, 0x00, 0x00, 0x00, 0x00, 0x00, 0x00, 0x00, 0x00, 0x00, 0x00, 0x07, 0x5F,
    0x07, 0x3F, 0x07, 0x3F, 0x00, 0x00, 0x07, 0x3F, 0x07, 0x5F, 0x07, 0x3F, 0x00, 0x00, 0x07, 0x7F,
    0x07, 0x5F, 0x00, 0x00, 0x07, 0x5F, 0x07, 0x5F, 0x07, 0x3F, 0x00, 0x00, 0x00, 0x00, 0x00, 0x00,
    0x07, 0x3F, 0x07, 0x5F, 0x00, 0x00, 0x00, 0x00, 0x00, 0x00, 0x00, 0x00, 0x00, 0x00, 0x00, 0x00,
    0x00, 0x00, 0x00, 0x00, 0x00, 0x00, 0x00, 0x00, 0x00, 0x00, 0x00, 0x00, 0x00, 0x00, 0x00, 0x00,
    0x00, 0x00, 0x00, 0x00, 0x00, 0x00, 0x00, 0x00, 0x00, 0x00, 0x00, 0x00, 0x00, 0x00, 0x00, 0x00,
    0x00, 0x00, 0x00, 0x00, 0x00, 0x00, 0x00, 0x00, 0x00, 0x00, 0x00, 0x00, 0x00, 0x00, 0x00, 0x00,
    0x00, 0x00, 0x00, 0x00, 0x00, 0x00, 0x00, 0x00, 0x00, 0x00, 0x00, 0x00, 0x00, 0x00, 0x00, 0x00,
    0x00, 0x00, 0x00, 0x00, 0x00, 0x00, 0x00, 0x00, 0x00, 0x00, 0x00, 0x00, 0x00, 0x00, 0x00, 0x00,
    0x00, 0x00, 0x00, 0x00, 0x00, 0x00, 0x00, 0x00, 0x00, 0x00, 0x00, 0x00, 0x00, 0x00, 0x00, 0x00,
    0x00, 0x00, 0x00, 0x00, 0x3E, 0x6A, 0x36, 0x6A, 0x36, 0x6A, 0x36, 0x6A, 0x3E, 0x6A, 0x00, 0x00,
    0x00, 0x00, 0x00, 0x00, 0x00, 0x00, 0x00, 0x00, 0xFF, 0xFF, 0xFF, 0xFF, 0xFF, 0xFF, 0xFF, 0xFF,
    0xFF, 0xFF, 0xFF, 0xFF, 0xFF, 0xFF, 0x00, 0x00, 0x00, 0x00, 0xFF, 0xFF, 0xFF, 0xFF, 0xFF, 0xFF,
    0xFF, 0xFF, 0x00, 0x00, 0xFF, 0xFF, 0xFF, 0xFF, 0x00, 0x00, 0x00, 0x00, 0x00, 0x00, 0x00, 0x00,
    0x00, 0x00, 0x00, 0x00, 0x00, 0x00, 0x00, 0x00, 0x00, 0x00, 0x00, 0x00, 0x00, 0x00, 0x00, 0x00,
    0x00, 0x00, 0x00, 0x00, 0x00, 0x00, 0x00, 0x00, 0x00, 0x00, 0x00, 0x00, 0x00, 0x00, 0x00, 0x00,
    0x00, 0x00, 0x00, 0x00, 0x00, 0x00, 0x00, 0x00, 0x00, 0x00, 0x00, 0x00, 0x00, 0x00, 0x00, 0x00,
    0x00, 0x00, 0x00, 0x00, 0x00, 0x00, 0x00, 0x00, 0x00, 0x00, 0x00, 0x00, 0x00, 0x00, 0x00, 0x00,
    0x00, 0x00, 0x00, 0x00, 0x00, 0x00, 0x00, 0x00, 0x00, 0x00, 0x00, 0x00, 0x00, 0x00, 0x00, 0x00,
    0x00, 0x00, 0x00, 0x00, 0x00, 0x00, 0x00, 0x00, 0x00, 0x00, 0x00, 0x00, 0x00, 0x00, 0x00, 0x00,
    0x00, 0x00, 0x00, 0x00, 0x07, 0x1F, 0x07, 0x1F, 0x06, 0xDF, 0x06, 0xDF, 0x06, 0xDF, 0x06, 0xDF,
    0x06, 0xDF, 0x06, 0xDF, 0x06, 0xDF, 0x06, 0xDF, 0x06, 0xDF, 0x06, 0xDF, 0x06, 0xDF, 0x07, 0x1F,
    0x07, 0x3F, 0x07, 0x3F, 0x07, 0x3F, 0x06, 0xDF, 0x06, 0xDF, 0x06, 0xDF, 0x06, 0xDF, 0x07, 0x1F,
    0x07, 0x3F, 0x07, 0x3F, 0x07, 0x3F, 0x06, 0xFF, 0x06, 0xDF, 0x06, 0xDF, 0x06, 0xDF, 0x06, 0xDF,
    0x06, 0xDF, 0x06, 0xDF, 0x06, 0xDF, 0x06, 0xDF, 0x06, 0xDF, 0x06, 0xDF, 0x06, 0xFF, 0x07, 0x1F,
    0x07, 0x5F, 0x07, 0x3F, 0x07, 0x5F, 0x07, 0x5F, 0x07, 0x5F, 0x07, 0x7F, 0x00, 0x00, 0x00, 0x00,
    0x07, 0x5F, 0x07, 0x3F, 0x00, 0x00, 0x00, 0x00, 0x00, 0x00, 0x00, 0x00, 0x00, 0x00, 0x00, 0x00,
    0x07, 0x3F, 0x07, 0x5F, 0x07, 0x5F, 0x07, 0x5F, 0x07, 0x7F, 0x00, 0x00, 0x00, 0x00, 0x07, 0x7F,
    0x07, 0x5F, 0x00, 0x00, 0x00, 0x00, 0x07, 0x3F, 0x07, 0x3F, 0x00, 0x00, 0x00, 0x00, 0x00, 0x00,
    0x07, 0x3F, 0x07, 0x5F, 0x00, 0x00, 0x00, 0x00, 0x00, 0x00, 0x00, 0x00, 0x00, 0x00, 0x00, 0x00,
    0x00, 0x00, 0x00, 0x00, 0x00, 0x00, 0x00, 0x00, 0x00, 0x00, 0x00, 0x00, 0x00, 0x00, 0x00, 0x00,
    0x00, 0x00, 0x00, 0x00, 0x00, 0x00, 0x00, 0x00, 0x00, 0x00, 0x00, 0x00, 0x00, 0x00, 0x00, 0x00,
    0x00, 0x00, 0x00, 0x00, 0x00, 0x00, 0x00, 0x00, 0x00, 0x00, 0x00, 0x00, 0x00, 0x00, 0x00, 0x00,
    0x00, 0x00, 0x00, 0x00, 0x00, 0x00, 0x00, 0x00, 0x00, 0x00, 0x00, 0x00, 0x00, 0x00, 0x00, 0x00,
    0x00, 0x00, 0x00, 0x00, 0x00, 0x00, 0x00, 0x00, 0x00, 0x00, 0x00, 0x00, 0x00, 0x00, 0x00, 0x00,
    0x00, 0x00, 0x00, 0x00, 0x00, 0x00, 0x00, 0x00, 0x00, 0x00, 0x00, 0x00, 0x00, 0x00, 0x00, 0x00,
    0x00, 0x00, 0x00, 0x00, 0x00, 0x00, 0x00, 0x00, 0x00, 0x00, 0x00, 0x00, 0x00, 0x00, 0x00, 0x00,
    0x00, 0x00, 0x00, 0x00, 0x00, 0x00, 0x00, 0x00, 0x00, 0x00, 0x00, 0x00, 0xFF, 0xFF, 0x00, 0x00,
    0x00, 0x00, 0x00, 0x00, 0x00, 0x00, 0x00, 0x00, 0x00, 0x00, 0x00, 0x00, 0x00, 0x00, 0x00, 0x00,
    0x00, 0x00, 0x00, 0x00, 0x00, 0x00, 0x00, 0x00, 0x00, 0x00, 0x00, 0x00, 0x00, 0x00, 0x00, 0x00,
    0x00, 0x00, 0x00, 0x00, 0x00, 0x00, 0x00, 0x00, 0x00, 0x00, 0x00, 0x00, 0x00, 0x00, 0x00, 0x00,
    0x00, 0x00, 0x00, 0x00, 0x00, 0x00, 0x00, 0x00, 0x00, 0x00, 0x00, 0x00, 0x00, 0x00, 0x00, 0x00,
    0x00, 0x00, 0x00, 0x00, 0x00, 0x00, 0x00, 0x00, 0x00, 0x00, 0x00, 0x00, 0x00, 0x00, 0x00, 0x00,
    0x00, 0x00, 0x00, 0x00, 0x00, 0x00, 0x00, 0x00, 0x00, 0x00, 0x00, 0x00, 0x00, 0x00, 0x00, 0x00,
    0x00, 0x00, 0x00, 0x00, 0x00, 0x00, 0x00, 0x00, 0x00, 0x00, 0x00, 0x00, 0x00, 0x00, 0x00, 0x00,
    0x00, 0x00, 0x00, 0x00, 0x00, 0x00, 0x00, 0x00, 0x00, 0x00, 0x00, 0x00, 0x00, 0x00, 0x00, 0x00,
    0x00, 0x00, 0x00, 0x00, 0x07, 0x1F, 0x07, 0x1F, 0x06, 0xDF, 0x06, 0xDF, 0x06, 0xDF, 0x06, 0xDF,
    0x06, 0xDF, 0x06, 0xDF, 0x06, 0xDF, 0x06, 0xDF, 0x06, 0xDF, 0x06, 0xDF, 0x06, 0xDF, 0x07, 0x1F,
    0x07, 0x3F, 0x07, 0x3F, 0x07, 0x3F, 0x07, 0x3F, 0x07, 0x3F, 0x07, 0x3F, 0x07, 0x3F, 0x07, 0x3F,
    0x07, 0x3F, 0x07, 0x3F, 0x07, 0x3F, 0x06, 0xDF, 0x06, 0xDF, 0x06, 0xDF, 0x06, 0xDF, 0x06, 0xDF,
    0x06, 0xDF, 0x06, 0xDF, 0x06, 0xDF, 0x06, 0xDF, 0x06, 0xDF, 0x06, 0xDF, 0x06, 0xFF, 0x07, 0x1F,
    0x00, 0x00, 0x00, 0x00, 0x06, 0x7F, 0x07, 0x3F, 0x00, 0x00, 0x00, 0x00, 0x00, 0x00, 0x00, 0x00,
    0x00, 0x00, 0x00, 0x00, 0x00, 0x00, 0x00, 0x00, 0x00, 0x00, 0x00, 0x00, 0x00, 0x00, 0x00, 0x00,
    0x00, 0x00, 0x00, 0x00, 0x07, 0x3F, 0x00, 0x00, 0x00, 0x00, 0x00, 0x00, 0x00, 0x00, 0x00, 0x00,
    0x00, 0x00, 0x00, 0x00, 0x00, 0x00, 0x00, 0x00, 0x00, 0x00, 0x00, 0x00, 0x00, 0x00, 0x00, 0x00,
    0x00, 0x00, 0x00, 0x00, 0x00, 0x00, 0x00, 0x00, 0x00, 0x00, 0x00, 0x00, 0x00, 0x00, 0x00, 0x00,
    0x00, 0x00, 0x00, 0x00, 0x00, 0x00, 0x00, 0x00, 0x00, 0x00, 0x00, 0x00, 0x00, 0x00, 0x00, 0x00,
    0x00, 0x00, 0x00, 0x00, 0x00, 0x00, 0x00, 0x00, 0x00, 0x00, 0x00, 0x00, 0x00, 0x00, 0x00, 0x00,
    0x00, 0x00, 0x00, 0x00, 0x00, 0x00, 0x00, 0x00, 0x00, 0x00, 0x00, 0x00, 0x00, 0x00, 0x00, 0x00,
    0x00, 0x00, 0x00, 0x00, 0x00, 0x00, 0x00, 0x00, 0x00, 0x00, 0x00, 0x00, 0x00, 0x00, 0x00, 0x00,
    0x00, 0x00, 0x00, 0x00, 0x00, 0x00, 0x00, 0x00, 0x00, 0x00, 0x00, 0x00, 0x00, 0x00, 0x00, 0x00,
    0x00, 0x00, 0x00, 0x00, 0x00, 0x00, 0x00, 0x00, 0x00, 0x00, 0x00, 0x00, 0x00, 0x00, 0x00, 0x00,
    0x00, 0x00, 0x00, 0x00, 0x00, 0x00, 0x00, 0x00, 0x00, 0x00, 0x00, 0x00, 0x00, 0x00, 0x00, 0x00,
    0x00, 0x00, 0x00, 0x00, 0x00, 0x00, 0x00, 0x00, 0x00, 0x00, 0x00, 0x00, 0x00, 0x00, 0x00, 0x00,
    0x00, 0x00, 0x00, 0x00, 0x00, 0x00, 0x00, 0x00, 0x00, 0x00, 0x00, 0x00, 0x00, 0x00, 0x00, 0x00,
    0x00, 0x00, 0x00, 0x00, 0x00, 0x00, 0x00, 0x00, 0x00, 0x00, 0x00, 0x00, 0x00, 0x00, 0x00, 0x00,
    0x00, 0x00, 0x00, 0x00, 0x00, 0x00, 0x00, 0x00, 0x00, 0x00, 0x00, 0x00, 0x00, 0x00, 0x00, 0x00,
    0x00, 0x00, 0x00, 0x00, 0x00, 0x00, 0x00, 0x00, 0x00, 0x00, 0x00, 0x00, 0x00, 0x00, 0x00, 0x00,
    0x00, 0x00, 0x00, 0x00, 0x00, 0x00, 0x00, 0x00, 0x00, 0x00, 0x00, 0x00, 0x00, 0x00, 0x00, 0x00,
    0x00, 0x00, 0x00, 0x00, 0x00, 0x00, 0x00, 0x00, 0x00, 0x00, 0x00, 0x00, 0x00, 0x00, 0x00, 0x00,
    0x00, 0x00, 0x00, 0x00, 0x00, 0x00, 0x00, 0x00, 0x00, 0x00, 0x00, 0x00, 0x00, 0x00, 0x00, 0x00,
    0x00, 0x00, 0x00, 0x00, 0x00, 0x00, 0x00, 0x00, 0x00, 0x00, 0x00, 0x00, 0x00, 0x00, 0x00, 0x00,
    0x00, 0x00, 0x00, 0x00, 0x07, 0x1F, 0x07, 0x1F, 0x06, 0xDF, 0x06, 0xDF, 0x06, 0xDF, 0x06, 0xDF,
    0x06, 0xDF, 0x06, 0xDF, 0x06, 0xDF, 0x06, 0xDF, 0x06, 0xDF, 0x06, 0xDF, 0x06, 0xDF, 0x07, 0x1F,
    0x07, 0x3F, 0x07, 0x3F, 0x07, 0x3F, 0x07, 0x3F, 0x07, 0x3F, 0x07, 0x3F, 0x07, 0x3F, 0x07, 0x3F,
    0x07, 0x3F, 0x07, 0x3F, 0x06, 0xDF, 0x06, 0xDF, 0x06, 0xDF, 0x06, 0xDF, 0x06, 0xDF, 0x06, 0xDF,
    0x06, 0xDF, 0x06, 0xDF, 0x06, 0xDF, 0x06, 0xDF, 0x06, 0xDF, 0x06, 0xDF, 0x06, 0xFF, 0x07, 0x1F,
    0x00, 0x00, 0x00, 0x00, 0x00, 0x00, 0x00, 0x00, 0x00, 0x00, 0x00, 0x00, 0x00, 0x00, 0x00, 0x00,
    0x00, 0x00, 0x00, 0x00, 0x00, 0x00, 0x00, 0x00, 0x00, 0x00, 0x00, 0x00, 0x00, 0x00, 0x00, 0x00,
    0x00, 0x00, 0x00, 0x00, 0x00, 0x00, 0x00, 0x00, 0x00, 0x00, 0x00, 0x00, 0x00, 0x00, 0x00, 0x00,
    0x00, 0x00, 0x00, 0x00, 0x00, 0x00, 0x00, 0x00, 0x00, 0x00, 0x00, 0x00, 0x00, 0x00, 0x00, 0x00,
    0x00, 0x00, 0x00, 0x00, 0x00, 0x00, 0x00, 0x00, 0x00, 0x00, 0x00, 0x00, 0x00, 0x00, 0x00, 0x00,
    0x00, 0x00, 0x00, 0x00, 0x00, 0x00, 0x00, 0x00, 0x00, 0x00, 0x00, 0x00, 0x00, 0x00, 0x00, 0x00,
    0x00, 0x00, 0x00, 0x00, 0x00, 0x00, 0x00, 0x00, 0x00, 0x00, 0x00, 0x00, 0x00, 0x00, 0x00, 0x00,
    0x00, 0x00, 0x00, 0x00, 0x00, 0x00, 0x00, 0x00, 0x00, 0x00, 0x00, 0x00, 0x00, 0x00, 0x00, 0x00,
    0x00, 0x00, 0x00, 0x00, 0x00, 0x00, 0x00, 0x00, 0x00, 0x00, 0x00, 0x00, 0x00, 0x00, 0x00, 0x00,
    0x00, 0x00, 0x00, 0x00, 0x00, 0x00, 0x00, 0x00, 0x00, 0x00, 0x00, 0x00, 0x00, 0x00, 0x00, 0x00,
    0x00, 0x00, 0x00, 0x00, 0x00, 0x00, 0x00, 0x00, 0x00, 0x00, 0x00, 0x00, 0x00, 0x00, 0x00, 0x00,
    0x00, 0x00, 0x00, 0x00, 0x00, 0x00, 0x00, 0x00, 0x00, 0x00, 0x00, 0x00, 0x00, 0x00, 0x00, 0x00,
    0x00, 0x00, 0x00, 0x00, 0x00, 0x00, 0x00, 0x00, 0x00, 0x00, 0x00, 0x00, 0x00, 0x00, 0x00, 0x00,
    0x00, 0x00, 0x00, 0x00, 0x00, 0x00, 0x00, 0x00, 0x00, 0x00, 0x00, 0x00, 0x00, 0x00, 0x00, 0x00,
    0x00, 0x00, 0x00, 0x00, 0x00, 0x00, 0x00, 0x00, 0x00, 0x00, 0x00, 0x00, 0x00, 0x00, 0x00, 0x00,
    0x00, 0x00, 0x00, 0x00, 0x00, 0x00, 0x00, 0x00, 0x00, 0x00, 0x00, 0x00, 0x00, 0x00, 0x00, 0x00,
    0x00, 0x00, 0x00, 0x00, 0x00, 0x00, 0x00, 0x00, 0x00, 0x00, 0x00, 0x00, 0x00, 0x00, 0x00, 0x00,
    0x00, 0x00, 0x00, 0x00, 0x00, 0x00, 0x00, 0x00, 0x00, 0x00, 0x00, 0x00, 0x00, 0x00, 0x00, 0x00,
    0x00, 0x00, 0x00, 0x00, 0x00, 0x00, 0x00, 0x00, 0x00, 0x00, 0x00, 0x00, 0x00, 0x00, 0x00, 0x00,
    0x00, 0x00, 0x00, 0x00, 0x00, 0x00, 0x00, 0x00, 0x00, 0x00, 0x00, 0x00, 0x00, 0x00, 0x00, 0x00,
    0x00, 0x00, 0x00, 0x00, 0x00, 0x00, 0x00, 0x00, 0x00, 0x00, 0x00, 0x00, 0x00, 0x00, 0x00, 0x00,
    0x00, 0x00, 0x00, 0x00, 0x07, 0x1F, 0x07, 0x1F, 0x06, 0xDF, 0x06, 0xDF, 0x06, 0xDF, 0x06, 0xDF,
    0x06, 0xDF, 0x06, 0xDF, 0x06, 0xDF, 0x06, 0xDF, 0x06, 0xDF, 0x06, 0xDF, 0x06, 0xDF, 0x07, 0x1F,
    0x07, 0x3F, 0x07, 0x3F, 0x07, 0x3F, 0x07, 0x3F, 0x07, 0x3F, 0x07, 0x3F, 0x07, 0x3F, 0x07, 0x5F,
    0x07, 0x3F, 0x06, 0xDF, 0x06, 0xDF, 0x06, 0xDF, 0x06, 0xDF, 0x06, 0xDF, 0x06, 0xDF, 0x06, 0xDF,
    0x06, 0xDF, 0x06, 0xDF, 0x06, 0xDF, 0x06, 0xDF, 0x06, 0xDF, 0x06, 0xDF, 0x06, 0xFF, 0x07, 0x1F,
    0x00, 0x00, 0x00, 0x00, 0x00, 0x00, 0x00, 0x00, 0x00, 0x00, 0x00, 0x00, 0x00, 0x00, 0x00, 0x00,
    0x00, 0x00, 0x00, 0x00, 0x00, 0x00, 0x00, 0x00, 0x00, 0x00, 0x00, 0x00, 0x00, 0x00, 0x00, 0x00,
    0x00, 0x00, 0x00, 0x00, 0x00, 0x00, 0x00, 0x00, 0x00, 0x00, 0x00, 0x00, 0x00, 0x00, 0x00, 0x00,
    0x00, 0x00, 0x00, 0x00, 0x00, 0x00, 0x00, 0x00, 0x00, 0x00, 0x00, 0x00, 0x00, 0x00, 0x00, 0x00,
    0x00, 0x00, 0x00, 0x00, 0x00, 0x00, 0x00, 0x00, 0x00, 0x00, 0x00, 0x00, 0x00, 0x00, 0x00, 0x00,
    0x00, 0x00, 0x00, 0x00, 0x00, 0x00, 0x00, 0x00, 0x00, 0x00, 0x00, 0x00, 0x00, 0x00, 0x00, 0x00,
    0x00, 0x00, 0x00, 0x00, 0x00, 0x00, 0x00, 0x00, 0x00, 0x00, 0x00, 0x00, 0x00, 0x00, 0x00, 0x00,
    0x00, 0x00, 0x00, 0x00, 0x00, 0x00, 0x00, 0x00, 0x00, 0x00, 0x00, 0x00, 0x00, 0x00, 0x00, 0x00,
    0x00, 0x00, 0x00, 0x00, 0x00, 0x00, 0x00, 0x00, 0x00, 0x00, 0x00, 0x00, 0x00, 0x00, 0x00, 0x00,
    0x00, 0x00, 0x00, 0x00, 0x00, 0x00, 0x00, 0x00, 0x00, 0x00, 0x00, 0x00, 0x00, 0x00, 0x00, 0x00,
    0x00, 0x00, 0x00, 0x00, 0x00, 0x00, 0x00, 0x00, 0x00, 0x00, 0x00, 0x00, 0x00, 0x00, 0x00, 0x00,
    0x00, 0x00, 0x00, 0x00, 0x00, 0x00, 0x00, 0x00, 0x00, 0x00, 0x00, 0x00, 0x00, 0x00, 0x00, 0x00,
    0x00, 0x00, 0x00, 0x00, 0x00, 0x00, 0x00, 0x00, 0x00, 0x00, 0x00, 0x00, 0x00, 0x00, 0x00, 0x00,
    0x00, 0x00, 0x00, 0x00, 0x00, 0x00, 0x00, 0x00, 0x00, 0x00, 0x00, 0x00, 0x00, 0x00, 0x00, 0x00,
    0x00, 0x00, 0x00, 0x00, 0x00, 0x00, 0x00, 0x00, 0x00, 0x00, 0x00, 0x00, 0x00, 0x00, 0x00, 0x00,
    0x00, 0x00, 0x00, 0x00, 0x00, 0x00, 0x00, 0x00, 0x00, 0x00, 0x00, 0x00, 0x00, 0x00, 0x00, 0x00,
    0x00, 0x00, 0x00, 0x00, 0x00, 0x00, 0x00, 0x00, 0x00, 0x00, 0x00, 0x00, 0x00, 0x00, 0x00, 0x00,
    0x00, 0x00, 0x00, 0x00, 0x00, 0x00, 0x00, 0x00, 0x00, 0x00, 0x00, 0x00, 0x00, 0x00, 0x00, 0x00,
    0x00, 0x00, 0x00, 0x00, 0x00, 0x00, 0x00, 0x00, 0x00, 0x00, 0x00, 0x00, 0x00, 0x00, 0x00, 0x00,
    0x00, 0x00, 0x00, 0x00, 0x00, 0x00, 0x00, 0x00, 0x00, 0x00, 0x00, 0x00, 0x00, 0x00, 0x00, 0x00,
    0x00, 0x00, 0x00, 0x00, 0x00, 0x00, 0x00, 0x00, 0x00, 0x00, 0x00, 0x00, 0x00, 0x00, 0x00, 0x00,
    0x00, 0x00, 0x00, 0x00, 0x07, 0x1F, 0x07, 0x1F, 0x06, 0xDF, 0x06, 0xDF, 0x06, 0xDF, 0x06, 0xDF,
    0x06, 0xDF, 0x06, 0xDF, 0x06, 0xDF, 0x06, 0xDF, 0x06, 0xDF, 0x06, 0xDF, 0x06, 0xDF, 0x07, 0x3F,
    0x07, 0x3F, 0x07, 0x3F, 0x07, 0x3F, 0x07, 0x3F, 0x07, 0x3F, 0x07, 0x3F, 0x07, 0x3F, 0x06, 0xDF,
    0x06, 0xDF, 0x06, 0xDF, 0x06, 0xDF, 0x06, 0xDF, 0x06, 0xDF, 0x06, 0xDF, 0x06, 0xDF, 0x06, 0xDF,
    0x06, 0xDF, 0x06, 0xDF, 0x06, 0xDF, 0x06, 0xDF, 0x06, 0xDF, 0x06, 0xDF, 0x06, 0xFF, 0x07, 0x1F,
    0x00, 0x00, 0x00, 0x00, 0x00, 0x00, 0x00, 0x00, 0x00, 0x00, 0x00, 0x00, 0x00, 0x00, 0x00, 0x00,
    0x00, 0x00, 0x00, 0x00, 0x00, 0x00, 0x00, 0x00, 0x00, 0x00, 0x00, 0x00, 0x00, 0x00, 0x00, 0x00,
    0x00, 0x00, 0x00, 0x00, 0x00, 0x00, 0x00, 0x00, 0x00, 0x00, 0x00, 0x00, 0x00, 0x00, 0x00, 0x00,
    0x00, 0x00, 0x00, 0x00, 0x00, 0x00, 0x00, 0x00, 0x00, 0x00, 0x00, 0x00, 0x00, 0x00, 0x00, 0x00,
    0x00, 0x00, 0x00, 0x00, 0x00, 0x00, 0x00, 0x00, 0x00, 0x00, 0x00, 0x00, 0x00, 0x00, 0x00, 0x00,
    0x00, 0x00, 0x00, 0x00, 0x00, 0x00, 0x00, 0x00, 0x00, 0x00, 0x00, 0x00, 0x00, 0x00, 0x00, 0x00,
    0x00, 0x00, 0x00, 0x00, 0x00, 0x00, 0x00, 0x00, 0x00, 0x00, 0x00, 0x00, 0x00, 0x00, 0x00, 0x00,
    0x00, 0x00, 0x00, 0x00, 0x00, 0x00, 0x00, 0x00, 0x00, 0x00, 0x00, 0x00, 0x00, 0x00, 0x00, 0x00,
    0x00, 0x00, 0x00, 0x00, 0x00, 0x00, 0x00, 0x00, 0x00, 0x00, 0x00, 0x00, 0x00, 0x00, 0x00, 0x00,
    0x00, 0x00, 0x00, 0x00, 0x00, 0x00, 0x00, 0x00, 0x00, 0x00, 0x00, 0x00, 0x00, 0x00, 0x00, 0x00,
    0x00, 0x00, 0x00, 0x00, 0x00, 0x00, 0x00, 0x00, 0x00, 0x00, 0x00, 0x00, 0x00, 0x00, 0x00, 0x00,
    0x00, 0x00, 0x00, 0x00, 0x00, 0x00, 0x00, 0x00, 0x00, 0x00, 0x00, 0x00, 0x00, 0x00, 0x00, 0x00,
    0x00, 0x00, 0x00, 0x00, 0x00, 0x00, 0x00, 0x00, 0x00, 0x00, 0x00, 0x00, 0x00, 0x00, 0x00, 0x00,
    0x00, 0x00, 0x00, 0x00, 0x00, 0x00, 0x00, 0x00, 0x00, 0x00, 0x00, 0x00, 0x00, 0x00, 0x00, 0x00,
    0x00, 0x00, 0x00, 0x00, 0x00, 0x00, 0x00, 0x00, 0x00, 0x00, 0x00, 0x00, 0x00, 0x00, 0x00, 0x00,
    0x00, 0x00, 0x00, 0x00, 0x00, 0x00, 0x00, 0x00, 0x00, 0x00, 0x00, 0x00, 0x00, 0x00, 0x00, 0x00,
    0x00, 0x00, 0x00, 0x00, 0x00, 0x00, 0x00, 0x00, 0x00, 0x00, 0x00, 0x00, 0x00, 0x00, 0x00, 0x00,
    0x00, 0x00, 0x00, 0x00, 0x00, 0x00, 0x00, 0x00, 0x00, 0x00, 0x00, 0x00, 0x00, 0x00, 0x00, 0x00,
    0x00, 0x00, 0x00, 0x00, 0x00, 0x00, 0x00, 0x00, 0x00, 0x00, 0x00, 0x00, 0x00, 0x00, 0x00, 0x00,
    0x00, 0x00, 0x00, 0x00, 0x00, 0x00, 0x00, 0x00, 0x00, 0x00, 0x00, 0x00, 0x00, 0x00, 0x00, 0x00,
    0x00, 0x00, 0x00, 0x00, 0x00, 0x00, 0x00, 0x00, 0x00, 0x00, 0x00, 0x00, 0x00, 0x00, 0x00, 0x00,
    0x00, 0x00, 0x00, 0x00, 0x07, 0x1F, 0x07, 0x1F, 0x06, 0xDF, 0x06, 0xDF, 0x06, 0xDF, 0x06, 0xDF,
    0x06, 0xDF, 0x06, 0xDF, 0x06, 0xDF, 0x06, 0xDF, 0x06, 0xDF, 0x06, 0xDF, 0x06, 0xDF, 0x06, 0xDF,
    0x06, 0xDF, 0x06, 0xDF, 0x06, 0xDF, 0x06, 0xDF, 0x06, 0xDF, 0x06, 0xDF, 0x06, 0xDF, 0x06, 0xDF,
    0x06, 0xDF, 0x06, 0xDF, 0x06, 0xDF, 0x06, 0xDF, 0x06, 0xDF, 0x06, 0xDF, 0x06, 0xDF, 0x06, 0xDF,
    0x06, 0xDF, 0x06, 0xDF, 0x06, 0xDF, 0x06, 0xDF, 0x06, 0xDF, 0x06, 0xDF, 0x06, 0xFF, 0x07, 0x1F,
    0x00, 0x00, 0x00, 0x00, 0x00, 0x00, 0x00, 0x00, 0x00, 0x00, 0x00, 0x00, 0x00, 0x00, 0x00, 0x00,
    0x00, 0x00, 0x00, 0x00, 0x00, 0x00, 0x00, 0x00, 0x00, 0x00, 0x00, 0x00, 0x00, 0x00, 0x00, 0x00,
    0x00, 0x00, 0x00, 0x00, 0x00, 0x00, 0x00, 0x00, 0x00, 0x00, 0x00, 0x00, 0x00, 0x00, 0x00, 0x00,
    0x00, 0x00, 0x00, 0x00, 0x00, 0x00, 0x00, 0x00, 0x00, 0x00, 0x00, 0x00, 0x00, 0x00, 0x00, 0x00,
    0x00, 0x00, 0x00, 0x00, 0x00, 0x00, 0x00, 0x00, 0x00, 0x00, 0x00, 0x00, 0x00, 0x00, 0x00, 0x00,
    0x00, 0x00, 0x00, 0x00, 0x00, 0x00, 0x00, 0x00, 0x00, 0x00, 0x00, 0x00, 0x00, 0x00, 0x00, 0x00,
    0x00, 0x00, 0x00, 0x00, 0x00, 0x00, 0x00, 0x00, 0x00, 0x00, 0x00, 0x00, 0x00, 0x00, 0x00, 0x00,
    0x00, 0x00, 0x00, 0x00, 0x00, 0x00, 0x00, 0x00, 0x00, 0x00, 0x00, 0x00, 0x00, 0x00, 0x00, 0x00,
    0x00, 0x00, 0x00, 0x00, 0x00, 0x00, 0x00, 0x00, 0x00, 0x00, 0x00, 0x00, 0x00, 0x00, 0x00, 0x00,
    0x00, 0x00, 0x00, 0x00, 0x00, 0x00, 0x00, 0x00, 0x00, 0x00, 0x00, 0x00, 0x00, 0x00, 0x00, 0x00,
    0x00, 0x00, 0x00, 0x00, 0x00, 0x00, 0x00, 0x00, 0x00, 0x00, 0x00, 0x00, 0x00, 0x00, 0x00, 0x00,
    0x00, 0x00, 0x00, 0x00, 0x00, 0x00, 0x00, 0x00, 0x00, 0x00, 0x00, 0x00, 0x00, 0x00, 0x00, 0x00,
    0x00, 0x00, 0x00, 0x00, 0x00, 0x00, 0x00, 0x00, 0x00, 0x00, 0x00, 0x00, 0x00, 0x00, 0x00, 0x00,
    0x00, 0x00, 0x00, 0x00, 0x00, 0x00, 0x00, 0x00, 0x00, 0x00, 0x00, 0x00, 0x00, 0x00, 0x00, 0x00,
    0x00, 0x00, 0x00, 0x00, 0x00, 0x00, 0x00, 0x00, 0x00, 0x00, 0x00, 0x00, 0x00, 0x00, 0x00, 0x00,
    0x00, 0x00, 0x00, 0x00, 0x00, 0x00, 0x00, 0x00, 0x00, 0x00, 0x00, 0x00, 0x00, 0x00, 0x00, 0x00,
    0x00, 0x00, 0x00, 0x00, 0x00, 0x00, 0x00, 0x00, 0x00, 0x00, 0x00, 0x00, 0x00, 0x00, 0x00, 0x00,
    0x00, 0x00, 0x00, 0x00, 0x00, 0x00, 0x00, 0x00, 0x00, 0x00, 0x00, 0x00, 0x00, 0x00, 0x00, 0x00,
    0x00, 0x00, 0x00, 0x00, 0x00, 0x00, 0x00, 0x00, 0x00, 0x00, 0x00, 0x00, 0x00, 0x00, 0x00, 0x00,
    0x00, 0x00, 0x00, 0x00, 0x00, 0x00, 0x00, 0x00, 0x00, 0x00, 0x00, 0x00, 0x00, 0x00, 0x00, 0x00,
    0x00, 0x00, 0x00, 0x00, 0x00, 0x00, 0x00, 0x00, 0x00, 0x00, 0x00, 0x00, 0x00, 0x00, 0x00, 0x00,
    0x00, 0x00, 0x00, 0x00, 0x07, 0x1F, 0x07, 0x1F, 0x06, 0xDF, 0x06, 0xDF, 0x06, 0xDF, 0x06, 0xDF,
    0x06, 0xDF, 0x06, 0xDF, 0x06, 0xDF, 0x06, 0xDF, 0x06, 0xDF, 0x06, 0xDF, 0x06, 0xDF, 0x06, 0xDF,
    0x06, 0xDF, 0x06, 0xDF, 0x06, 0xDF, 0x06, 0xDF, 0x06, 0xDF, 0x06, 0xDF, 0x06, 0xDF, 0x06, 0xDF,
    0x06, 0xDF, 0x06, 0xDF, 0x06, 0xDF, 0x06, 0xDF, 0x06, 0xDF, 0x06, 0xDF, 0x06, 0xDF, 0x06, 0xDF,
    0x06, 0xDF, 0x06, 0xDF, 0x06, 0xDF, 0x06, 0xDF, 0x06, 0xDF, 0x06, 0xDF, 0x06, 0xFF, 0x07, 0x1F,
    0x00, 0x00, 0x00, 0x00, 0x00, 0x00, 0x00, 0x00, 0x00, 0x00, 0x00, 0x00, 0x00, 0x00, 0x00, 0x00,
    0x00, 0x00, 0x00, 0x00, 0x00, 0x00, 0x00, 0x00, 0x00, 0x00, 0x00, 0x00, 0x00, 0x00, 0x00, 0x00,
    0x00, 0x00, 0x00, 0x00, 0x00, 0x00, 0x00, 0x00, 0x00, 0x00, 0x00, 0x00, 0x00, 0x00, 0x00, 0x00,
    0x00, 0x00, 0x00, 0x00, 0x00, 0x00, 0x00, 0x00, 0x00, 0x00, 0x00, 0x00, 0x00, 0x00, 0x00, 0x00,
    0x00, 0x00, 0x00, 0x00, 0x00, 0x00, 0x00, 0x00, 0x00, 0x00, 0x00, 0x00, 0x00, 0x00, 0x00, 0x00,
    0x00, 0x00, 0x00, 0x00, 0x00, 0x00, 0x00, 0x00, 0x00, 0x00, 0x00, 0x00, 0x00, 0x00, 0x00, 0x00,
    0x00, 0x00, 0x00, 0x00, 0x00, 0x00, 0x00, 0x00, 0x00, 0x00, 0x00, 0x00, 0x00, 0x00, 0x00, 0x00,
    0x00, 0x00, 0x00, 0x00, 0x00, 0x00, 0x00, 0x00, 0x00, 0x00, 0x00, 0x00, 0x00, 0x00, 0x00, 0x00,
    0x00, 0x00, 0x00, 0x00, 0x00, 0x00, 0x00, 0x00, 0x00, 0x00, 0x00, 0x00, 0x00, 0x00, 0x00, 0x00,
    0x00, 0x00, 0x00, 0x00, 0x00, 0x00, 0x00, 0x00, 0x00, 0x00, 0x00, 0x00, 0x00, 0x00, 0x00, 0x00,
    0x00, 0x00, 0x00, 0x00, 0x00, 0x00, 0x00, 0x00, 0x00, 0x00, 0x00, 0x00, 0x00, 0x00, 0x00, 0x00,
    0x00, 0x00, 0x00, 0x00, 0x00, 0x00, 0x00, 0x00, 0x00, 0x00, 0x00, 0x00, 0x00, 0x00, 0x00, 0x00,
    0x00, 0x00, 0x00, 0x00, 0x00, 0x00, 0x00, 0x00, 0x00, 0x00, 0x00, 0x00, 0x00, 0x00, 0x00, 0x00,
    0x00, 0x00, 0x00, 0x00, 0x00, 0x00, 0x00, 0x00, 0x00, 0x00, 0x00, 0x00, 0x00, 0x00, 0x00, 0x00,
    0x00, 0x00, 0x00, 0x00, 0x00, 0x00, 0x00, 0x00, 0x00, 0x00, 0x00, 0x00, 0x00, 0x00, 0x00, 0x00,
    0x00, 0x00, 0x00, 0x00, 0x00, 0x00, 0x00, 0x00, 0x00, 0x00, 0x00, 0x00, 0x00, 0x00, 0x00, 0x00,
    0x00, 0x00, 0x00, 0x00, 0x00, 0x00, 0x00, 0x00, 0x00, 0x00, 0x00, 0x00, 0x00, 0x00, 0x00, 0x00,
    0x00, 0x00, 0x00, 0x00, 0x00, 0x00, 0x00, 0x00, 0x00, 0x00, 0x00, 0x00, 0x00, 0x00, 0x00, 0x00,
    0x00, 0x00, 0x00, 0x00, 0x00, 0x00, 0x00, 0x00, 0x00, 0x00, 0x00, 0x00, 0x00, 0x00, 0x00, 0x00,
    0x00, 0x00, 0x00, 0x00, 0x00, 0x00, 0x00, 0x00, 0x00, 0x00, 0x00, 0x00, 0x00, 0x00, 0x00, 0x00,
    0x00, 0x00, 0x00, 0x00, 0x00, 0x00, 0x00, 0x00, 0x00, 0x00, 0x00, 0x00, 0x00, 0x00, 0x00, 0x00,
    0x00, 0x00, 0x00, 0x00, 0x07, 0x1F, 0x06, 0xDF, 0x06, 0xDF, 0x06, 0xDF, 0x06, 0xDF, 0x06, 0xDF,
    0x06, 0xDF, 0x06, 0xDF, 0x06, 0xDF, 0x06, 0xDF, 0x06, 0xDF, 0x06, 0xDF, 0x06, 0xDF, 0x06, 0xDF,
    0x06, 0xDF, 0x06, 0xDF, 0x06, 0xDF, 0x06, 0xDF, 0x06, 0xDF, 0x06, 0xDF, 0x06, 0xDF, 0x06, 0xDF,
    0x06, 0xDF, 0x06, 0xDF, 0x06, 0xDF, 0x06, 0xDF, 0x06, 0xDF, 0x06, 0xDF, 0x06, 0xDF, 0x06, 0xDF,
    0x06, 0xDF, 0x06, 0xDF, 0x06, 0xDF, 0x06, 0xDF, 0x06, 0xDF, 0x06, 0xDF, 0x06, 0xFF, 0x07, 0x1F,
    0x00, 0x00, 0x00, 0x00, 0x00, 0x00, 0x00, 0x00, 0x00, 0x00, 0x00, 0x00, 0x00, 0x00, 0x00, 0x00,
    0x00, 0x00, 0x00, 0x00, 0x00, 0x00, 0x00, 0x00, 0x00, 0x00, 0x00, 0x00, 0x00, 0x00, 0x00, 0x00,
    0x00, 0x00, 0x00, 0x00, 0x00, 0x00, 0x00, 0x00, 0x00, 0x00, 0x00, 0x00, 0x00, 0x00, 0x00, 0x00,
    0x00, 0x00, 0x00, 0x00, 0x00, 0x00, 0x00, 0x00, 0x00, 0x00, 0x00, 0x00, 0x00, 0x00, 0x00, 0x00,
    0x00, 0x00, 0x00, 0x00, 0x00, 0x00, 0x00, 0x00, 0x00, 0x00, 0x00, 0x00, 0x00, 0x00, 0x00, 0x00,
    0x00, 0x00, 0x00, 0x00, 0x00, 0x00, 0x00, 0x00, 0x00, 0x00, 0x00, 0x00, 0x00, 0x00, 0x00, 0x00,
    0x00, 0x00, 0x00, 0x00, 0x00, 0x00, 0x00, 0x00, 0x00, 0x00, 0x00, 0x00, 0x00, 0x00, 0x00, 0x00,
    0x00, 0x00, 0x00, 0x00, 0x00, 0x00, 0x00, 0x00, 0x00, 0x00, 0x00, 0x00, 0x00, 0x00, 0x00, 0x00,
    0x00, 0x00, 0x00, 0x00, 0x00, 0x00, 0x00, 0x00, 0x00, 0x00, 0x00, 0x00, 0x00, 0x00, 0x00, 0x00,
    0x00, 0x00, 0x00, 0x00, 0x00, 0x00, 0x00, 0x00, 0x00, 0x00, 0x00, 0x00, 0x00, 0x00, 0x00, 0x00,
    0x00, 0x00, 0x00, 0x00, 0x00, 0x00, 0x00, 0x00, 0x00, 0x00, 0x00, 0x00, 0x00, 0x00, 0x00, 0x00,
    0x00, 0x00, 0x00, 0x00, 0x00, 0x00, 0x00, 0x00, 0x00, 0x00, 0x00, 0x00, 0x00, 0x00, 0x00, 0x00,
    0x00, 0x00, 0x00, 0x00, 0x00, 0x00, 0x00, 0x00, 0x00, 0x00, 0x00, 0x00, 0x00, 0x00, 0x00, 0x00,
    0x00, 0x00, 0x00, 0x00, 0x00, 0x00, 0x00, 0x00, 0x00, 0x00, 0x00, 0x00, 0x00, 0x00, 0x00, 0x00,
    0x00, 0x00, 0x00, 0x00, 0x00, 0x00, 0x00, 0x00, 0x00, 0x00, 0x00, 0x00, 0x00, 0x00, 0x00, 0x00,
    0x00, 0x00, 0x00, 0x00, 0x00, 0x00, 0x00, 0x00, 0x00, 0x00, 0x00, 0x00, 0x00, 0x00, 0x00, 0x00,
    0x00, 0x00, 0x00, 0x00, 0x00, 0x00, 0x00, 0x00, 0x00, 0x00, 0x00, 0x00, 0x00, 0x00, 0x00, 0x00,
    0x00, 0x00, 0x00, 0x00, 0x00, 0x00, 0x00, 0x00, 0x00, 0x00, 0x00, 0x00, 0x00, 0x00, 0x00, 0x00,
    0x00, 0x00, 0x00, 0x00, 0x00, 0x00, 0x00, 0x00, 0x00, 0x00, 0x00, 0x00, 0x00, 0x00, 0x00, 0x00,
    0x00, 0x00, 0x00, 0x00, 0x00, 0x00, 0x00, 0x00, 0x00, 0x00, 0x00, 0x00, 0x00, 0x00, 0x00, 0x00,
    0x00, 0x00, 0x00, 0x00, 0x00, 0x00, 0x00, 0x00, 0x00, 0x00, 0x00, 0x00, 0x00, 0x00, 0x00, 0x00,
    0x00, 0x00, 0x00, 0x00, 0x07, 0x1F, 0x07, 0x1F, 0x06, 0xDF, 0x06, 0xDF, 0x06, 0xDF, 0x06, 0xDF,
    0x06, 0xDF, 0x06, 0xDF, 0x06, 0xDF, 0x06, 0xDF, 0x06, 0xDF, 0x06, 0xDF, 0x06, 0xDF, 0x06, 0xDF,
    0x06, 0xDF, 0x06, 0xDF, 0x06, 0xDF, 0x06, 0xDF, 0x06, 0xDF, 0x06, 0xDF, 0x06, 0xDF, 0x06, 0xDF,
    0x06, 0xDF, 0x06, 0xDF, 0x06, 0xDF, 0x06, 0xDF, 0x06, 0xDF, 0x06, 0xDF, 0x06, 0xDF, 0x06, 0xDF,
    0x06, 0xDF, 0x06, 0xDF, 0x06, 0xDF, 0x06, 0xDF, 0x06, 0xDF, 0x06, 0xDF, 0x07, 0x1F, 0x07, 0x1F,
    0x00, 0x00, 0x00, 0x00, 0x00, 0x00, 0x00, 0x00, 0x00, 0x00, 0x00, 0x00, 0x00, 0x00, 0x00, 0x00,
    0x00, 0x00, 0x00, 0x00, 0x00, 0x00, 0x00, 0x00, 0x00, 0x00, 0x00, 0x00, 0x00, 0x00, 0x00, 0x00,
    0x00, 0x00, 0x00, 0x00, 0x00, 0x00, 0x00, 0x00, 0x00, 0x00, 0x00, 0x00, 0x00, 0x00, 0x00, 0x00,
    0x00, 0x00, 0x00, 0x00, 0x00, 0x00, 0x00, 0x00, 0x00, 0x00, 0x00, 0x00, 0x00, 0x00, 0x00, 0x00,
    0x00, 0x00, 0x00, 0x00, 0x00, 0x00, 0x00, 0x00, 0x00, 0x00, 0x00, 0x00, 0x00, 0x00, 0x00, 0x00,
    0x00, 0x00, 0x00, 0x00, 0x00, 0x00, 0x00, 0x00, 0x00, 0x00, 0x00, 0x00, 0x00, 0x00, 0x00, 0x00,
    0x00, 0x00, 0x00, 0x00, 0x00, 0x00, 0x00, 0x00, 0x00, 0x00, 0x00, 0x00, 0x00, 0x00, 0x00, 0x00,
    0x00, 0x00, 0x00, 0x00, 0x00, 0x00, 0x00, 0x00, 0x00, 0x00, 0x00, 0x00, 0x00, 0x00, 0x00, 0x00,
    0x00, 0x00, 0x00, 0x00, 0x00, 0x00, 0x00, 0x00, 0x00, 0x00, 0x00, 0x00, 0x00, 0x00, 0x00, 0x00,
    0x00, 0x00, 0x00, 0x00, 0x00, 0x00, 0x00, 0x00, 0x00, 0x00, 0x00, 0x00, 0x00, 0x00, 0x00, 0x00,
    0x00, 0x00, 0x00, 0x00, 0x00, 0x00, 0x00, 0x00, 0x00, 0x00, 0x00, 0x00, 0x00, 0x00, 0x00, 0x00,
    0x00, 0x00, 0x00, 0x00, 0x00, 0x00, 0x00, 0x00, 0x00, 0x00, 0x00, 0x00, 0x00, 0x00, 0x00, 0x00,
    0x00, 0x00, 0x00, 0x00, 0x00, 0x00, 0x00, 0x00, 0x00, 0x00, 0x00, 0x00, 0x00, 0x00, 0x00, 0x00,
    0x00, 0x00, 0x00, 0x00, 0x00, 0x00, 0x00, 0x00, 0x00, 0x00, 0x00, 0x00, 0x00, 0x00, 0x00, 0x00,
    0x00, 0x00, 0x00, 0x00, 0x00, 0x00, 0x00, 0x00, 0x00, 0x00, 0x00, 0x00, 0x00, 0x00, 0x00, 0x00,
    0x00, 0x00, 0x00, 0x00, 0x00, 0x00, 0x00, 0x00, 0x00, 0x00, 0x00, 0x00, 0x00, 0x00, 0x00, 0x00,
    0x00, 0x00, 0x00, 0x00, 0x00, 0x00, 0x00, 0x00, 0x00, 0x00, 0x00, 0x00, 0x00, 0x00, 0x00, 0x00,
    0x00, 0x00, 0x00, 0x00, 0x00, 0x00, 0x00, 0x00, 0x00, 0x00, 0x00, 0x00, 0x00, 0x00, 0x00, 0x00,
    0x00, 0x00, 0x00, 0x00, 0x00, 0x00, 0x00, 0x00, 0x00, 0x00, 0x00, 0x00, 0x00, 0x00, 0x00, 0x00,
    0x00, 0x00, 0x00, 0x00, 0x00, 0x00, 0x00, 0x00, 0x00, 0x00, 0x00, 0x00, 0x00, 0x00, 0x00, 0x00,
    0x00, 0x00, 0x00, 0x00, 0x00, 0x00, 0x00, 0x00, 0x00, 0x00, 0x00, 0x00, 0x00, 0x00, 0x00, 0x00,
    0x00, 0x00, 0x00, 0x00, 0x07, 0x7F, 0x07, 0x1F, 0x06, 0xDF, 0x06, 0xDF, 0x06, 0xDF, 0x06, 0xDF,
    0x06, 0xDF, 0x06, 0xDF, 0x06, 0xDF, 0x06, 0xDF, 0x06, 0xDF, 0x06, 0xDF, 0x06, 0xDF, 0x06, 0xDF,
    0x06, 0xDF, 0x06, 0xDF, 0x06, 0xDF, 0x06, 0xDF, 0x06, 0xDF, 0x06, 0xDF, 0x06, 0xDF, 0x06, 0xDF,
    0x06, 0xDF, 0x06, 0xDF, 0x06, 0xDF, 0x06, 0xDF, 0x06, 0xDF, 0x06, 0xDF, 0x06, 0xDF, 0x06, 0xDF,
    0x06, 0xDF, 0x06, 0xDF, 0x06, 0xDF, 0x06, 0xDF, 0x06, 0xDF, 0x06, 0xDF, 0x06, 0xFF, 0x07, 0x1F,
    0x00, 0x00, 0x00, 0x00, 0x00, 0x00, 0x00, 0x00, 0x00, 0x00, 0x00, 0x00, 0x00, 0x00, 0x00, 0x00,
    0x00, 0x00, 0x00, 0x00, 0x00, 0x00, 0x00, 0x00, 0x00, 0x00, 0x00, 0x00, 0x00, 0x00, 0x00, 0x00,
    0x00, 0x00, 0x00, 0x00, 0x00, 0x00, 0x00, 0x00, 0x00, 0x00, 0x00, 0x00, 0x00, 0x00, 0x00, 0x00,
    0x00, 0x00, 0x00, 0x00, 0x00, 0x00, 0x00, 0x00, 0x00, 0x00, 0x00, 0x00, 0x00, 0x00, 0x00, 0x00,
    0x00, 0x00, 0x00, 0x00, 0x00, 0x00, 0x00, 0x00, 0x00, 0x00, 0x00, 0x00, 0x00, 0x00, 0x00, 0x00,
    0x00, 0x00, 0x00, 0x00, 0x00, 0x00, 0x00, 0x00, 0x00, 0x00, 0x00, 0x00, 0x00, 0x00, 0x00, 0x00,
    0x00, 0x00, 0x00, 0x00, 0x00, 0x00, 0x00, 0x00, 0x00, 0x00, 0x00, 0x00, 0x00, 0x00, 0x00, 0x00,
    0x00, 0x00, 0x00, 0x00, 0x00, 0x00, 0x00, 0x00, 0x00, 0x00, 0x00, 0x00, 0x00, 0x00, 0x00, 0x00,
    0x00, 0x00, 0x00, 0x00, 0x00, 0x00, 0x00, 0x00, 0x00, 0x00, 0x00, 0x00, 0x00, 0x00, 0x00, 0x00,
    0x00, 0x00, 0x00, 0x00, 0x00, 0x00, 0x00, 0x00, 0x00, 0x00, 0x00, 0x00, 0x00, 0x00, 0x00, 0x00,
    0x00, 0x00, 0x00, 0x00, 0x00, 0x00, 0x00, 0x00, 0x00, 0x00, 0x00, 0x00, 0x00, 0x00, 0x00, 0x00,
    0x00, 0x00, 0x00, 0x00, 0x00, 0x00, 0x00, 0x00, 0x00, 0x00, 0x00, 0x00, 0x00, 0x00, 0x00, 0x00,
    0x00, 0x00, 0x00, 0x00, 0x00, 0x00, 0x00, 0x00, 0x00, 0x00, 0x00, 0x00, 0x00, 0x00, 0x00, 0x00,
    0x00, 0x00, 0x00, 0x00, 0x00, 0x00, 0x00, 0x00, 0x00, 0x00, 0x00, 0x00, 0x00, 0x00, 0x00, 0x00,
    0x00, 0x00, 0x00, 0x00, 0x00, 0x00, 0x00, 0x00, 0x00, 0x00, 0x00, 0x00, 0x00, 0x00, 0x00, 0x00,
    0x00, 0x00, 0x00, 0x00, 0x00, 0x00, 0x00, 0x00, 0x00, 0x00, 0x00, 0x00, 0x00, 0x00, 0x00, 0x00,
    0x00, 0x00, 0x00, 0x00, 0x00, 0x00, 0x00, 0x00, 0x00, 0x00, 0x00, 0x00, 0x00, 0x00, 0x00, 0x00,
    0x00, 0x00, 0x00, 0x00, 0x00, 0x00, 0x00, 0x00, 0x00, 0x00, 0x00, 0x00, 0x00, 0x00, 0x00, 0x00,
    0x00, 0x00, 0x00, 0x00, 0x00, 0x00, 0x00, 0x00, 0x00, 0x00, 0x00, 0x00, 0x00, 0x00, 0x00, 0x00,
    0x00, 0x00, 0x00, 0x00, 0x00, 0x00, 0x00, 0x00, 0x00, 0x00, 0x00, 0x00, 0x00, 0x00, 0x00, 0x00,
    0x00, 0x00, 0x00, 0x00, 0x00, 0x00, 0x00, 0x00, 0x00, 0x00, 0x00, 0x00, 0x00, 0x00, 0x00, 0x00,
    0x00, 0x00, 0x00, 0x00, 0x07, 0xFF, 0x07, 0x1F, 0x07, 0x1F, 0x07, 0x1F, 0x06, 0xDF, 0x06, 0xDF,
    0x06, 0xDF, 0x06, 0xDF, 0x06, 0xDF, 0x06, 0xDF, 0x06, 0xDF, 0x06, 0xDF, 0x06, 0xDF, 0x06, 0xDF,
    0x06, 0xDF, 0x06, 0xDF, 0x06, 0xDF, 0x06, 0xDF, 0x06, 0xDF, 0x06, 0xDF, 0x06, 0xDF, 0x06, 0xDF,
    0x06, 0xDF, 0x06, 0xDF, 0x06, 0xDF, 0x06, 0xDF, 0x06, 0xDF, 0x06, 0xDF, 0x06, 0xDF, 0x06, 0xDF,
    0x06, 0xDF, 0x06, 0xDF, 0x06, 0xDF, 0x06, 0xDF, 0x06, 0xDF, 0x07, 0x1F, 0x07, 0x1F, 0x07, 0xFF,
    0x00, 0x00, 0x00, 0x00, 0x00, 0x00, 0x00, 0x00, 0x00, 0x00, 0x00, 0x00, 0x00, 0x00, 0x00, 0x00,
    0x00, 0x00, 0x00, 0x00, 0x00, 0x00, 0x00, 0x00, 0x00, 0x00, 0x00, 0x00, 0x00, 0x00, 0x00, 0x00,
    0x00, 0x00, 0x00, 0x00, 0x00, 0x00, 0x00, 0x00, 0x00, 0x00, 0x00, 0x00, 0x00, 0x00, 0x00, 0x00,
    0x00, 0x00, 0x00, 0x00, 0x00, 0x00, 0x00, 0x00, 0x00, 0x00, 0x00, 0x00, 0x00, 0x00, 0x00, 0x00,
    0x00, 0x00, 0x00, 0x00, 0x00, 0x00, 0x00, 0x00, 0x00, 0x00, 0x00, 0x00, 0x00, 0x00, 0x00, 0x00,
    0x00, 0x00, 0x00, 0x00, 0x00, 0x00, 0x00, 0x00, 0x00, 0x00, 0x00, 0x00, 0x00, 0x00, 0x00, 0x00,
    0x00, 0x00, 0x00, 0x00, 0x00, 0x00, 0x00, 0x00, 0x00, 0x00, 0x00, 0x00, 0x00, 0x00, 0x00, 0x00,
    0x00, 0x00, 0x00, 0x00, 0x00, 0x00, 0x00, 0x00, 0x00, 0x00, 0x00, 0x00, 0x00, 0x00, 0x00, 0x00,
    0x00, 0x00, 0x00, 0x00, 0x00, 0x00, 0x00, 0x00, 0x00, 0x00, 0x00, 0x00, 0x00, 0x00, 0x00, 0x00,
    0x00, 0x00, 0x00, 0x00, 0x00, 0x00, 0x00, 0x00, 0x00, 0x00, 0x00, 0x00, 0x00, 0x00, 0x00, 0x00,
    0x00, 0x00, 0x00, 0x00, 0x00, 0x00, 0x00, 0x00, 0x00, 0x00, 0x00, 0x00, 0x00, 0x00, 0x00, 0x00,
    0x00, 0x00, 0x00, 0x00, 0x00, 0x00, 0x00, 0x00, 0x00, 0x00, 0x00, 0x00, 0x00, 0x00, 0x00, 0x00,
    0x00, 0x00, 0x00, 0x00, 0x00, 0x00, 0x00, 0x00, 0x00, 0x00, 0x00, 0x00, 0x00, 0x00, 0x00, 0x00,
    0x00, 0x00, 0x00, 0x00, 0x00, 0x00, 0x00, 0x00, 0x00, 0x00, 0x00, 0x00, 0x00, 0x00, 0x00, 0x00,
    0x00, 0x00, 0x00, 0x00, 0x00, 0x00, 0x00, 0x00, 0x00, 0x00, 0x00, 0x00, 0x00, 0x00, 0x00, 0x00,
    0x00, 0x00, 0x00, 0x00, 0x00, 0x00, 0x00, 0x00, 0x00, 0x00, 0x00, 0x00, 0x00, 0x00, 0x00, 0x00,
    0x00, 0x00, 0x00, 0x00, 0x00, 0x00, 0x00, 0x00, 0x00, 0x00, 0x00, 0x00, 0x00, 0x00, 0x00, 0x00,
    0x00, 0x00, 0x00, 0x00, 0x00, 0x00, 0x00, 0x00, 0x00, 0x00, 0x00, 0x00, 0x00, 0x00, 0x00, 0x00,
    0x00, 0x00, 0x00, 0x00, 0x00, 0x00, 0x00, 0x00, 0x00, 0x00, 0x00, 0x00, 0x00, 0x00, 0x00, 0x00,
    0x00, 0x00, 0x00, 0x00, 0x00, 0x00, 0x00, 0x00, 0x00, 0x00, 0x00, 0x00, 0x00, 0x00, 0x00, 0x00,
    0x00, 0x00, 0x00, 0x00, 0x00, 0x00, 0x00, 0x00, 0x00, 0x00, 0x00, 0x00, 0x00, 0x00, 0x00, 0x00,
    0x00, 0x00, 0x00, 0x00, 0x00, 0x00, 0x07, 0xFF, 0x07, 0x1F, 0x07, 0x1F, 0x07, 0x1F, 0x07, 0x1F,
    0x07, 0x1F, 0x07, 0x1F, 0x07, 0x1F, 0x07, 0x1F, 0x07, 0x1F, 0x07, 0x1F, 0x07, 0x1F, 0x07, 0x1F,
    0x07, 0x1F, 0x07, 0x1F, 0x07, 0x1F, 0x07, 0x1F, 0x07, 0x1F, 0x07, 0x1F, 0x07, 0x1F, 0x07, 0x1F,
    0x07, 0x1F, 0x07, 0x1F, 0x07, 0x1F, 0x07, 0x1F, 0x07, 0x1F, 0x07, 0x1F, 0x07, 0x1F, 0x07, 0x1F,
    0x07, 0x1F, 0x07, 0x1F, 0x07, 0x1F, 0x07, 0x1F, 0x07, 0x1F, 0x06, 0xFF, 0x07, 0xFF, 0x00, 0x00,
    0x00, 0x00, 0x00, 0x00, 0x00, 0x00, 0x00, 0x00, 0x00, 0x00, 0x00, 0x00, 0x00, 0x00, 0x00, 0x00,
    0x00, 0x00, 0x00, 0x00, 0x00, 0x00, 0x00, 0x00, 0x00, 0x00, 0x00, 0x00, 0x00, 0x00, 0x00, 0x00,
    0x00, 0x00, 0x00, 0x00, 0x00, 0x00, 0x00, 0x00, 0x00, 0x00, 0x00, 0x00, 0x00, 0x00, 0x00, 0x00,
    0x00, 0x00, 0x00, 0x00, 0x00, 0x00, 0x00, 0x00, 0x00, 0x00, 0x00, 0x00, 0x00, 0x00, 0x00, 0x00,
    0x00, 0x00, 0x00, 0x00, 0x00, 0x00, 0x00, 0x00, 0x00, 0x00, 0x00, 0x00, 0x00, 0x00, 0x00, 0x00,
    0x00, 0x00, 0x00, 0x00, 0x00, 0x00, 0x00, 0x00, 0x00, 0x00, 0x00, 0x00, 0x00, 0x00, 0x00, 0x00,
    0x00, 0x00, 0x00, 0x00, 0x00, 0x00, 0x00, 0x00, 0x00, 0x00, 0x00, 0x00, 0x00, 0x00, 0x00, 0x00,
    0x00, 0x00, 0x00, 0x00, 0x00, 0x00, 0x00, 0x00, 0x00, 0x00, 0x00, 0x00, 0x00, 0x00, 0x00, 0x00,
    0x00, 0x00, 0x00, 0x00, 0x00, 0x00, 0x00, 0x00, 0x00, 0x00, 0x00, 0x00, 0x00, 0x00, 0x00, 0x00,
    0x00, 0x00, 0x00, 0x00, 0x00, 0x00, 0x00, 0x00, 0x00, 0x00, 0x00, 0x00, 0x00, 0x00, 0x00, 0x00,
    0x00, 0x00, 0x00, 0x00, 0x00, 0x00, 0x00, 0x00, 0x00, 0x00, 0x00, 0x00, 0x00, 0x00, 0x00, 0x00,
    0x00, 0x00, 0x00, 0x00, 0x00, 0x00, 0x00, 0x00, 0x00, 0x00, 0x00, 0x00, 0x00, 0x00, 0x00, 0x00,
    0x00, 0x00, 0x00, 0x00, 0x00, 0x00, 0x00, 0x00, 0x00, 0x00, 0x00, 0x00, 0x00, 0x00, 0x00, 0x00,
    0x00, 0x00, 0x00, 0x00, 0x00, 0x00, 0x00, 0x00, 0x00, 0x00, 0x00, 0x00, 0x00, 0x00, 0x00, 0x00,
    0x00, 0x00, 0x00, 0x00, 0x00, 0x00, 0x00, 0x00, 0x00, 0x00, 0x00, 0x00, 0x00, 0x00, 0x00, 0x00,
    0x00, 0x00, 0x00, 0x00, 0x00, 0x00, 0x00, 0x00, 0x00, 0x00, 0x00, 0x00, 0x00, 0x00, 0x00, 0x00,
    0x00, 0x00, 0x00, 0x00, 0x00, 0x00, 0x00, 0x00, 0x00, 0x00, 0x00, 0x00, 0x00, 0x00, 0x00, 0x00,
    0x00, 0x00, 0x00, 0x00, 0x00, 0x00, 0x00, 0x00, 0x00, 0x00, 0x00, 0x00, 0x00, 0x00, 0x00, 0x00,
    0x00, 0x00, 0x00, 0x00, 0x00, 0x00, 0x00, 0x00, 0x00, 0x00, 0x00, 0x00, 0x00, 0x00, 0x00, 0x00,
    0x00, 0x00, 0x00, 0x00, 0x00, 0x00, 0x00, 0x00, 0x00, 0x00, 0x00, 0x00, 0x00, 0x00, 0x00, 0x00,
    0x00, 0x00, 0x00, 0x00, 0x00, 0x00, 0x00, 0x00, 0x00, 0x00, 0x00, 0x00, 0x00, 0x00, 0x00, 0x00,
    0x00, 0x00, 0x00, 0x00, 0x00, 0x00, 0x00, 0x00, 0x00, 0x00, 0x07, 0xFF, 0x07, 0x7F, 0x07, 0x7F,
    0x07, 0x7F, 0x07, 0x7F, 0x07, 0x7F, 0x07, 0x7F, 0x07, 0x7F, 0x07, 0x7F, 0x07, 0x7F, 0x07, 0x7F,
    0x07, 0x7F, 0x07, 0x7F, 0x07, 0x7F, 0x07, 0x7F, 0x07, 0x7F, 0x07, 0x7F, 0x07, 0x7F, 0x07, 0x7F,
    0x07, 0x7F, 0x07, 0x7F, 0x07, 0x7F, 0x07, 0x7F, 0x07, 0x7F, 0x07, 0x7F, 0x07, 0x7F, 0x07, 0x7F,
    0x07, 0x7F, 0x07, 0x7F, 0x07, 0x7F, 0x07, 0x7F, 0x07, 0xFF, 0x00, 0x00, 0x00, 0x00, 0x00, 0x00,
    0x00, 0x00, 0x00, 0x00, 0x00, 0x00, 0x00, 0x00, 0x00, 0x00, 0x00, 0x00, 0x00, 0x00, 0x00, 0x00,
    0x00, 0x00, 0x00, 0x00, 0x00, 0x00, 0x00, 0x00, 0x00, 0x00, 0x00, 0x00, 0x00, 0x00, 0x00, 0x00,
    0x00, 0x00, 0x00, 0x00, 0x00, 0x00, 0x00, 0x00, 0x00, 0x00, 0x00, 0x00, 0x00, 0x00, 0x00, 0x00,
    0x00, 0x00, 0x00, 0x00, 0x00, 0x00, 0x00, 0x00, 0x00, 0x00, 0x00, 0x00, 0x00, 0x00, 0x00, 0x00,
    0x00, 0x00, 0x00, 0x00, 0x00, 0x00, 0x00, 0x00, 0x00, 0x00, 0x00, 0x00, 0x00, 0x00, 0x00, 0x00,
    0x00, 0x00, 0x00, 0x00, 0x00, 0x00, 0x00, 0x00, 0x00, 0x00, 0x00, 0x00, 0x00, 0x00, 0x00, 0x00,
    0x00, 0x00, 0x00, 0x00, 0x00, 0x00, 0x00, 0x00, 0x00, 0x00, 0x00, 0x00, 0x00, 0x00, 0x00, 0x00,
    0x00, 0x00, 0x00, 0x00, 0x00, 0x00, 0x00, 0x00, 0x00, 0x00, 0x00, 0x00, 0x00, 0x00, 0x00, 0x00,
    0x00, 0x00, 0x00, 0x00, 0x00, 0x00, 0x00, 0x00, 0x00, 0x00, 0x00, 0x00, 0x00, 0x00, 0x00, 0x00,
    0x00, 0x00, 0x00, 0x00, 0x00, 0x00, 0x00, 0x00, 0x00, 0x00, 0x00, 0x00, 0x00, 0x00, 0x00, 0x00,
    0x00, 0x00, 0x00, 0x00, 0x00, 0x00, 0x00, 0x00, 0x00, 0x00, 0x00, 0x00, 0x00, 0x00, 0x00, 0x00,
    0x00, 0x00, 0x00, 0x00, 0x00, 0x00, 0x00, 0x00, 0x00, 0x00, 0x00, 0x00, 0x00, 0x00, 0x00, 0x00,
    0x00, 0x00, 0x00, 0x00, 0x00, 0x00, 0x00, 0x00, 0x00, 0x00, 0x00, 0x00, 0x00, 0x00, 0x00, 0x00,
    0x00, 0x00, 0x00, 0x00, 0x00, 0x00, 0x00, 0x00, 0x00, 0x00, 0x00, 0x00, 0x00, 0x00, 0x00, 0x00,
    0x00, 0x00, 0x00, 0x00, 0x00, 0x00, 0x00, 0x00, 0x00, 0x00, 0x00, 0x00, 0x00, 0x00, 0x00, 0x00,
    0x00, 0x00, 0x00, 0x00, 0x00, 0x00, 0x00, 0x00, 0x00, 0x00, 0x00, 0x00, 0x00, 0x00, 0x00, 0x00,
    0x00, 0x00, 0x00, 0x00, 0x00, 0x00, 0x00, 0x00, 0x00, 0x00, 0x00, 0x00, 0x00, 0x00, 0x00, 0x00,
    0x00, 0x00, 0x00, 0x00, 0x00, 0x00, 0x00, 0x00, 0x00, 0x00, 0x00, 0x00, 0x00, 0x00, 0x00, 0x00,
    0x00, 0x00, 0x00, 0x00, 0x00, 0x00, 0x00, 0x00, 0x00, 0x00, 0x00, 0x00, 0x00, 0x00, 0x00, 0x00,
    0x00, 0x00, 0x00, 0x00, 0x00, 0x00, 0x00, 0x00, 0x00, 0x00, 0x00, 0x00, 0x00, 0x00, 0x00, 0x00,
    0x00, 0x00, 0x00, 0x00, 0x00, 0x00, 0x00, 0x00, 0x00, 0x00, 0x00, 0x00, 0x00, 0x00, 0x00, 0x00,
    0x00, 0x00, 0x00, 0x00, 0x00, 0x00, 0x00, 0x00, 0x00, 0x00, 0x00, 0x00, 0x00, 0x00, 0x00, 0x00,
    0x00, 0x00, 0x00, 0x00, 0x00, 0x00, 0x00, 0x00, 0x00, 0x00, 0x00, 0x00, 0x00, 0x00, 0x00, 0x00,
    0x00, 0x00, 0x00, 0x00, 0x00, 0x00, 0x00, 0x00, 0x00, 0x00, 0x00, 0x00, 0x00, 0x00, 0x00, 0x00,
    0x00, 0x00, 0x00, 0x00, 0x00, 0x00, 0x00, 0x00, 0x00, 0x00, 0x00, 0x00, 0x00, 0x00, 0x00, 0x00,
    0x00, 0x00, 0x00, 0x00, 0x00, 0x00, 0x00, 0x00, 0x00, 0x00, 0x00, 0x00, 0x00, 0x00, 0x00, 0x00
};

const uint8_t img_turn_signals_map[] = {
    0x00, 0x00, 0x00, 0x00, 0x00, 0x00, 0x00, 0x00, 0x00, 0x00, 0x00, 0x00, 0x00, 0x00, 0x00, 0x00,
    0x00, 0x00, 0x00, 0x00, 0x00, 0x00, 0x00, 0x00, 0x00, 0x00, 0x00, 0x00, 0x00, 0x00, 0x00, 0x00,
    0x00, 0x00, 0x00, 0x00, 0x00, 0x00, 0x00, 0x00, 0x00, 0x00, 0x00, 0x00, 0x00, 0x00, 0x00, 0x00,
    0x00, 0x00, 0x00, 0x00, 0x00, 0x00, 0x00, 0x00, 0x00, 0x00, 0x00, 0x00, 0x00, 0x00, 0x00, 0x00,
    0x00, 0x00, 0x00, 0x00, 0x00, 0x00, 0x00, 0x00, 0x00, 0x00, 0x00, 0x00, 0x00, 0x00, 0x00, 0x00,
    0x00, 0x00, 0x00, 0x00, 0x00, 0x00, 0x00, 0x00, 0x00, 0x00, 0x00, 0x00, 0x00, 0x00, 0x00, 0x00,
    0x00, 0x00, 0x00, 0x00, 0x00, 0x00, 0x00, 0x00, 0x00, 0x00, 0x00, 0x00, 0x00, 0x00, 0x00, 0x00,
    0x00, 0x00, 0x00, 0x00, 0x00, 0x00, 0x00, 0x00, 0x00, 0x00, 0x00, 0x00, 0x00, 0x00, 0x00, 0x00,
    0x00, 0x00, 0x00, 0x00, 0x00, 0x00, 0x00, 0x00, 0x00, 0x00, 0x00, 0x00, 0x00, 0x00, 0x00, 0x00,
    0x00, 0x00, 0x00, 0x00, 0x00, 0x00, 0x00, 0x00, 0x00, 0x00, 0x00, 0x00, 0x00, 0x00, 0x00, 0x00,
    0x00, 0x00, 0x00, 0x00, 0x00, 0x00, 0x00, 0x00, 0x00, 0x00, 0x00, 0x00, 0x00, 0x00, 0x00, 0x00,
    0x00, 0x00, 0x00, 0x00, 0x00, 0x00, 0x00, 0x00, 0x00, 0x00, 0x00, 0x00, 0x00, 0x00, 0x00, 0x00,
    0x00, 0x00, 0x00, 0x00, 0x00, 0x00, 0x00, 0x00, 0x00, 0x00, 0x00, 0x00, 0x00, 0x00, 0x00, 0x00,
    0x00, 0x00, 0x00, 0x00, 0x00, 0x00, 0x00, 0x00, 0x00, 0x00, 0x00, 0x00, 0x00, 0x00, 0x00, 0x00,
    0x00, 0x00, 0x00, 0x00, 0x00, 0x00, 0x00, 0x00, 0x00, 0x00, 0x00, 0x00, 0x00, 0x00, 0x00, 0x00,
    0x00, 0x00, 0x00, 0x00, 0x00, 0x00, 0x00, 0x00, 0x00, 0x00, 0x00, 0x00, 0x00, 0x00, 0x00, 0x00,
    0x00, 0x00, 0x00, 0x00, 0x00, 0x00, 0x00, 0x00, 0x00, 0x00, 0x00, 0x00, 0x00, 0x00, 0x00, 0x00,
    0x00, 0x00, 0x00, 0x00, 0x00, 0x00, 0x00, 0x00, 0x00, 0x00, 0x00, 0x00, 0x00, 0x00, 0x00, 0x00,
    0x00, 0x00, 0x00, 0x00, 0x00, 0x00, 0x00, 0x00, 0x00, 0x00, 0x00, 0x00, 0x00, 0x00, 0x00, 0x00,
    0x00, 0x00, 0x00, 0x00, 0x00, 0x00, 0x00, 0x00, 0x00, 0x00, 0x00, 0x00, 0x00, 0x00, 0x00, 0x00,
    0x00, 0x00, 0x00, 0x00, 0x00, 0x00, 0x00, 0x00, 0x00, 0x00, 0x00, 0x00, 0x00, 0x00, 0x00, 0x00,
    0x00, 0x00, 0x00, 0x00, 0x00, 0x00, 0x00, 0x00, 0x00, 0x00, 0x00, 0x00, 0x00, 0x00, 0x00, 0x00,
    0x00, 0x00, 0x00, 0x00, 0x00, 0x00, 0x00, 0x00, 0x00, 0x00, 0x00, 0x00, 0x00, 0x00, 0x00, 0x00,
    0x00, 0x00, 0x00, 0x00, 0x00, 0x00, 0x00, 0x00, 0x00, 0x00, 0x00, 0x00, 0x00, 0x00, 0x00, 0x00,
    0x00, 0x00, 0x00, 0x00, 0x00, 0x00, 0x00, 0x00, 0x00, 0x00, 0x00, 0x00, 0x00, 0x00, 0x00, 0x00,
    0x00, 0x00, 0x00, 0x00, 0x00, 0x00, 0x00, 0x00, 0x00, 0x00, 0x00, 0x00, 0x00, 0x00, 0x00, 0x00,
    0x00, 0x00, 0x00, 0x00, 0x00, 0x00, 0x00, 0x00, 0x00, 0x00, 0x00, 0x00, 0x00, 0x00, 0x00, 0x00,
    0x00, 0x00, 0x00, 0x00, 0x00, 0x00, 0x00, 0x00, 0x00, 0x00, 0x00, 0x00, 0x00, 0x00, 0x00, 0x00,
    0x00, 0x00, 0x00, 0x00, 0x00, 0x00, 0x00, 0x00, 0x00, 0x00, 0x00, 0x00, 0x00, 0x00, 0x00, 0x00,
    0x00, 0x00, 0x00, 0x00, 0x00, 0x00, 0x00, 0x00, 0x00, 0x00, 0x00, 0x00, 0x00, 0x00, 0x00, 0x00,
    0x00, 0x00, 0x00, 0x00, 0x00, 0x00, 0x00, 0x00, 0x00, 0x00, 0x00, 0x00, 0x00, 0x00, 0x00, 0x00,
    0x00, 0x00, 0x00, 0x00, 0x00, 0x00, 0x00, 0x00, 0x00, 0x00, 0x00, 0x00, 0x00, 0x00, 0x00, 0x00,
    0x00, 0x00, 0x00, 0x00, 0x00, 0x00, 0x00, 0x00, 0x00, 0x00, 0x00, 0x00, 0x00, 0x00, 0x00, 0x00,
    0x00, 0x00, 0x00, 0x00, 0x00, 0x00, 0x00, 0x00, 0x00, 0x00, 0x00, 0x00, 0x00, 0x00, 0x00, 0x00,
    0x00, 0x00, 0x00, 0x00, 0x00, 0x00, 0x00, 0x00, 0x00, 0x00, 0x00, 0x00, 0x00, 0x00, 0x00, 0x00,
    0x00, 0x00, 0x00, 0x00, 0x00, 0x00, 0x00, 0x00, 0x00, 0x00, 0x00, 0x00, 0x00, 0x00, 0x00, 0x00,
    0x00, 0x00, 0x00, 0x00, 0x00, 0x00, 0x00, 0x00, 0x00, 0x00, 0x00, 0x00, 0x00, 0x00, 0x00, 0x00,
    0x00, 0x00, 0x00, 0x00, 0x00, 0x00, 0x00, 0x00, 0x00, 0x00, 0x00, 0x00, 0x00, 0x00, 0x00, 0x00,
    0x00, 0x00, 0x00, 0x00, 0x00, 0x00, 0x00, 0x00, 0x00, 0x00, 0x00, 0x00, 0x00, 0x00, 0x00, 0x00,
    0x00, 0x00, 0x00, 0x00, 0x00, 0x00, 0x00, 0x00, 0x00, 0x00, 0x00, 0x00, 0x00, 0x00, 0x00, 0x00,
    0x00, 0x00, 0x00, 0x00, 0x00, 0x00, 0x00, 0x00, 0x00, 0x00, 0x00, 0x00, 0x00, 0x00, 0x00, 0x00,
    0x00, 0x00, 0x00, 0x00, 0x00, 0x00, 0x00, 0x00, 0x00, 0x00, 0x00, 0x00, 0x00, 0x00, 0x00, 0x00,
    0x00, 0x00, 0x00, 0x00, 0x00, 0x00, 0x00, 0x00, 0x00, 0x00, 0x00, 0x00, 0x00, 0x00, 0x00, 0x00,
    0x00, 0x00, 0x00, 0x00, 0x00, 0x00, 0x00, 0x00, 0x00, 0x00, 0x00, 0x00, 0x00, 0x00, 0x00, 0x00,
    0x00, 0x00, 0x00, 0x00, 0x00, 0x00, 0x00, 0x00, 0x00, 0x00, 0x00, 0x00, 0x00, 0x00, 0x00, 0x00,
    0x00, 0x00, 0x00, 0x00, 0x00, 0x00, 0x00, 0x00, 0x00, 0x00, 0x00, 0x00, 0x00, 0x00, 0x00, 0x00,
    0x00, 0x00, 0x00, 0x00, 0x00, 0x00, 0x00, 0x00, 0x00, 0x00, 0x00, 0x00, 0x00, 0x00, 0x00, 0x00,
    0x00, 0x00, 0x00, 0x00, 0x00, 0x00, 0x00, 0x00, 0x00, 0x00, 0x00, 0x00, 0x00, 0x00, 0x00, 0x00,
    0x00, 0x00, 0x00, 0x00, 0x00, 0x00, 0x00, 0x00, 0x00, 0x00, 0x00, 0x00, 0x00, 0x00, 0x00, 0x00,
    0x00, 0x00, 0x00, 0x00, 0x00, 0x00, 0x00, 0x00, 0x00, 0x00, 0x00, 0x00, 0x00, 0x00, 0x00, 0x00,
    0x00, 0x00, 0x00, 0x00, 0x00, 0x00, 0x00, 0x00, 0x00, 0x00, 0x00, 0x00, 0x00, 0x00, 0x00, 0x00,
    0x00, 0x00, 0x00, 0x00, 0x00, 0x00, 0x00, 0x00, 0x00, 0x00, 0x00, 0x00, 0x00, 0x00, 0x00, 0x00,
    0x00, 0x00, 0x00, 0x00, 0x00, 0x00, 0x00, 0x00, 0x00, 0x00, 0x00, 0x00, 0x00, 0x00, 0x00, 0x00,
    0x00, 0x00, 0x00, 0x00, 0x00, 0x00, 0x00, 0x00, 0x00, 0x00, 0x00, 0x00, 0x00, 0x00, 0x00, 0x00,
    0x00, 0x00, 0x00, 0x00, 0x00, 0x00, 0x00, 0x00, 0x00, 0x00, 0x00, 0x00, 0x00, 0x00, 0x00, 0x00,
    0x00, 0x00, 0x00, 0x00, 0x00, 0x00, 0x00, 0x00, 0x00, 0x00, 0x00, 0x00, 0x00, 0x00, 0x00, 0x00,
    0x00, 0x00, 0x00, 0x00, 0x00, 0x00, 0x00, 0x00, 0x00, 0x00, 0x00, 0x00, 0x00, 0x00, 0x00, 0x00,
    0x00, 0x00, 0x00, 0x00, 0x00, 0x00, 0x00, 0x00, 0x00, 0x00, 0x00, 0x00, 0x00, 0x00, 0x00, 0x00,
    0x00, 0x00, 0x00, 0x00, 0x00, 0x00, 0x00, 0x00, 0x00, 0x00, 0x00, 0x00, 0x00, 0x00, 0x00, 0x00,
    0x00, 0x00, 0x00, 0x00, 0x00, 0x00, 0x00, 0x00, 0x00, 0x00, 0x00, 0x00, 0x00, 0x00, 0x00, 0x00,
    0x00, 0x00, 0x00, 0x00, 0x00, 0x00, 0x00, 0x00, 0x00, 0x00, 0x00, 0x00, 0x00, 0x00, 0x00, 0x00,
    0x00, 0x00, 0x00, 0x00, 0x00, 0x00, 0x00, 0x00, 0x00, 0x00, 0x00, 0x00, 0x00, 0x00, 0x00, 0x00,
    0x00, 0x00, 0x00, 0x00, 0x00, 0x00, 0x00, 0x00, 0x00, 0x00, 0x00, 0x00, 0x00, 0x00, 0x00, 0x00,
    0x00, 0x00, 0x00, 0x00, 0x00, 0x00, 0x00, 0x00, 0x00, 0x00, 0x00, 0x00, 0x00, 0x00, 0x00, 0x00,
    0x00, 0x00, 0x00, 0x00, 0x00, 0x00, 0x00, 0x00, 0x00, 0x00, 0x00, 0x00, 0x00, 0x00, 0x00, 0x00,
    0x00, 0x00, 0x00, 0x00, 0x00, 0x00, 0x00, 0x00, 0x00, 0x00, 0x00, 0x00, 0x00, 0x00, 0x00, 0x00,
    0x00, 0x00, 0x00, 0x00, 0x00, 0x00, 0x00, 0x00, 0x00, 0x00, 0x00, 0x00, 0x00, 0x00, 0x00, 0x00,
    0x00, 0x00, 0x00, 0x00, 0x00, 0x00, 0x00, 0x00, 0x00, 0x00, 0x00, 0x00, 0x00, 0x00, 0x00, 0x00,
    0x00, 0x00, 0x00, 0x00, 0x00, 0x00, 0x00, 0x00, 0x00, 0x00, 0x00, 0x00, 0x00, 0x00, 0x00, 0x00,
    0x00, 0x00, 0x00, 0x00, 0x00, 0x00, 0x00, 0x00, 0x00, 0x00, 0x00, 0x00, 0x00, 0x00, 0x00, 0x00,
    0x00, 0x00, 0x00, 0x00, 0x00, 0x00, 0x00, 0x00, 0x00, 0x00, 0x00, 0x00, 0x00, 0x00, 0x00, 0x00,
    0x00, 0x00, 0x00, 0x00, 0x00, 0x00, 0x00, 0x00, 0x00, 0x00, 0x00, 0x00, 0x00, 0x00, 0x00, 0x00,
    0x00, 0x00, 0x00, 0x00, 0x00, 0x00, 0x00, 0x00, 0x00, 0x00, 0x00, 0x00, 0x00, 0x00, 0x00, 0x00,
    0x00, 0x00, 0x00, 0x00, 0x00, 0x00, 0x00, 0x00, 0x00, 0x00, 0x00, 0x00, 0x00, 0x00, 0x00, 0x00,
    0x00, 0x00, 0x00, 0x00, 0x00, 0x00, 0x00, 0x00, 0x00, 0x00, 0x00, 0x00, 0x00, 0x00, 0x00, 0x00,
    0x00, 0x00, 0x00, 0x00, 0x00, 0x00, 0x00, 0x00, 0x00, 0x00, 0x00, 0x00, 0x00, 0x00, 0x00, 0x00,
    0x00, 0x00, 0x00, 0x00, 0x00, 0x00, 0x00, 0x00, 0x00, 0x00, 0x00, 0x00, 0x00, 0x00, 0x00, 0x00,
    0x00, 0x00, 0x00, 0x00, 0x00, 0x00, 0x00, 0x00, 0x00, 0x00, 0x00, 0x00, 0x00, 0x00, 0x00, 0x00,
    0x00, 0x00, 0x00, 0x00, 0x00, 0x00, 0x00, 0x00, 0x00, 0x00, 0x00, 0x00, 0x00, 0x00, 0x00, 0x00,
    0x00, 0x00, 0x00, 0x00, 0x00, 0x00, 0x00, 0x00, 0x00, 0x00, 0x00, 0x00, 0x00, 0x00, 0x00, 0x00,
    0x00, 0x00, 0x00, 0x00, 0x00, 0x00, 0x00, 0x00, 0x00, 0x00, 0x00, 0x00, 0x00, 0x00, 0x00, 0x00,
    0x00, 0x00, 0x00, 0x00, 0x00, 0x00, 0x00, 0x00, 0x00, 0x00, 0x00, 0x00, 0x00, 0x00, 0x00, 0x00,
    0x00, 0x00, 0x00, 0x00, 0x00, 0x00, 0x00, 0x00, 0x00, 0x00, 0x00, 0x00, 0x00, 0x00, 0x00, 0x00,
    0x00, 0x00, 0x00, 0x00, 0x00, 0x00, 0x00, 0x00, 0x00, 0x00, 0x00, 0x00, 0x00, 0x00, 0x00, 0x00,
    0x00, 0x00, 0x00, 0x00, 0x00, 0x00, 0x00, 0x00, 0x00, 0x00, 0x00, 0x00, 0x00, 0x00, 0x00, 0x00,
    0x00, 0x00, 0x00, 0x00, 0x00, 0x00, 0x00, 0x00, 0x00, 0x00, 0x00, 0x00, 0x00, 0x00, 0x00, 0x00,
    0x00, 0x00, 0x00, 0x00, 0x00, 0x00, 0x00, 0x00, 0x00, 0x00, 0x00, 0x00, 0x00, 0x00, 0x00, 0x00,
    0x00, 0x00, 0x00, 0x00, 0x00, 0x00, 0x00, 0x00, 0x00, 0x00, 0x00, 0x00, 0x00, 0x00, 0x00, 0x00,
    0x00, 0x00, 0x00, 0x00, 0x00, 0x00, 0x00, 0x00, 0x00, 0x00, 0x00, 0x00, 0x00, 0x00, 0x00, 0x00,
    0x00, 0x00, 0x00, 0x00, 0x00, 0x00, 0x00, 0x00, 0x00, 0x00, 0x00, 0x00, 0x00, 0x00, 0x00, 0x00,
    0x00, 0x00, 0x00, 0x00, 0x00, 0x00, 0x00, 0x00, 0x00, 0x00, 0x00, 0x00, 0x00, 0x00, 0x00, 0x00,
    0x00, 0x00, 0x00, 0x00, 0x00, 0x00, 0x00, 0x00, 0x00, 0x00, 0x00, 0x00, 0x00, 0x00, 0x00, 0x00,
    0x00, 0x00, 0x00, 0x00, 0x00, 0x00, 0x00, 0x00, 0x00, 0x00, 0x00, 0x00, 0x00, 0x00, 0x00, 0x00,
    0x00, 0x00, 0x00, 0x00, 0x00, 0x00, 0x00, 0x00, 0x00, 0x00, 0x00, 0x00, 0x00, 0x00, 0x00, 0x00,
    0x00, 0x00, 0x00, 0x00, 0x00, 0x00, 0x00, 0x00, 0x00, 0x00, 0x00, 0x00, 0x00, 0x00, 0x00, 0x00,
    0x00, 0x00, 0x00, 0x00, 0x00, 0x00, 0x00, 0x00, 0x00, 0x00, 0x00, 0x00, 0x00, 0x00, 0x00, 0x00,
    0x00, 0x00, 0x00, 0x00, 0x00, 0x00, 0x00, 0x00, 0x00, 0x00, 0x00, 0x00, 0x00, 0x00, 0x00, 0x00,
    0x00, 0x00, 0x00, 0x00, 0x00, 0x00, 0x00, 0x00, 0x00, 0x00, 0x00, 0x00, 0x00, 0x00, 0x00, 0x00,
    0x00, 0x00, 0x00, 0x00, 0x00, 0x00, 0x00, 0x00, 0x00, 0x00, 0x00, 0x00, 0x00, 0x00, 0x00, 0x00,
    0x00, 0x00, 0x00, 0x00, 0x00, 0x00, 0x00, 0x00, 0x00, 0x00, 0x00, 0x00, 0x00, 0x00, 0x00, 0x00,
    0x00, 0x00, 0x00, 0x00, 0x00, 0x00, 0x00, 0x00, 0x00, 0x00, 0x00, 0x00, 0x00, 0x00, 0x00, 0x00,
    0x00, 0x00, 0x00, 0x00, 0x00, 0x00, 0x00, 0x00, 0x00, 0x00, 0x00, 0x00, 0x00, 0x00, 0x00, 0x00,
    0x00, 0x00, 0x00, 0x00, 0x00, 0x00, 0x00, 0x00, 0x00, 0x00, 0x00, 0x00, 0x00, 0x00, 0x00, 0x00,
    0x00, 0x00, 0x00, 0x00, 0x00, 0x00, 0x00, 0x00, 0x00, 0x00, 0x00, 0x00, 0x00, 0x00, 0x00, 0x00,
    0x00, 0x00, 0x00, 0x00, 0x00, 0x00, 0x00, 0x00, 0x00, 0x00, 0x00, 0x00, 0x00, 0x00, 0x00, 0x00,
    0x00, 0x00, 0x00, 0x00, 0x00, 0x00, 0x00, 0x00, 0x00, 0x00, 0x00, 0x00, 0x00, 0x00, 0x00, 0x00,
    0x00, 0x00, 0x00, 0x00, 0x00, 0x00, 0x00, 0x00, 0x00, 0x00, 0x00, 0x00, 0x00, 0x00, 0x00, 0x00,
    0x00, 0x00, 0x00, 0x00, 0x00, 0x00, 0x00, 0x00, 0x00, 0x00, 0x00, 0x00, 0x00, 0x00, 0x00, 0x00,
    0x00, 0x00, 0x00, 0x00, 0x00, 0x00, 0x00, 0x00, 0x00, 0x00, 0x00, 0x00, 0x00, 0x00, 0x00, 0x00,
    0x00, 0x00, 0x00, 0x00, 0x00, 0x00, 0x00, 0x00, 0x00, 0x00, 0x00, 0x00, 0x00, 0x00, 0x00, 0x00,
    0x00, 0x00, 0x00, 0x00, 0x00, 0xC3, 0x00, 0xC3, 0x00, 0x00, 0x00, 0x00, 0x00, 0x00, 0x00, 0x00,
    0x00, 0x00, 0x00, 0x00, 0x00, 0x00, 0x00, 0x00, 0x00, 0x00, 0x00, 0x00, 0x00, 0x00, 0x00, 0x00,
    0x00, 0x00, 0x00, 0x00, 0x00, 0x00, 0x00, 0x00, 0x00, 0x00, 0x00, 0x00, 0x00, 0x00, 0x00, 0x00,
    0x00, 0x00, 0x00, 0x00, 0x00, 0x00, 0x00, 0x00, 0x00, 0x00, 0x00, 0x00, 0x00, 0x00, 0x00, 0x00,
    0x00, 0x00, 0x00, 0x00, 0x00, 0x00, 0x00, 0x00, 0x00, 0x00, 0x00, 0x00, 0x00, 0x00, 0x00, 0x00,
    0x00, 0x00, 0x00, 0x00, 0x00, 0x00, 0x00, 0x00, 0x00, 0x00, 0x00, 0x00, 0x00, 0x00, 0x00, 0x00,
    0x00, 0x00, 0x00, 0x00, 0x00, 0x00, 0x00, 0x00, 0x00, 0x00, 0x00, 0x00, 0x00, 0x00, 0x00, 0x00,
    0x00, 0x00, 0x00, 0x00, 0x00, 0x00, 0x00, 0x00, 0x00, 0x00, 0x00, 0x00, 0x00, 0x00, 0x00, 0x00,
    0x00, 0x00, 0x00, 0x00, 0x00, 0x00, 0x00, 0x00, 0x00, 0x00, 0x00, 0x00, 0x00, 0x00, 0x00, 0x00,
    0x00, 0x00, 0x00, 0x00, 0x00, 0x00, 0x00, 0x00, 0x00, 0x00, 0x00, 0x00, 0x00, 0x00, 0x00, 0x00,
    0x00, 0x00, 0x00, 0x00, 0x00, 0x00, 0x00, 0x00, 0x00, 0x00, 0x00, 0x00, 0x00, 0x00, 0x00, 0x00,
    0x00, 0x00, 0x00, 0x00, 0x00, 0x00, 0x00, 0x00, 0x00, 0x00, 0x00, 0x00, 0x00, 0x00, 0x00, 0x00,
    0x00, 0x00, 0x00, 0x00, 0x00, 0x00, 0x00, 0x00, 0x00, 0x00, 0x00, 0x00, 0x00, 0x00, 0x00, 0x00,
    0x00, 0x00, 0x00, 0x00, 0x00, 0x00, 0x00, 0x00, 0x01, 0x04, 0x00, 0xE4, 0x00, 0x21, 0x00, 0x00,
    0x00, 0x00, 0x00, 0x00, 0x00, 0x00, 0x00, 0x00, 0x00, 0x00, 0x00, 0x00, 0x00, 0x00, 0x00, 0x00,
    0x00, 0x00, 0x00, 0x00, 0x00, 0x00, 0x00, 0x00, 0x00, 0x00, 0x00, 0x00, 0x00, 0x00, 0x00, 0x00,
    0x00, 0x00, 0x00, 0x00, 0x00, 0x00, 0x00, 0x00, 0x00, 0x00, 0x00, 0x00, 0x00, 0x00, 0x00, 0x00,
    0x00, 0x00, 0x00, 0x00, 0x00, 0x00, 0x00, 0x00, 0x00, 0x00, 0x00, 0x00, 0x00, 0x00, 0x00, 0x00,
    0x00, 0x00, 0x00, 0x00, 0x00, 0x00, 0x00, 0x00, 0x00, 0x00, 0x00, 0x00, 0x00, 0x00, 0x00, 0x00,
    0x00, 0x00, 0x00, 0x00, 0x00, 0x00, 0x00, 0x00, 0x00, 0x00, 0x00, 0x00, 0x00, 0x00, 0x00, 0x00,
    0x00, 0x00, 0x00, 0x00, 0x00, 0x00, 0x00, 0x00, 0x00, 0x00, 0x00, 0x00, 0x00, 0x00, 0x00, 0x00,
    0x00, 0x00, 0x00, 0x00, 0x00, 0x00, 0x00, 0x00, 0x00, 0x00, 0x00, 0x00, 0x00, 0x00, 0x00, 0x00,
    0x00, 0x00, 0x00, 0x00, 0x00, 0x00, 0x00, 0x00, 0x00, 0x00, 0x00, 0x00, 0x00, 0x00, 0x00, 0x00,
    0x00, 0x00, 0x00, 0x00, 0x00, 0x00, 0x00, 0x00, 0x00, 0x00, 0x00, 0x00, 0x00, 0x00, 0x00, 0x00,
    0x00, 0x00, 0x00, 0x00, 0x00, 0x00, 0x00, 0x00, 0x00, 0x00, 0x00, 0x00, 0x00, 0x00, 0x00, 0x00,
    0x00, 0x00, 0x00, 0x00, 0x00, 0x00, 0x00, 0x00, 0x00, 0x00, 0x00, 0x00, 0x00, 0x00, 0x00, 0x00,
    0x00, 0x82, 0x04, 0xB5, 0x07, 0x5F, 0x00, 0xC3, 0x00, 0x00, 0x00, 0x00, 0x00, 0x00, 0x00, 0x00,
    0x00, 0x00, 0x00, 0x00, 0x00, 0x00, 0x00, 0x00, 0x00, 0x00, 0x00, 0x00, 0x00, 0x00, 0x00, 0x00,
    0x00, 0x00, 0x00, 0x00, 0x00, 0x00, 0x00, 0x00, 0x00, 0x00, 0x00, 0x00, 0x00, 0x00, 0x00, 0x00,
    0x00, 0x00, 0x00, 0x00, 0x00, 0x00, 0x00, 0x00, 0x00, 0x00, 0x00, 0x00, 0x00, 0x00, 0x00, 0x00,
    0x00, 0x00, 0x00, 0x00, 0x00, 0x00, 0x00, 0x00, 0x00, 0x00, 0x00, 0x00, 0x00, 0x00, 0x00, 0x00,
    0x00, 0x00, 0x00, 0x00, 0x00, 0x00, 0x00, 0x00, 0x00, 0x00, 0x00, 0x00, 0x00, 0x00, 0x00, 0x00,
    0x00, 0x00, 0x00, 0x00, 0x00, 0x00, 0x00, 0x00, 0x00, 0x00, 0x00, 0x00, 0x00, 0x00, 0x00, 0x00,
    0x00, 0x00, 0x00, 0x00, 0x00, 0x00, 0x00, 0x00, 0x00, 0x00, 0x00, 0x00, 0x00, 0x00, 0x00, 0x00,
    0x00, 0x00, 0x00, 0x00, 0x00, 0x00, 0x00, 0x00, 0x00, 0x00, 0x00, 0x00, 0x00, 0x00, 0x00, 0x00,
    0x00, 0x00, 0x00, 0x00, 0x00, 0x00, 0x00, 0x00, 0x00, 0x00, 0x00, 0x00, 0x00, 0x00, 0x00, 0x00,
    0x00, 0x00, 0x00, 0x00, 0x00, 0x00, 0x00, 0x00, 0x00, 0x00, 0x00, 0x00, 0x00, 0x00, 0x00, 0x00,
    0x00, 0x00, 0x00, 0x00, 0x00, 0x00, 0x00, 0x00, 0x00, 0x00, 0x00, 0x00, 0x00, 0x00, 0x00, 0x00,
    0x00, 0x00, 0x00, 0x00, 0x00, 0x00, 0x00, 0x00, 0x00, 0x00, 0x00, 0x00, 0x00, 0x00, 0x00, 0x00,
    0x00, 0x00, 0x00, 0x00, 0x00, 0x00, 0x00, 0x00, 0x01, 0x04, 0x07, 0x3F, 0x03, 0xB0, 0x00, 0xA3,
    0x00, 0x00, 0x00, 0x00, 0x00, 0x00, 0x00, 0x00, 0x00, 0x00, 0x00, 0x00, 0x00, 0x00, 0x00, 0x00,
    0x00, 0x00, 0x00, 0x00, 0x00, 0x00, 0x00, 0x00, 0x00, 0x00, 0x00, 0x00, 0x00, 0x00, 0x00, 0x00,
    0x00, 0x00, 0x00, 0x00, 0x00, 0x00, 0x00, 0x00, 0x00, 0x00, 0x00, 0x00, 0x00, 0x00, 0x00, 0x00,
    0x00, 0x00, 0x00, 0x00, 0x00, 0x00, 0x00, 0x00, 0x00, 0x00, 0x00, 0x00, 0x00, 0x00, 0x00, 0x00,
    0x00, 0x00, 0x00, 0x00, 0x00, 0x00, 0x00, 0x00, 0x00, 0x00, 0x00, 0x00, 0x00, 0x00, 0x00, 0x00,
    0x00, 0x00, 0x00, 0x00, 0x00, 0x00, 0x00, 0x00, 0x00, 0x00, 0x00, 0x00, 0x00, 0x00, 0x00, 0x00,
    0x00, 0x00, 0x00, 0x00, 0x00, 0x00, 0x00, 0x00, 0x00, 0x00, 0x00, 0x00, 0x00, 0x00, 0x00, 0x00,
    0x00, 0x00, 0x00, 0x00, 0x00, 0x00, 0x00, 0x00, 0x00, 0x00, 0x00, 0x00, 0x00, 0x00, 0x00, 0x00,
    0x00, 0x00, 0x00, 0x00, 0x00, 0x00, 0x00, 0x00, 0x00, 0x00, 0x00, 0x00, 0x00, 0x00, 0x00, 0x00,
    0x00, 0x00, 0x00, 0x00, 0x00, 0x00, 0x00, 0x00, 0x00, 0x00, 0x00, 0x00, 0x00, 0x00, 0x00, 0x00,
    0x00, 0x00, 0x00, 0x00, 0x00, 0x00, 0x00, 0x00, 0x00, 0x00, 0x00, 0x00, 0x00, 0x00, 0x00, 0x00,
    0x00, 0x00, 0x00, 0x00, 0x00, 0x00, 0x00, 0x00, 0x00, 0x00, 0x00, 0x00, 0x00, 0x41, 0x02, 0x08,
    0x07, 0x5F, 0x07, 0x5F, 0x07, 0x5F, 0x00, 0xC3, 0x00, 0x00, 0x00, 0x00, 0x00, 0x00, 0x00, 0x00,
    0x00, 0x00, 0x00, 0x00, 0x00, 0x00, 0x00, 0x00, 0x00, 0x00, 0x00, 0x00, 0x00, 0x00, 0x00, 0x00,
    0x00, 0x00, 0x00, 0x00, 0x00, 0x00, 0x00, 0x00, 0x00, 0x00, 0x00, 0x00, 0x00, 0x00, 0x00, 0x00,
    0x00, 0x00, 0x00, 0x00, 0x00, 0x00, 0x00, 0x00, 0x00, 0x00, 0x00, 0x00, 0x00, 0x00, 0x00, 0x00,
    0x00, 0x00, 0x00, 0x00, 0x00, 0x00, 0x00, 0x00, 0x00, 0x00, 0x00, 0x00, 0x00, 0x00, 0x00, 0x00,
    0x00, 0x00, 0x00, 0x00, 0x00, 0x00, 0x00, 0x00, 0x00, 0x00, 0x00, 0x00, 0x00, 0x00, 0x00, 0x00,
    0x00, 0x00, 0x00, 0x00, 0x00, 0x00, 0x00, 0x00, 0x00, 0x00, 0x00, 0x00, 0x00, 0x00, 0x00, 0x00,
    0x00, 0x00, 0x00, 0x00, 0x00, 0x00, 0x00, 0x00, 0x00, 0x00, 0x00, 0x00, 0x00, 0x00, 0x00, 0x00,
    0x00, 0x00, 0x00, 0x00, 0x00, 0x00, 0x00, 0x00, 0x00, 0x00, 0x00, 0x00, 0x00, 0x00, 0x00, 0x00,
    0x00, 0x00, 0x00, 0x00, 0x00, 0x00, 0x00, 0x00, 0x00, 0x00, 0x00, 0x00, 0x00, 0x00, 0x00, 0x00,
    0x00, 0x00, 0x00, 0x00, 0x00, 0x00, 0x00, 0x00, 0x00, 0x00, 0x00, 0x00, 0x00, 0x00, 0x00, 0x00,
    0x00, 0x00, 0x00, 0x00, 0x00, 0x00, 0x00, 0x00, 0x00, 0x00, 0x00, 0x00, 0x00, 0x00, 0x00, 0x00,
    0x00, 0x00, 0x00, 0x00, 0x00, 0x00, 0x00, 0x00, 0x00, 0x00, 0x00, 0x00, 0x00, 0x00, 0x00, 0x00,
    0x00, 0x00, 0x00, 0x00, 0x00, 0x00, 0x00, 0x00, 0x01, 0x04, 0x07, 0x3F, 0x07, 0x3F, 0x07, 0x3F,
    0x03, 0xB0, 0x00, 0x21, 0x00, 0x00, 0x00, 0x00, 0x00, 0x00, 0x00, 0x00, 0x00, 0x00, 0x00, 0x00,
    0x00, 0x00, 0x00, 0x00, 0x00, 0x00, 0x00, 0x00, 0x00, 0x00, 0x00, 0x00, 0x00, 0x00, 0x00, 0x00,
    0x00, 0x00, 0x00, 0x00, 0x00, 0x00, 0x00, 0x00, 0x00, 0x00, 0x00, 0x00, 0x00, 0x00, 0x00, 0x00,
    0x00, 0x00, 0x00, 0x00, 0x00, 0x00, 0x00, 0x00, 0x00, 0x00, 0x00, 0x00, 0x00, 0x00, 0x00, 0x00,
    0x00, 0x00, 0x00, 0x00, 0x00, 0x00, 0x00, 0x00, 0x00, 0x00, 0x00, 0x00, 0x00, 0x00, 0x00, 0x00,
    0x00, 0x00, 0x00, 0x00, 0x00, 0x00, 0x00, 0x00, 0x00, 0x00, 0x00, 0x00, 0x00, 0x00, 0x00, 0x00,
    0x00, 0x00, 0x00, 0x00, 0x00, 0x00, 0x00, 0x00, 0x00, 0x00, 0x00, 0x00, 0x00, 0x00, 0x00, 0x00,
    0x00, 0x00, 0x00, 0x00, 0x00, 0x00, 0x00, 0x00, 0x00, 0x00, 0x00, 0x00, 0x00, 0x00, 0x00, 0x00,
    0x00, 0x00, 0x00, 0x00, 0x00, 0x00, 0x00, 0x00, 0x00, 0x00, 0x00, 0x00, 0x00, 0x00, 0x00, 0x00,
    0x00, 0x00, 0x00, 0x00, 0x00, 0x00, 0x00, 0x00, 0x00, 0x00, 0x00, 0x00, 0x00, 0x00, 0x00, 0x00,
    0x00, 0x00, 0x00, 0x00, 0x00, 0x00, 0x00, 0x00, 0x00, 0x00, 0x00, 0x00, 0x00, 0x00, 0x00, 0x00,
    0x00, 0x00, 0x00, 0x00, 0x00, 0x00, 0x00, 0x00, 0x00, 0x00, 0x01, 0x45, 0x07, 0x5F, 0x07, 0x5F,
    0x07, 0x5F, 0x07, 0x5F, 0x07, 0x5F, 0x00, 0xC3, 0x00, 0x00, 0x00, 0x00, 0x00, 0x00, 0x00, 0x00,
    0x00, 0x00, 0x00, 0x00, 0x00, 0x00, 0x00, 0x00, 0x00, 0x00, 0x00, 0x00, 0x00, 0x00, 0x00, 0x00,
    0x00, 0x00, 0x00, 0x00, 0x00, 0x00, 0x00, 0x00, 0x00, 0x00, 0x00, 0x00, 0x00, 0x00, 0x00, 0x00,
    0x00, 0x00, 0x00, 0x00, 0x00, 0x00, 0x00, 0x00, 0x00, 0x00, 0x00, 0x00, 0x00, 0x00, 0x00, 0x00,
    0x00, 0x00, 0x00, 0x00, 0x00, 0x00, 0x00, 0x00, 0x00, 0x00, 0x00, 0x00, 0x00, 0x00, 0x00, 0x00,
    0x00, 0x00, 0x00, 0x00, 0x00, 0x00, 0x00, 0x00, 0x00, 0x00, 0x00, 0x00, 0x00, 0x00, 0x00, 0x00,
    0x00, 0x00, 0x00, 0x00, 0x00, 0x00, 0x00, 0x00, 0x00, 0x00, 0x00, 0x00, 0x00, 0x00, 0x00, 0x00,
    0x00, 0x00, 0x00, 0x00, 0x00, 0x00, 0x00, 0x00, 0x00, 0x00, 0x00, 0x00, 0x00, 0x00, 0x00, 0x00,
    0x00, 0x00, 0x00, 0x00, 0x00, 0x00, 0x00, 0x00, 0x00, 0x00, 0x00, 0x00, 0x00, 0x00, 0x00, 0x00,
    0x00, 0x00, 0x00, 0x00, 0x00, 0x00, 0x00, 0x00, 0x00, 0x00, 0x00, 0x00, 0x00, 0x00, 0x00, 0x00,
    0x00, 0x00, 0x00, 0x00, 0x00, 0x00, 0x00, 0x00, 0x00, 0x00, 0x00, 0x00, 0x00, 0x00, 0x00, 0x00,
    0x00, 0x00, 0x00, 0x00, 0x00, 0x00, 0x00, 0x00, 0x00, 0x00, 0x00, 0x00, 0x00, 0x00, 0x00, 0x00,
    0x00, 0x00, 0x00, 0x00, 0x00, 0x00, 0x00, 0x00, 0x00, 0x00, 0x00, 0x00, 0x00, 0x00, 0x00, 0x00,
    0x00, 0x00, 0x00, 0x00, 0x00, 0x00, 0x00, 0x00, 0x01, 0x04, 0x07, 0x3F, 0x07, 0x3F, 0x07, 0x3F,
    0x07, 0x3F, 0x07, 0x3F, 0x01, 0x66, 0x00, 0x21, 0x00, 0x00, 0x00, 0x00, 0x00, 0x00, 0x00, 0x00,
    0x00, 0x00, 0x00, 0x00, 0x00, 0x00, 0x00, 0x00, 0x00, 0x00, 0x00, 0x00, 0x00, 0x00, 0x00, 0x00,
    0x00, 0x00, 0x00, 0x00, 0x00, 0x00, 0x00, 0x00, 0x00, 0x00, 0x00, 0x00, 0x00, 0x00, 0x00, 0x00,
    0x00, 0x00, 0x00, 0x00, 0x00, 0x00, 0x00, 0x00, 0x00, 0x00, 0x00, 0x00, 0x00, 0x00, 0x00, 0x00,
    0x00, 0x00, 0x00, 0x00, 0x00, 0x00, 0x00, 0x00, 0x00, 0x00, 0x00, 0x00, 0x00, 0x00, 0x00, 0x00,
    0x00, 0x00, 0x00, 0x00, 0x00, 0x00, 0x00, 0x00, 0x00, 0x00, 0x00, 0x00, 0x00, 0x00, 0x00, 0x00,
    0x00, 0x00, 0x00, 0x00, 0x00, 0x00, 0x00, 0x00, 0x00, 0x00, 0x00, 0x00, 0x00, 0x00, 0x00, 0x00,
    0x00, 0x00, 0x00, 0x00, 0x00, 0x00, 0x00, 0x00, 0x00, 0x00, 0x00, 0x00, 0x00, 0x00, 0x00, 0x00,
    0x00, 0x00, 0x00, 0x00, 0x00, 0x00, 0x00, 0x00, 0x00, 0x00, 0x00, 0x00, 0x00, 0x00, 0x00, 0x00,
    0x00, 0x00, 0x00, 0x00, 0x00, 0x00, 0x00, 0x00, 0x00, 0x00, 0x00, 0x00, 0x00, 0x00, 0x00, 0x00,
    0x00, 0x00, 0x00, 0x00, 0x00, 0x00, 0x00, 0x00, 0x00, 0x00, 0x00, 0x00, 0x00, 0x00, 0x00, 0x00,
    0x00, 0x00, 0x00, 0x00, 0x00, 0x00, 0x00, 0xC3, 0x04, 0xB5, 0x07, 0x5F, 0x07, 0x5F, 0x07, 0x5F,
    0x07, 0x5F, 0x07, 0x5F, 0x07, 0x5F, 0x00, 0xC3, 0x00, 0x00, 0x00, 0x00, 0x00, 0x00, 0x00, 0x00,
    0x00, 0x00, 0x00, 0x00, 0x00, 0x00, 0x00, 0x00, 0x00, 0x00, 0x00, 0x00, 0x00, 0x00, 0x00, 0x00,
    0x00, 0x00, 0x00, 0x00, 0x00, 0x00, 0x00, 0x00, 0x00, 0x00, 0x00, 0x00, 0x00, 0x00, 0x00, 0x00,
    0x00, 0x00, 0x00, 0x00, 0x00, 0x00, 0x00, 0x00, 0x00, 0x00, 0x00, 0x00, 0x00, 0x00, 0x00, 0x00,
    0x00, 0x00, 0x00, 0x00, 0x00, 0x00, 0x00, 0x00, 0x00, 0x00, 0x00, 0x00, 0x00, 0x00, 0x00, 0x00,
    0x00, 0x00, 0x00, 0x00, 0x00, 0x00, 0x00, 0x00, 0x00, 0x00, 0x00, 0x00, 0x00, 0x00, 0x00, 0x00,
    0x00, 0x00, 0x00, 0x00, 0x00, 0x00, 0x00, 0x00, 0x00, 0x00, 0x00, 0x00, 0x00, 0x00, 0x00, 0x00,
    0x00, 0x00, 0x00, 0x00, 0x00, 0x00, 0x00, 0x00, 0x00, 0x00, 0x00, 0x00, 0x00, 0x00, 0x00, 0x00,
    0x00, 0x00, 0x00, 0x00, 0x00, 0x00, 0x00, 0x00, 0x00, 0x00, 0x00, 0x00, 0x00, 0x00, 0x00, 0x00,
    0x00, 0x00, 0x00, 0x00, 0x00, 0x00, 0x00, 0x00, 0x00, 0x00, 0x00, 0x00, 0x00, 0x00, 0x00, 0x00,
    0x00, 0x00, 0x00, 0x00, 0x00, 0x00, 0x00, 0x00, 0x00, 0x00, 0x00, 0x00, 0x00, 0x00, 0x00, 0x00,
    0x00, 0x00, 0x00, 0x00, 0x00, 0x00, 0x00, 0x00, 0x00, 0x00, 0x00, 0x00, 0x00, 0x00, 0x00, 0x00,
    0x00, 0x00, 0x00, 0x00, 0x00, 0x00, 0x00, 0x00, 0x00, 0x00, 0x00, 0x00, 0x00, 0x00, 0x00, 0x00,
    0x00, 0x00, 0x00, 0x00, 0x00, 0x00, 0x00, 0x00, 0x01, 0x04, 0x07, 0x3F, 0x07, 0x3F, 0x07, 0x3F,
    0x07, 0x3F, 0x07, 0x3F, 0x07, 0x3F, 0x03, 0xB0, 0x00, 0xE4, 0x00, 0x00, 0x00, 0x00, 0x00, 0x00,
    0x00, 0x00, 0x00, 0x00, 0x00, 0x00, 0x00, 0x00, 0x00, 0x00, 0x00, 0x00, 0x00, 0x00, 0x00, 0x00,
    0x00, 0x00, 0x00, 0x00, 0x00, 0x00, 0x00, 0x00, 0x00, 0x00, 0x00, 0x00, 0x00, 0x00, 0x00, 0x00,
    0x00, 0x00, 0x00, 0x00, 0x00, 0x00, 0x00, 0x00, 0x00, 0x00, 0x00, 0x00, 0x00, 0x00, 0x00, 0x00,
    0x00, 0x00, 0x00, 0x00, 0x00, 0x00, 0x00, 0x00, 0x00, 0x00, 0x00, 0x00, 0x00, 0x00, 0x00, 0x00,
    0x00, 0x00, 0x00, 0x00, 0x00, 0x00, 0x00, 0x00, 0x00, 0x00, 0x00, 0x00, 0x00, 0x00, 0x00, 0x00,
    0x00, 0x00, 0x00, 0x00, 0x00, 0x00, 0x00, 0x00, 0x00, 0x00, 0x00, 0x00, 0x00, 0x00, 0x00, 0x00,
    0x00, 0x00, 0x00, 0x00, 0x00, 0x00, 0x00, 0x00, 0x00, 0x00, 0x00, 0x00, 0x00, 0x00, 0x00, 0x00,
    0x00, 0x00, 0x00, 0x00, 0x00, 0x00, 0x00, 0x00, 0x00, 0x00, 0x00, 0x00, 0x00, 0x00, 0x00, 0x00,
    0x00, 0x00, 0x00, 0x00, 0x00, 0x00, 0x00, 0x00, 0x00, 0x00, 0x00, 0x00, 0x00, 0x00, 0x00, 0x00,
    0x00, 0x00, 0x00, 0x00, 0x00, 0x00, 0x00, 0x00, 0x00, 0x00, 0x00, 0x00, 0x00, 0x00, 0x00, 0x00,
    0x00, 0x00, 0x00, 0x41, 0x03, 0x4F, 0x07, 0x5F, 0x07, 0x5F, 0x07, 0x5F, 0x07, 0x5F, 0x07, 0x5F,
    0x07, 0x5F, 0x07, 0x5F, 0x07, 0x5F, 0x00, 0xC3, 0x00, 0x00, 0x00, 0x00, 0x00, 0x00, 0x00, 0x00,
    0x00, 0x00, 0x00, 0x00, 0x00, 0x00, 0x00, 0x00, 0x00, 0x00, 0x00, 0x00, 0x00, 0x00, 0x00, 0x00,
    0x00, 0x00, 0x00, 0x00, 0x00, 0x00, 0x00, 0x00, 0x00, 0x00, 0x00, 0x00, 0x00, 0x00, 0x00, 0x00,
    0x00, 0x00, 0x00, 0x00, 0x00, 0x00, 0x00, 0x00, 0x00, 0x00, 0x00, 0x00, 0x00, 0x00, 0x00, 0x00,
    0x00, 0x00, 0x00, 0x00, 0x00, 0x00, 0x00, 0x00, 0x00, 0x00, 0x00, 0x00, 0x00, 0x00, 0x00, 0x00,
    0x00, 0x00, 0x00, 0x00, 0x00, 0x00, 0x00, 0x00, 0x00, 0x00, 0x00, 0x00, 0x00, 0x00, 0x00, 0x00,
    0x00, 0x00, 0x00, 0x00, 0x00, 0x00, 0x00, 0x00, 0x00, 0x00, 0x00, 0x00, 0x00, 0x00, 0x00, 0x00,
    0x00, 0x00, 0x00, 0x00, 0x00, 0x00, 0x00, 0x00, 0x00, 0x00, 0x00, 0x00, 0x00, 0x00, 0x00, 0x00,
    0x00, 0x00, 0x00, 0x00, 0x00, 0x00, 0x00, 0x00, 0x00, 0x00, 0x00, 0x00, 0x00, 0x00, 0x00, 0x00,
    0x00, 0x00, 0x00, 0x00, 0x00, 0x00, 0x00, 0x00, 0x00, 0x00, 0x00, 0x00, 0x00, 0x00, 0x00, 0x00,
    0x00, 0x00, 0x00, 0x00, 0x00, 0x00, 0x00, 0x00, 0x00, 0x00, 0x00, 0x00, 0x00, 0x00, 0x00, 0x00,
    0x00, 0x00, 0x00, 0x00, 0x00, 0x00, 0x00, 0x00, 0x00, 0x00, 0x00, 0x00, 0x00, 0x00, 0x00, 0x00,
    0x00, 0x00, 0x00, 0x00, 0x00, 0x00, 0x00, 0x00, 0x00, 0x00, 0x00, 0x00, 0x00, 0x00, 0x00, 0x00,
    0x00, 0x00, 0x00, 0x00, 0x00, 0x00, 0x00, 0x00, 0x01, 0x04, 0x07, 0x3F, 0x07, 0x3F, 0x07, 0x3F,
    0x07, 0x3F, 0x07, 0x3F, 0x07, 0x3F, 0x07, 0x3F, 0x07, 0x3F, 0x03, 0xB0, 0x00, 0xA3, 0x00, 0x00,
    0x00, 0x00, 0x00, 0x00, 0x00, 0x00, 0x00, 0x00, 0x00, 0x00, 0x00, 0x00, 0x00, 0x00, 0x00, 0x00,
    0x00, 0x00, 0x00, 0x00, 0x00, 0x00, 0x00, 0x00, 0x00, 0x00, 0x00, 0x00, 0x00, 0x00, 0x00, 0x00,
    0x00, 0x00, 0x00, 0x00, 0x00, 0x00, 0x00, 0x00, 0x00, 0x00, 0x00, 0x00, 0x00, 0x00, 0x00, 0x00,
    0x00, 0x00, 0x00, 0x00, 0x00, 0x00, 0x00, 0x00, 0x00, 0x00, 0x00, 0x00, 0x00, 0x00, 0x00, 0x00,
    0x00, 0x00, 0x00, 0x00, 0x00, 0x00, 0x00, 0x00, 0x00, 0x00, 0x00, 0x00, 0x00, 0x00, 0x00, 0x00,
    0x00, 0x00, 0x00, 0x00, 0x00, 0x00, 0x00, 0x00, 0x00, 0x00, 0x00, 0x00, 0x00, 0x00, 0x00, 0x00,
    0x00, 0x00, 0x00, 0x00, 0x00, 0x00, 0x00, 0x00, 0x00, 0x00, 0x00, 0x00, 0x00, 0x00, 0x00, 0x00,
    0x00, 0x00, 0x00, 0x00, 0x00, 0x00, 0x00, 0x00, 0x00, 0x00, 0x00, 0x00, 0x00, 0x00, 0x00, 0x00,
    0x00, 0x00, 0x00, 0x00, 0x00, 0x00, 0x00, 0x00, 0x00, 0x00, 0x00, 0x00, 0x00, 0x00, 0x00, 0x00,
    0x00, 0x00, 0x00, 0x00, 0x00, 0x00, 0x00, 0x00, 0x00, 0x00, 0x00, 0x00, 0x00, 0x00, 0x00, 0x00,
    0x00, 0x00, 0x00, 0x82, 0x03, 0x6F, 0x07, 0x5F, 0x07, 0x5F, 0x07, 0x5F, 0x07, 0x5F, 0x07, 0x5F,
    0x07, 0x5F, 0x07, 0x5F, 0x07, 0x5F, 0x00, 0xC3, 0x00, 0x00, 0x00, 0x00, 0x00, 0x00, 0x00, 0x00,
    0x00, 0x00, 0x00, 0x00, 0x00, 0x00, 0x00, 0x00, 0x00, 0x00, 0x00, 0x00, 0x00, 0x00, 0x00, 0x00,
    0x00, 0x00, 0x00, 0x00, 0x00, 0x00, 0x00, 0x00, 0x00, 0x00, 0x00, 0x00, 0x00, 0x00, 0x00, 0x00,
    0x00, 0x00, 0x00, 0x00, 0x00, 0x00, 0x00, 0x00, 0x00, 0x00, 0x00, 0x00, 0x00, 0x00, 0x00, 0x00,
    0x00, 0x00, 0x00, 0x00, 0x00, 0x00, 0x00, 0x00, 0x00, 0x00, 0x00, 0x00, 0x00, 0x00, 0x00, 0x00,
    0x00, 0x00, 0x00, 0x00, 0x00, 0x00, 0x00, 0x00, 0x00, 0x00, 0x00, 0x00, 0x00, 0x00, 0x00, 0x00,
    0x00, 0x00, 0x00, 0x00, 0x00, 0x00, 0x00, 0x00, 0x00, 0x00, 0x00, 0x00, 0x00, 0x00, 0x00, 0x00,
    0x00, 0x00, 0x00, 0x00, 0x00, 0x00, 0x00, 0x00, 0x00, 0x00, 0x00, 0x00, 0x00, 0x00, 0x00, 0x00,
    0x00, 0x00, 0x00, 0x00, 0x00, 0x00, 0x00, 0x00, 0x00, 0x00, 0x00, 0x00, 0x00, 0x00, 0x00, 0x00,
    0x00, 0x00, 0x00, 0x00, 0x00, 0x00, 0x00, 0x00, 0x00, 0x00, 0x00, 0x00, 0x00, 0x00, 0x00, 0x00,
    0x00, 0x00, 0x00, 0x00, 0x00, 0x00, 0x00, 0x00, 0x00, 0x00, 0x00, 0x00, 0x00, 0x00, 0x00, 0x00,
    0x00, 0x00, 0x00, 0x00, 0x00, 0x00, 0x00, 0x00, 0x00, 0x00, 0x00, 0x00, 0x00, 0x00, 0x00, 0x00,
    0x00, 0x00, 0x00, 0x00, 0x00, 0x00, 0x00, 0x00, 0x00, 0x00, 0x00, 0x00, 0x00, 0x00, 0x00, 0x00,
    0x00, 0x00, 0x00, 0x00, 0x00, 0x00, 0x00, 0x00, 0x01, 0x04, 0x07, 0x3F, 0x07, 0x3F, 0x07, 0x3F,
    0x07, 0x3F, 0x07, 0x3F, 0x07, 0x3F, 0x07, 0x3F, 0x07, 0x3F, 0x03, 0xB0, 0x00, 0x62, 0x00, 0x00,
    0x00, 0x00, 0x00, 0x00, 0x00, 0x00, 0x00, 0x00, 0x00, 0x00, 0x00, 0x00, 0x00, 0x00, 0x00, 0x00,
    0x00, 0x00, 0x00, 0x00, 0x00, 0x00, 0x00, 0x00, 0x00, 0x00, 0x00, 0x00, 0x00, 0x00, 0x00, 0x00,
    0x00, 0x00, 0x00, 0x00, 0x00, 0x00, 0x00, 0x00, 0x00, 0x00, 0x00, 0x00, 0x00, 0x00, 0x00, 0x00,
    0x00, 0x00, 0x00, 0x00, 0x00, 0x00, 0x00, 0x00, 0x00, 0x00, 0x00, 0x00, 0x00, 0x00, 0x00, 0x00,
    0x00, 0x00, 0x00, 0x00, 0x00, 0x00, 0x00, 0x00, 0x00, 0x00, 0x00, 0x00, 0x00, 0x00, 0x00, 0x00,
    0x00, 0x00, 0x00, 0x00, 0x00, 0x00, 0x00, 0x00, 0x00, 0x00, 0x00, 0x00, 0x00, 0x00, 0x00, 0x00,
    0x00, 0x00, 0x00, 0x00, 0x00, 0x00, 0x00, 0x00, 0x00, 0x00, 0x00, 0x00, 0x00, 0x00, 0x00, 0x00,
    0x00, 0x00, 0x00, 0x00, 0x00, 0x00, 0x00, 0x00, 0x00, 0x00, 0x00, 0x00, 0x00, 0x00, 0x00, 0x00,
    0x00, 0x00, 0x00, 0x00, 0x00, 0x00, 0x00, 0x00, 0x00, 0x00, 0x00, 0x00, 0x00, 0x00, 0x00, 0x00,
    0x00, 0x00, 0x00, 0x00, 0x00, 0x00, 0x00, 0x00, 0x00, 0x00, 0x00, 0x00, 0x00, 0x00, 0x00, 0x00,
    0x00, 0x00, 0x00, 0x00, 0x00, 0x00, 0x00, 0xC4, 0x03, 0x6F, 0x07, 0x5F, 0x07, 0x5F, 0x07, 0x5F,
    0x07, 0x5F, 0x07, 0x5F, 0x07, 0x5F, 0x00, 0xC3, 0x00, 0x00, 0x00, 0x00, 0x00, 0x00, 0x00, 0x00,
    0x00, 0x00, 0x00, 0x00, 0x00, 0x00, 0x00, 0x00, 0x00, 0x00, 0x00, 0x00, 0x00, 0x00, 0x00, 0x00,
    0x00, 0x00, 0x00, 0x00, 0x00, 0x00, 0x00, 0x00, 0x00, 0x00, 0x00, 0x00, 0x00, 0x00, 0x00, 0x00,
    0x00, 0x00, 0x00, 0x00, 0x00, 0x00, 0x00, 0x00, 0x00, 0x00, 0x00, 0x00, 0x00, 0x00, 0x00, 0x00,
    0x00, 0x00, 0x00, 0x00, 0x00, 0x00, 0x00, 0x00, 0x00, 0x00, 0x00, 0x00, 0x00, 0x00, 0x00, 0x00,
    0x00, 0x00, 0x00, 0x00, 0x00, 0x00, 0x00, 0x00, 0x00, 0x00, 0x00, 0x00, 0x00, 0x00, 0x00, 0x00,
    0x00, 0x00, 0x00, 0x00, 0x00, 0x00, 0x00, 0x00, 0x00, 0x00, 0x00, 0x00, 0x00, 0x00, 0x00, 0x00,
    0x00, 0x00, 0x00, 0x00, 0x00, 0x00, 0x00, 0x00, 0x00, 0x00, 0x00, 0x00, 0x00, 0x00, 0x00, 0x00,
    0x00, 0x00, 0x00, 0x00, 0x00, 0x00, 0x00, 0x00, 0x00, 0x00, 0x00, 0x00, 0x00, 0x00, 0x00, 0x00,
    0x00, 0x00, 0x00, 0x00, 0x00, 0x00, 0x00, 0x00, 0x00, 0x00, 0x00, 0x00, 0x00, 0x00, 0x00, 0x00,
    0x00, 0x00, 0x00, 0x00, 0x00, 0x00, 0x00, 0x00, 0x00, 0x00, 0x00, 0x00, 0x00, 0x00, 0x00, 0x00,
    0x00, 0x00, 0x00, 0x00, 0x00, 0x00, 0x00, 0x00, 0x00, 0x00, 0x00, 0x00, 0x00, 0x00, 0x00, 0x00,
    0x00, 0x00, 0x00, 0x00, 0x00, 0x00, 0x00, 0x00, 0x00, 0x00, 0x00, 0x00, 0x00, 0x00, 0x00, 0x00,
    0x00, 0x00, 0x00, 0x00, 0x00, 0x00, 0x00, 0x00, 0x01, 0x04, 0x07, 0x3F, 0x07, 0x3F, 0x07, 0x3F,
    0x07, 0x3F, 0x07, 0x3F, 0x07, 0x3F, 0x05, 0x17, 0x01, 0x04, 0x00, 0x00, 0x00, 0x00, 0x00, 0x00,
    0x00, 0x00, 0x00, 0x00, 0x00, 0x00, 0x00, 0x00, 0x00, 0x00, 0x00, 0x00, 0x00, 0x00, 0x00, 0x00,
    0x00, 0x00, 0x00, 0x00, 0x00, 0x00, 0x00, 0x00, 0x00, 0x00, 0x00, 0x00, 0x00, 0x00, 0x00, 0x00,
    0x00, 0x00, 0x00, 0x00, 0x00, 0x00, 0x00, 0x00, 0x00, 0x00, 0x00, 0x00, 0x00, 0x00, 0x00, 0x00,
    0x00, 0x00, 0x00, 0x00, 0x00, 0x00, 0x00, 0x00, 0x00, 0x00, 0x00, 0x00, 0x00, 0x00, 0x00, 0x00,
    0x00, 0x00, 0x00, 0x00, 0x00, 0x00, 0x00, 0x00, 0x00, 0x00, 0x00, 0x00, 0x00, 0x00, 0x00, 0x00,
    0x00, 0x00, 0x00, 0x00, 0x00, 0x00, 0x00, 0x00, 0x00, 0x00, 0x00, 0x00, 0x00, 0x00, 0x00, 0x00,
    0x00, 0x00, 0x00, 0x00, 0x00, 0x00, 0x00, 0x00, 0x00, 0x00, 0x00, 0x00, 0x00, 0x00, 0x00, 0x00,
    0x00, 0x00, 0x00, 0x00, 0x00, 0x00, 0x00, 0x00, 0x00, 0x00, 0x00, 0x00, 0x00, 0x00, 0x00, 0x00,
    0x00, 0x00, 0x00, 0x00, 0x00, 0x00, 0x00, 0x00, 0x00, 0x00, 0x00, 0x00, 0x00, 0x00, 0x00, 0x00,
    0x00, 0x00, 0x00, 0x00, 0x00, 0x00, 0x00, 0x00, 0x00, 0x00, 0x00, 0x00, 0x00, 0x00, 0x00, 0x00,
    0x00, 0x00, 0x00, 0x00, 0x00, 0x00, 0x00, 0x00, 0x00, 0x21, 0x01, 0x45, 0x07, 0x5F, 0x07, 0x5F,
    0x07, 0x5F, 0x07, 0x5F, 0x07, 0x5F, 0x00, 0xC3, 0x00, 0x00, 0x00, 0x00, 0x00, 0x00, 0x00, 0x00,
    0x00, 0x00, 0x00, 0x00, 0x00, 0x00, 0x00, 0x00, 0x00, 0x00, 0x00, 0x00, 0x00, 0x00, 0x00, 0x00,
    0x00, 0x00, 0x00, 0x00, 0x00, 0x00, 0x00, 0x00, 0x00, 0x00, 0x00, 0x00, 0x00, 0x00, 0x00, 0x00,
    0x00, 0x00, 0x00, 0x00, 0x00, 0x00, 0x00, 0x00, 0x00, 0x00, 0x00, 0x00, 0x00, 0x00, 0x00, 0x00,
    0x00, 0x00, 0x00, 0x00, 0x00, 0x00, 0x00, 0x00, 0x00, 0x00, 0x00, 0x00, 0x00, 0x00, 0x00, 0x00,
    0x00, 0x00, 0x00, 0x00, 0x00, 0x00, 0x00, 0x00, 0x00, 0x00, 0x00, 0x00, 0x00, 0x00, 0x00, 0x00,
    0x00, 0x00, 0x00, 0x00, 0x00, 0x00, 0x00, 0x00, 0x00, 0x00, 0x00, 0x00, 0x00, 0x00, 0x00, 0x00,
    0x00, 0x00, 0x00, 0x00, 0x00, 0x00, 0x00, 0x00, 0x00, 0x00, 0x00, 0x00, 0x00, 0x00, 0x00, 0x00,
    0x00, 0x00, 0x00, 0x00, 0x00, 0x00, 0x00, 0x00, 0x00, 0x00, 0x00, 0x00, 0x00, 0x00, 0x00, 0x00,
    0x00, 0x00, 0x00, 0x00, 0x00, 0x00, 0x00, 0x00, 0x00, 0x00, 0x00, 0x00, 0x00, 0x00, 0x00, 0x00,
    0x00, 0x00, 0x00, 0x00, 0x00, 0x00, 0x00, 0x00, 0x00, 0x00, 0x00, 0x00, 0x00, 0x00, 0x00, 0x00,
    0x00, 0x00, 0x00, 0x00, 0x00, 0x00, 0x00, 0x00, 0x00, 0x00, 0x00, 0x00, 0x00, 0x00, 0x00, 0x00,
    0x00, 0x00, 0x00, 0x00, 0x00, 0x00, 0x00, 0x00, 0x00, 0x00, 0x00, 0x00, 0x00, 0x00, 0x00, 0x00,
    0x00, 0x00, 0x00, 0x00, 0x00, 0x00, 0x00, 0x00, 0x01, 0x04, 0x07, 0x3F, 0x07, 0x3F, 0x07, 0x3F,
    0x07, 0x3F, 0x07, 0x3F, 0x01, 0x66, 0x00, 0x20, 0x00, 0x00, 0x00, 0x00, 0x00, 0x00, 0x00, 0x00,
    0x00, 0x00, 0x00, 0x00, 0x00, 0x00, 0x00, 0x00, 0x00, 0x00, 0x00, 0x00, 0x00, 0x00, 0x00, 0x00,
    0x00, 0x00, 0x00, 0x00, 0x00, 0x00, 0x00, 0x00, 0x00, 0x00, 0x00, 0x00, 0x00, 0x00, 0x00, 0x00,
    0x00, 0x00, 0x00, 0x00, 0x00, 0x00, 0x00, 0x00, 0x00, 0x00, 0x00, 0x00, 0x00, 0x00, 0x00, 0x00,
    0x00, 0x00, 0x00, 0x00, 0x00, 0x00, 0x00, 0x00, 0x00, 0x00, 0x00, 0x00, 0x00, 0x00, 0x00, 0x00,
    0x00, 0x00, 0x00, 0x00, 0x00, 0x00, 0x00, 0x00, 0x00, 0x00, 0x00, 0x00, 0x00, 0x00, 0x00, 0x00,
    0x00, 0x00, 0x00, 0x00, 0x00, 0x00, 0x00, 0x00, 0x00, 0x00, 0x00, 0x00, 0x00, 0x00, 0x00, 0x00,
    0x00, 0x00, 0x00, 0x00, 0x00, 0x00, 0x00, 0x00, 0x00, 0x00, 0x00, 0x00, 0x00, 0x00, 0x00, 0x00,
    0x00, 0x00, 0x00, 0x00, 0x00, 0x00, 0x00, 0x00, 0x00, 0x00, 0x00, 0x00, 0x00, 0x00, 0x00, 0x00,
    0x00, 0x00, 0x00, 0x00, 0x00, 0x00, 0x00, 0x00, 0x00, 0x00, 0x00, 0x00, 0x00, 0x00, 0x00, 0x00,
    0x00, 0x00, 0x00, 0x00, 0x00, 0x00, 0x00, 0x00, 0x00, 0x00, 0x00, 0x00, 0x00, 0x00, 0x00, 0x00,
    0x00, 0x00, 0x00, 0x00, 0x00, 0x00, 0x00, 0x00, 0x00, 0x00, 0x00, 0x00, 0x00, 0x21, 0x03, 0x6F,
    0x07, 0x5F, 0x07, 0x5F, 0x07, 0x5F, 0x00, 0xC3, 0x00, 0x00, 0x00, 0x00, 0x00, 0x00, 0x00, 0x00,
    0x00, 0x00, 0x00, 0x00, 0x00, 0x00, 0x00, 0x00, 0x00, 0x00, 0x00, 0x00, 0x00, 0x00, 0x00, 0x00,
    0x00, 0x00, 0x00, 0x00, 0x00, 0x00, 0x00, 0x00, 0x00, 0x00, 0x00, 0x00, 0x00, 0x00, 0x00, 0x00,
    0x00, 0x00, 0x00, 0x00, 0x00, 0x00, 0x00, 0x00, 0x00, 0x00, 0x00, 0x00, 0x00, 0x00, 0x00, 0x00,
    0x00, 0x00, 0x00, 0x00, 0x00, 0x00, 0x00, 0x00, 0x00, 0x00, 0x00, 0x00, 0x00, 0x00, 0x00, 0x00,
    0x00, 0x00, 0x00, 0x00, 0x00, 0x00, 0x00, 0x00, 0x00, 0x00, 0x00, 0x00, 0x00, 0x00, 0x00, 0x00,
    0x00, 0x00, 0x00, 0x00, 0x00, 0x00, 0x00, 0x00, 0x00, 0x00, 0x00, 0x00, 0x00, 0x00, 0x00, 0x00,
    0x00, 0x00, 0x00, 0x00, 0x00, 0x00, 0x00, 0x00, 0x00, 0x00, 0x00, 0x00, 0x00, 0x00, 0x00, 0x00,
    0x00, 0x00, 0x00, 0x00, 0x00, 0x00, 0x00, 0x00, 0x00, 0x00, 0x00, 0x00, 0x00, 0x00, 0x00, 0x00,
    0x00, 0x00, 0x00, 0x00, 0x00, 0x00, 0x00, 0x00, 0x00, 0x00, 0x00, 0x00, 0x00, 0x00, 0x00, 0x00,
    0x00, 0x00, 0x00, 0x00, 0x00, 0x00, 0x00, 0x00, 0x00, 0x00, 0x00, 0x00, 0x00, 0x00, 0x00, 0x00,
    0x00, 0x00, 0x00, 0x00, 0x00, 0x00, 0x00, 0x00, 0x00, 0x00, 0x00, 0x00, 0x00, 0x00, 0x00, 0x00,
    0x00, 0x00, 0x00, 0x00, 0x00, 0x00, 0x00, 0x00, 0x00, 0x00, 0x00, 0x00, 0x00, 0x00, 0x00, 0x00,
    0x00, 0x00, 0x00, 0x00, 0x00, 0x00, 0x00, 0x00, 0x01, 0x04, 0x07, 0x3F, 0x07, 0x3F, 0x07, 0x3F,
    0x02, 0x4A, 0x00, 0x62, 0x00, 0x00, 0x00, 0x00, 0x00, 0x00, 0x00, 0x00, 0x00, 0x00, 0x00, 0x00,
    0x00, 0x00, 0x00, 0x00, 0x00, 0x00, 0x00, 0x00, 0x00, 0x00, 0x00, 0x00, 0x00, 0x00, 0x00, 0x00,
    0x00, 0x00, 0x00, 0x00, 0x00, 0x00, 0x00, 0x00, 0x00, 0x00, 0x00, 0x00, 0x00, 0x00, 0x00, 0x00,
    0x00, 0x00, 0x00, 0x00, 0x00, 0x00, 0x00, 0x00, 0x00, 0x00, 0x00, 0x00, 0x00, 0x00, 0x00, 0x00,
    0x00, 0x00, 0x00, 0x00, 0x00, 0x00, 0x00, 0x00, 0x00, 0x00, 0x00, 0x00, 0x00, 0x00, 0x00, 0x00,
    0x00, 0x00, 0x00, 0x00, 0x00, 0x00, 0x00, 0x00, 0x00, 0x00, 0x00, 0x00, 0x00, 0x00, 0x00, 0x00,
    0x00, 0x00, 0x00, 0x00, 0x00, 0x00, 0x00, 0x00, 0x00, 0x00, 0x00, 0x00, 0x00, 0x00, 0x00, 0x00,
    0x00, 0x00, 0x00, 0x00, 0x00, 0x00, 0x00, 0x00, 0x00, 0x00, 0x00, 0x00, 0x00, 0x00, 0x00, 0x00,
    0x00, 0x00, 0x00, 0x00, 0x00, 0x00, 0x00, 0x00, 0x00, 0x00, 0x00, 0x00, 0x00, 0x00, 0x00, 0x00,
    0x00, 0x00, 0x00, 0x00, 0x00, 0x00, 0x00, 0x00, 0x00, 0x00, 0x00, 0x00, 0x00, 0x00, 0x00, 0x00,
    0x00, 0x00, 0x00, 0x00, 0x00, 0x00, 0x00, 0x00, 0x00, 0x00, 0x00, 0x00, 0x00, 0x00, 0x00, 0x00,
    0x00, 0x00, 0x00, 0x00, 0x00, 0x00, 0x00, 0x00, 0x00, 0x00, 0x00, 0x00, 0x00, 0x00, 0x00, 0x00,
    0x00, 0x82, 0x03, 0x6F, 0x07, 0x5F, 0x00, 0xC3, 0x00, 0x00, 0x00, 0x00, 0x00, 0x00, 0x00, 0x00,
    0x00, 0x00, 0x00, 0x00, 0x00, 0x00, 0x00, 0x00, 0x00, 0x00, 0x00, 0x00, 0x00, 0x00, 0x00, 0x00,
    0x00, 0x00, 0x00, 0x00, 0x00, 0x00, 0x00, 0x00, 0x00, 0x00, 0x00, 0x00, 0x00, 0x00, 0x00, 0x00,
    0x00, 0x00, 0x00, 0x00, 0x00, 0x00, 0x00, 0x00, 0x00, 0x00, 0x00, 0x00, 0x00, 0x00, 0x00, 0x00,
    0x00, 0x00, 0x00, 0x00, 0x00, 0x00, 0x00, 0x00, 0x00, 0x00, 0x00, 0x00, 0x00, 0x00, 0x00, 0x00,
    0x00, 0x00, 0x00, 0x00, 0x00, 0x00, 0x00, 0x00, 0x00, 0x00, 0x00, 0x00, 0x00, 0x00, 0x00, 0x00,
    0x00, 0x00, 0x00, 0x00, 0x00, 0x00, 0x00, 0x00, 0x00, 0x00, 0x00, 0x00, 0x00, 0x00, 0x00, 0x00,
    0x00, 0x00, 0x00, 0x00, 0x00, 0x00, 0x00, 0x00, 0x00, 0x00, 0x00, 0x00, 0x00, 0x00, 0x00, 0x00,
    0x00, 0x00, 0x00, 0x00, 0x00, 0x00, 0x00, 0x00, 0x00, 0x00, 0x00, 0x00, 0x00, 0x00, 0x00, 0x00,
    0x00, 0x00, 0x00, 0x00, 0x00, 0x00, 0x00, 0x00, 0x00, 0x00, 0x00, 0x00, 0x00, 0x00, 0x00, 0x00,
    0x00, 0x00, 0x00, 0x00, 0x00, 0x00, 0x00, 0x00, 0x00, 0x00, 0x00, 0x00, 0x00, 0x00, 0x00, 0x00,
    0x00, 0x00, 0x00, 0x00, 0x00, 0x00, 0x00, 0x00, 0x00, 0x00, 0x00, 0x00, 0x00, 0x00, 0x00, 0x00,
    0x00, 0x00, 0x00, 0x00, 0x00, 0x00, 0x00, 0x00, 0x00, 0x00, 0x00, 0x00, 0x00, 0x00, 0x00, 0x00,
    0x00, 0x00, 0x00, 0x00, 0x00, 0x00, 0x00, 0x00, 0x01, 0x04, 0x07, 0x3F, 0x05, 0x17, 0x00, 0xA3,
    0x00, 0x00, 0x00, 0x00, 0x00, 0x00, 0x00, 0x00, 0x00, 0x00, 0x00, 0x00, 0x00, 0x00, 0x00, 0x00,
    0x00, 0x00, 0x00, 0x00, 0x00, 0x00, 0x00, 0x00, 0x00, 0x00, 0x00, 0x00, 0x00, 0x00, 0x00, 0x00,
    0x00, 0x00, 0x00, 0x00, 0x00, 0x00, 0x00, 0x00, 0x00, 0x00, 0x00, 0x00, 0x00, 0x00, 0x00, 0x00,
    0x00, 0x00, 0x00, 0x00, 0x00, 0x00, 0x00, 0x00, 0x00, 0x00, 0x00, 0x00, 0x00, 0x00, 0x00, 0x00,
    0x00, 0x00, 0x00, 0x00, 0x00, 0x00, 0x00, 0x00, 0x00, 0x00, 0x00, 0x00, 0x00, 0x00, 0x00, 0x00,
    0x00, 0x00, 0x00, 0x00, 0x00, 0x00, 0x00, 0x00, 0x00, 0x00, 0x00, 0x00, 0x00, 0x00, 0x00, 0x00,
    0x00, 0x00, 0x00, 0x00, 0x00, 0x00, 0x00, 0x00, 0x00, 0x00, 0x00, 0x00, 0x00, 0x00, 0x00, 0x00,
    0x00, 0x00, 0x00, 0x00, 0x00, 0x00, 0x00, 0x00, 0x00, 0x00, 0x00, 0x00, 0x00, 0x00, 0x00, 0x00,
    0x00, 0x00, 0x00, 0x00, 0x00, 0x00, 0x00, 0x00, 0x00, 0x00, 0x00, 0x00, 0x00, 0x00, 0x00, 0x00,
    0x00, 0x00, 0x00, 0x00, 0x00, 0x00, 0x00, 0x00, 0x00, 0x00, 0x00, 0x00, 0x00, 0x00, 0x00, 0x00,
    0x00, 0x00, 0x00, 0x00, 0x00, 0x00, 0x00, 0x00, 0x00, 0x00, 0x00, 0x00, 0x00, 0x00, 0x00, 0x00,
    0x00, 0x00, 0x00, 0x00, 0x00, 0x00, 0x00, 0x00, 0x00, 0x00, 0x00, 0x00, 0x00, 0x00, 0x00, 0x00,
    0x00, 0x00, 0x00, 0x21, 0x00, 0xC4, 0x00, 0xC3, 0x00, 0x00, 0x00, 0x00, 0x00, 0x00, 0x00, 0x00,
    0x00, 0x00, 0x00, 0x00, 0x00, 0x00, 0x00, 0x00, 0x00, 0x00, 0x00, 0x00, 0x00, 0x00, 0x00, 0x00,
    0x00, 0x00, 0x00, 0x00, 0x00, 0x00, 0x00, 0x00, 0x00, 0x00, 0x00, 0x00, 0x00, 0x00, 0x00, 0x00,
    0x00, 0x00, 0x00, 0x00, 0x00, 0x00, 0x00, 0x00, 0x00, 0x00, 0x00, 0x00, 0x00, 0x00, 0x00, 0x00,
    0x00, 0x00, 0x00, 0x00, 0x00, 0x00, 0x00, 0x00, 0x00, 0x00, 0x00, 0x00, 0x00, 0x00, 0x00, 0x00,
    0x00, 0x00, 0x00, 0x00, 0x00, 0x00, 0x00, 0x00, 0x00, 0x00, 0x00, 0x00, 0x00, 0x00, 0x00, 0x00,
    0x00, 0x00, 0x00, 0x00, 0x00, 0x00, 0x00, 0x00, 0x00, 0x00, 0x00, 0x00, 0x00, 0x00, 0x00, 0x00,
    0x00, 0x00, 0x00, 0x00, 0x00, 0x00, 0x00, 0x00, 0x00, 0x00, 0x00, 0x00, 0x00, 0x00, 0x00, 0x00,
    0x00, 0x00, 0x00, 0x00, 0x00, 0x00, 0x00, 0x00, 0x00, 0x00, 0x00, 0x00, 0x00, 0x00, 0x00, 0x00,
    0x00, 0x00, 0x00, 0x00, 0x00, 0x00, 0x00, 0x00, 0x00, 0x00, 0x00, 0x00, 0x00, 0x00, 0x00, 0x00,
    0x00, 0x00, 0x00, 0x00, 0x00, 0x00, 0x00, 0x00, 0x00, 0x00, 0x00, 0x00, 0x00, 0x00, 0x00, 0x00,
    0x00, 0x00, 0x00, 0x00, 0x00, 0x00, 0x00, 0x00, 0x00, 0x00, 0x00, 0x00, 0x00, 0x00, 0x00, 0x00,
    0x00, 0x00, 0x00, 0x00, 0x00, 0x00, 0x00, 0x00, 0x00, 0x00, 0x00, 0x00, 0x00, 0x00, 0x00, 0x00,
    0x00, 0x00, 0x00, 0x00, 0x00, 0x00, 0x00, 0x00, 0x01, 0x04, 0x01, 0x04, 0x00, 0x20, 0x00, 0x00,
    0x00, 0x00, 0x00, 0x00, 0x00, 0x00, 0x00, 0x00, 0x00, 0x00, 0x00, 0x00, 0x00, 0x00, 0x00, 0x00,
    0x00, 0x00, 0x00, 0x00, 0x00, 0x00, 0x00, 0x00, 0x00, 0x00, 0x00, 0x00, 0x00, 0x00, 0x00, 0x00,
    0x00, 0x00, 0x00, 0x00, 0x00, 0x00, 0x00, 0x00, 0x00, 0x00, 0x00, 0x00, 0x00, 0x00, 0x00, 0x00,
    0x00, 0x00, 0x00, 0x00, 0x00, 0x00, 0x00, 0x00, 0x00, 0x00, 0x00, 0x00, 0x00, 0x00, 0x00, 0x00,
    0x00, 0x00, 0x00, 0x00, 0x00, 0x00, 0x00, 0x00, 0x00, 0x00, 0x00, 0x00, 0x00, 0x00, 0x00, 0x00,
    0x00, 0x00, 0x00, 0x00, 0x00, 0x00, 0x00, 0x00, 0x00, 0x00, 0x00, 0x00, 0x00, 0x00, 0x00, 0x00,
    0x00, 0x00, 0x00, 0x00, 0x00, 0x00, 0x00, 0x00, 0x00, 0x00, 0x00, 0x00, 0x00, 0x00, 0x00, 0x00,
    0x00, 0x00, 0x00, 0x00, 0x00, 0x00, 0x00, 0x00, 0x00, 0x00, 0x00, 0x00, 0x00, 0x00, 0x00, 0x00,
    0x00, 0x00, 0x00, 0x00, 0x00, 0x00, 0x00, 0x00, 0x00, 0x00, 0x00, 0x00, 0x00, 0x00, 0x00, 0x00,
    0x00, 0x00, 0x00, 0x00, 0x00, 0x00, 0x00, 0x00, 0x00, 0x00, 0x00, 0x00, 0x00, 0x00, 0x00, 0x00,
    0x00, 0x00, 0x00, 0x00, 0x00, 0x00, 0x00, 0x00, 0x00, 0x00, 0x00, 0x00, 0x00, 0x00, 0x00, 0x00,
    0x00, 0x00, 0x00, 0x00, 0x00, 0x00, 0x00, 0x00, 0x00, 0x00, 0x00, 0x00, 0x00, 0x00, 0x00, 0x00,
    0x00, 0x00, 0x00, 0x00, 0x00, 0x00, 0x00, 0x00, 0x00, 0x00, 0x00, 0x00, 0x00, 0x00, 0x00, 0x00,
    0x00, 0x00, 0x00, 0x00, 0x00, 0x00, 0x00, 0x00, 0x00, 0x00, 0x00, 0x00, 0x00, 0x00, 0x00, 0x00,
    0x00, 0x00, 0x00, 0x00, 0x00, 0x00, 0x00, 0x00, 0x00, 0x00, 0x00, 0x00, 0x00, 0x00, 0x00, 0x00,
    0x00, 0x00, 0x00, 0x00, 0x00, 0x00, 0x00, 0x00, 0x00, 0x00, 0x00, 0x00, 0x00, 0x00, 0x00, 0x00,
    0x00, 0x00, 0x00, 0x00, 0x00, 0x00, 0x00, 0x00, 0x00, 0x00, 0x00, 0x00, 0x00, 0x00, 0x00, 0x00,
    0x00, 0x00, 0x00, 0x00, 0x00, 0x00, 0x00, 0x00, 0x00, 0x00, 0x00, 0x00, 0x00, 0x00, 0x00, 0x00,
    0x00, 0x00, 0x00, 0x00, 0x00, 0x00, 0x00, 0x00, 0x00, 0x00, 0x00, 0x00, 0x00, 0x00, 0x00, 0x00,
    0x00, 0x00, 0x00, 0x00, 0x00, 0x00, 0x00, 0x00, 0x00, 0x00, 0x00, 0x00, 0x00, 0x00, 0x00, 0x00,
    0x00, 0x00, 0x00, 0x00, 0x00, 0x00, 0x00, 0x00, 0x00, 0x00, 0x00, 0x00, 0x00, 0x00, 0x00, 0x00,
    0x00, 0x00, 0x00, 0x00, 0x00, 0x00, 0x00, 0x00, 0x00, 0x00, 0x00, 0x00, 0x00, 0x00, 0x00, 0x00,
    0x00, 0x00, 0x00, 0x00, 0x00, 0x00, 0x00, 0x00, 0x00, 0x00, 0x00, 0x00, 0x00, 0x00, 0x00, 0x00,
    0x00, 0x00, 0x00, 0x00, 0x00, 0x00, 0x00, 0x00, 0x00, 0x00, 0x00, 0x00, 0x00, 0x00, 0x00, 0x00,
    0x00, 0x00, 0x00, 0x00, 0x00, 0x00, 0x00, 0x00, 0x00, 0x00, 0x00, 0x00, 0x00, 0x00, 0x00, 0x00,
    0x00, 0x00, 0x00, 0x00, 0x00, 0x00, 0x00, 0x00, 0x00, 0x00, 0x00, 0x00, 0x00, 0x00, 0x00, 0x00,
    0x00, 0x00, 0x00, 0x00, 0x00, 0x00, 0x00, 0x00, 0x00, 0x00, 0x00, 0x00, 0x00, 0x00, 0x00, 0x00,
    0x00, 0x00, 0x00, 0x00, 0x00, 0x00, 0x00, 0x00, 0x00, 0x00, 0x00, 0x00, 0x00, 0x00, 0x00, 0x00,
    0x00, 0x00, 0x00, 0x00, 0x00, 0x00, 0x00, 0x00, 0x00, 0x00, 0x00, 0x00, 0x00, 0x00, 0x00, 0x00,
    0x00, 0x00, 0x00, 0x00, 0x00, 0x00, 0x00, 0x00, 0x00, 0x00, 0x00, 0x00, 0x00, 0x00, 0x00, 0x00,
    0x00, 0x00, 0x00, 0x00, 0x00, 0x00, 0x00, 0x00, 0x00, 0x00, 0x00, 0x00, 0x00, 0x00, 0x00, 0x00,
    0x00, 0x00, 0x00, 0x00, 0x00, 0x00, 0x00, 0x00, 0x00, 0x00, 0x00, 0x00, 0x00, 0x00, 0x00, 0x00,
    0x00, 0x00, 0x00, 0x00, 0x00, 0x00, 0x00, 0x00, 0x00, 0x00, 0x00, 0x00, 0x00, 0x00, 0x00, 0x00,
    0x00, 0x00, 0x00, 0x00, 0x00, 0x00, 0x00, 0x00, 0x00, 0x00, 0x00, 0x00, 0x00, 0x00, 0x00, 0x00,
    0x00, 0x00, 0x00, 0x00, 0x00, 0x00, 0x00, 0x00, 0x00, 0x00, 0x00, 0x00, 0x00, 0x00, 0x00, 0x00,
    0x00, 0x00, 0x00, 0x00, 0x00, 0x00, 0x00, 0x00, 0x00, 0x00, 0x00, 0x00, 0x00, 0x00, 0x00, 0x00,
    0x00, 0x00, 0x00, 0x00, 0x00, 0x00, 0x00, 0x00, 0x00, 0x00, 0x00, 0x00, 0x00, 0x00, 0x00, 0x00,
    0x00, 0x00, 0x00, 0x00, 0x00, 0x00, 0x00, 0x00, 0x00, 0x00, 0x00, 0x00, 0x00, 0x00, 0x00, 0x00,
    0x00, 0x00, 0x00, 0x00, 0x00, 0x00, 0x00, 0x00, 0x00, 0x00, 0x00, 0x00, 0x00, 0x00, 0x00, 0x00,
    0x00, 0x00, 0x00, 0x00, 0x00, 0x00, 0x00, 0x00, 0x00, 0x00, 0x00, 0x00, 0x00, 0x00, 0x00, 0x00,
    0x00, 0x00, 0x00, 0x00, 0x00, 0x00, 0x00, 0x00, 0x00, 0x00, 0x00, 0x00, 0x00, 0x00, 0x00, 0x00,
    0x00, 0x00, 0x00, 0x00, 0x00, 0x00, 0x00, 0x00, 0x00, 0x00, 0x00, 0x00, 0x00, 0x00, 0x00, 0x00,
    0x00, 0x00, 0x00, 0x00, 0x00, 0x00, 0x00, 0x00, 0x00, 0x00, 0x00, 0x00, 0x00, 0x00, 0x00, 0x00,
    0x00, 0x00, 0x00, 0x00, 0x00, 0x00, 0x00, 0x00, 0x00, 0x00, 0x00, 0x00, 0x00, 0x00, 0x00, 0x00,
    0x00, 0x00, 0x00, 0x00, 0x00, 0x00, 0x00, 0x00, 0x00, 0x00, 0x00, 0x00, 0x00, 0x00, 0x00, 0x00,
    0x00, 0x00, 0x00, 0x00, 0x00, 0x00, 0x00, 0x00, 0x00, 0x00, 0x00, 0x00, 0x00, 0x00, 0x00, 0x00,
    0x00, 0x00, 0x00, 0x00, 0x00, 0x00, 0x00, 0x00, 0x00, 0x00, 0x00, 0x00, 0x00, 0x00, 0x00, 0x00,
    0x00, 0x00, 0x00, 0x00, 0x00, 0x00, 0x00, 0x00, 0x00, 0x00, 0x00, 0x00, 0x00, 0x00, 0x00, 0x00,
    0x00, 0x00, 0x00, 0x00, 0x00, 0x00, 0x00, 0x00, 0x00, 0x00, 0x00, 0x00, 0x00, 0x00, 0x00, 0x00,
    0x00, 0x00, 0x00, 0x00, 0x00, 0x00, 0x00, 0x00, 0x00, 0x00, 0x00, 0x00, 0x00, 0x00, 0x00, 0x00,
    0x00, 0x00, 0x00, 0x00, 0x00, 0x00, 0x00, 0x00, 0x00, 0x00, 0x00, 0x00, 0x00, 0x00, 0x00, 0x00,
    0x00, 0x00, 0x00, 0x00, 0x00, 0x00, 0x00, 0x00, 0x00, 0x00, 0x00, 0x00, 0x00, 0x00, 0x00, 0x00,
    0x00, 0x00, 0x00, 0x00, 0x00, 0x00, 0x00, 0x00, 0x00, 0x00, 0x00, 0x00, 0x00, 0x00, 0x00, 0x00,
    0x00, 0x00, 0x00, 0x00, 0x00, 0x00, 0x00, 0x00, 0x00, 0x00, 0x00, 0x00, 0x00, 0x00, 0x00, 0x00,
    0x00, 0x00, 0x00, 0x00, 0x00, 0x00, 0x00, 0x00, 0x00, 0x00, 0x00, 0x00, 0x00, 0x00, 0x00, 0x00,
    0x00, 0x00, 0x00, 0x00, 0x00, 0x00, 0x00, 0x00, 0x00, 0x00, 0x00, 0x00, 0x00, 0x00, 0x00, 0x00,
    0x00, 0x00, 0x00, 0x00, 0x00, 0x00, 0x00, 0x00, 0x00, 0x00, 0x00, 0x00, 0x00, 0x00, 0x00, 0x00,
    0x00, 0x00, 0x00, 0x00, 0x00, 0x00, 0x00, 0x00, 0x00, 0x00, 0x00, 0x00, 0x00, 0x00, 0x00, 0x00,
    0x00, 0x00, 0x00, 0x00, 0x00, 0x00, 0x00, 0x00, 0x00, 0x00, 0x00, 0x00, 0x00, 0x00, 0x00, 0x00,
    0x00, 0x00, 0x00, 0x00, 0x00, 0x00, 0x00, 0x00, 0x00, 0x00, 0x00, 0x00, 0x00, 0x00, 0x00, 0x00,
    0x00, 0x00, 0x00, 0x00, 0x00, 0x00, 0x00, 0x00, 0x00, 0x00, 0x00, 0x00, 0x00, 0x00, 0x00, 0x00,
    0x00, 0x00, 0x00, 0x00, 0x00, 0x00, 0x00, 0x00, 0x00, 0x00, 0x00, 0x00, 0x00, 0x00, 0x00, 0x00,
    0x00, 0x00, 0x00, 0x00, 0x00, 0x00, 0x00, 0x00, 0x00, 0x00, 0x00, 0x00, 0x00, 0x00, 0x00, 0x00,
    0x00, 0x00, 0x00, 0x00, 0x00, 0x00, 0x00, 0x00, 0x00, 0x00, 0x00, 0x00, 0x00, 0x00, 0x00, 0x00,
    0x00, 0x00, 0x00, 0x00, 0x00, 0x00, 0x00, 0x00, 0x00, 0x00, 0x00, 0x00, 0x00, 0x00, 0x00, 0x00,
    0x00, 0x00, 0x00, 0x00, 0x00, 0x00, 0x00, 0x00, 0x00, 0x00, 0x00, 0x00, 0x00, 0x00, 0x00, 0x00,
    0x00, 0x00, 0x00, 0x00, 0x00, 0x00, 0x00, 0x00, 0x00, 0x00, 0x00, 0x00, 0x00, 0x00, 0x00, 0x00,
    0x00, 0x00, 0x00, 0x00, 0x00, 0x00, 0x00, 0x00, 0x00, 0x00, 0x00, 0x00, 0x00, 0x00, 0x00, 0x00,
    0x00, 0x00, 0x00, 0x00, 0x00, 0x00, 0x00, 0x00, 0x00, 0x00, 0x00, 0x00, 0x00, 0x00, 0x00, 0x00,
    0x00, 0x00, 0x00, 0x00, 0x00, 0x00, 0x00, 0x00, 0x00, 0x00, 0x00, 0x00, 0x00, 0x00, 0x00, 0x00,
    0x00, 0x00, 0x00, 0x00, 0x00, 0x00, 0x00, 0x00, 0x00, 0x00, 0x00, 0x00, 0x00, 0x00, 0x00, 0x00,
    0x00, 0x00, 0x00, 0x00, 0x00, 0x00, 0x00, 0x00, 0x00, 0x00, 0x00, 0x00, 0x00, 0x00, 0x00, 0x00,
    0x00, 0x00, 0x00, 0x00, 0x00, 0x00, 0x00, 0x00, 0x00, 0x00, 0x00, 0x00, 0x00, 0x00, 0x00, 0x00,
    0x00, 0x00, 0x00, 0x00, 0x00, 0x00, 0x00, 0x00, 0x00, 0x00, 0x00, 0x00, 0x00, 0x00, 0x00, 0x00,
    0x00, 0x00, 0x00, 0x00, 0x00, 0x00, 0x00, 0x00, 0x00, 0x00, 0x00, 0x00, 0x00, 0x00, 0x00, 0x00,
    0x00, 0x00, 0x00, 0x00, 0x00, 0x00, 0x00, 0x00, 0x00, 0x00, 0x00, 0x00, 0x00, 0x00, 0x00, 0x00,
    0x00, 0x00, 0x00, 0x00, 0x00, 0x00, 0x00, 0x00, 0x00, 0x00, 0x00, 0x00, 0x00, 0x00, 0x00, 0x00,
    0x00, 0x00, 0x00, 0x00, 0x00, 0x00, 0x00, 0x00, 0x00, 0x00, 0x00, 0x00, 0x00, 0x00, 0x00, 0x00,
    0x00, 0x00, 0x00, 0x00, 0x00, 0x00, 0x00, 0x00, 0x00, 0x00, 0x00, 0x00, 0x00, 0x00, 0x00, 0x00,
    0x00, 0x00, 0x00, 0x00, 0x00, 0x00, 0x00, 0x00, 0x00, 0x00, 0x00, 0x00, 0x00, 0x00, 0x00, 0x00,
    0x00, 0x00, 0x00, 0x00, 0x00, 0x00, 0x00, 0x00, 0x00, 0x00, 0x00, 0x00, 0x00, 0x00, 0x00, 0x00,
    0x00, 0x00, 0x00, 0x00, 0x00, 0x00, 0x00, 0x00, 0x00, 0x00, 0x00, 0x00, 0x00, 0x00, 0x00, 0x00,
    0x00, 0x00, 0x00, 0x00, 0x00, 0x00, 0x00, 0x00, 0x00, 0x00, 0x00, 0x00, 0x00, 0x00, 0x00, 0x00,
    0x00, 0x00, 0x00, 0x00, 0x00, 0x00, 0x00, 0x00, 0x00, 0x00, 0x00, 0x00, 0x00, 0x00, 0x00, 0x00,
    0x00, 0x00, 0x00, 0x00, 0x00, 0x00, 0x00, 0x00, 0x00, 0x00, 0x00, 0x00, 0x00, 0x00, 0x00, 0x00,
    0x00, 0x00, 0x00, 0x00, 0x00, 0x00, 0x00, 0x00, 0x00, 0x00, 0x00, 0x00, 0x00, 0x00, 0x00, 0x00,
    0x00, 0x00, 0x00, 0x00, 0x00, 0x00, 0x00, 0x00, 0x00, 0x00, 0x00, 0x00, 0x00, 0x00, 0x00, 0x00,
    0x00, 0x00, 0x00, 0x00, 0x00, 0x00, 0x00, 0x00, 0x00, 0x00, 0x00, 0x00, 0x00, 0x00, 0x00, 0x00,
    0x00, 0x00, 0x00, 0x00, 0x00, 0x00, 0x00, 0x00, 0x00, 0x00, 0x00, 0x00, 0x00, 0x00, 0x00, 0x00,
    0x00, 0x00, 0x00, 0x00, 0x00, 0x00, 0x00, 0x00, 0x00, 0x00, 0x00, 0x00, 0x00, 0x00, 0x00, 0x00,
    0x00, 0x00, 0x00, 0x00, 0x00, 0x00, 0x00, 0x00, 0x00, 0x00, 0x00, 0x00, 0x00, 0x00, 0x00, 0x00,
    0x00, 0x00, 0x00, 0x00, 0x00, 0x00, 0x00, 0x00, 0x00, 0x00, 0x00, 0x00, 0x00, 0x00, 0x00, 0x00,
    0x00, 0x00, 0x00, 0x00, 0x00, 0x00, 0x00, 0x00, 0x00, 0x00, 0x00, 0x00, 0x00, 0x00, 0x00, 0x00,
    0x00, 0x00, 0x00, 0x00, 0x00, 0x00, 0x00, 0x00, 0x00, 0x00, 0x00, 0x00, 0x00, 0x00, 0x00, 0x00,
    0x00, 0x00, 0x00, 0x00, 0x00, 0x00, 0x00, 0x00, 0x00, 0x00, 0x00, 0x00, 0x00, 0x00, 0x00, 0x00,
    0x00, 0x00, 0x00, 0x00, 0x00, 0x00, 0x00, 0x00, 0x00, 0x00, 0x00, 0x00, 0x00, 0x00, 0x00, 0x00,
    0x00, 0x00, 0x00, 0x00, 0x00, 0x00, 0x00, 0x00, 0x00, 0x00, 0x00, 0x00, 0x00, 0x00, 0x00, 0x00,
    0x00, 0x00, 0x00, 0x00, 0x00, 0x00, 0x00, 0x00, 0x00, 0x00, 0x00, 0x00, 0x00, 0x00, 0x00, 0x00,
    0x00, 0x00, 0x00, 0x00, 0x00, 0x00, 0x00, 0x00, 0x00, 0x00, 0x00, 0x00, 0x00, 0x00, 0x00, 0x00,
    0x00, 0x00, 0x00, 0x00, 0x00, 0x00, 0x00, 0x00, 0x00, 0x00, 0x00, 0x00, 0x00, 0x00, 0x00, 0x00,
    0x00, 0x00, 0x00, 0x00, 0x00, 0x00, 0x00, 0x00, 0x00, 0x00, 0x00, 0x00, 0x00, 0x00, 0x00, 0x00,
    0x00, 0x00, 0x00, 0x00, 0x00, 0x00, 0x00, 0x00, 0x00, 0x00, 0x00, 0x00, 0x00, 0x00, 0x00, 0x00,
    0x00, 0x00, 0x00, 0x00, 0x00, 0x00, 0x00, 0x00, 0x00, 0x00, 0x00, 0x00, 0x00, 0x00, 0x00, 0x00,
    0x00, 0x00, 0x00, 0x00, 0x00, 0x00, 0x00, 0x00, 0x00, 0x00, 0x00, 0x00, 0x00, 0x00, 0x00, 0x00,
    0x00, 0x00, 0x00, 0x00, 0x00, 0x00, 0x00, 0x00, 0x00, 0x00, 0x00, 0x00, 0x00, 0x00, 0x00, 0x00,
    0x00, 0x00, 0x00, 0x00, 0x00, 0x00, 0x00, 0x00, 0x00, 0x00, 0x00, 0x00, 0x00, 0x00, 0x00, 0x00,
    0x00, 0x00, 0x00, 0x00, 0x00, 0x00, 0x00, 0x00, 0x00, 0x00, 0x00, 0x00, 0x00, 0x00, 0x00, 0x00,
    0x00, 0x00, 0x00, 0x00, 0x00, 0x00, 0x00, 0x00, 0x00, 0x00, 0x00, 0x00, 0x00, 0x00, 0x00, 0x00,
    0x00, 0x00, 0x00, 0x00, 0x00, 0x00, 0x00, 0x00, 0x00, 0x00, 0x00, 0x00, 0x00, 0x00, 0x00, 0x00,
    0x00, 0x00, 0x00, 0x00, 0x00, 0x00, 0x00, 0x00, 0x00, 0x00, 0x00, 0x00, 0x00, 0x00, 0x00, 0x00
};

const uint8_t img_mode_map[] = {
    0x07, 0x3F, 0x07, 0x5F, 0x07, 0x5F, 0x07, 0x3F, 0x07, 0x3F, 0x00, 0x00, 0x00, 0x00, 0x07, 0x5F,
    0x07, 0x5F, 0x07, 0x5F, 0x07, 0x5F, 0x07, 0x3F, 0x00, 0x00, 0x00, 0x00, 0x00, 0x00, 0x07, 0x3F,
    0x07, 0x5F, 0x07, 0x5F, 0x07, 0x3F, 0x07, 0x3F, 0x00, 0x00, 0x00, 0x00, 0x00, 0x00, 0x07, 0x5F,
    0x07, 0x5F, 0x07, 0x5F, 0x07, 0x5F, 0x07, 0x3F, 0x00, 0x00, 0x00, 0x00, 0x07, 0x5F, 0x07, 0x5F,
    0x07, 0x5F, 0x07, 0x5F, 0x07, 0x5F, 0x07, 0x5F, 0x07, 0x5F, 0x07, 0x1F, 0x00, 0x00, 0x07, 0x3F,
    0x07, 0x5F, 0x07, 0x3F, 0x00, 0x00, 0x07, 0x5F, 0x07, 0x5F, 0x00, 0x00, 0x07, 0x3F, 0x07, 0x3F,
    0x07, 0x5F, 0x00, 0x00, 0x07, 0x5F, 0x07, 0x3F, 0x07, 0x1F, 0x06, 0x7F, 0x07, 0x3F, 0x07, 0x3F,
    0x07, 0x3F, 0x00, 0x00, 0x00, 0x00, 0x07, 0x5F, 0x07, 0x3F, 0x00, 0x00, 0x07, 0x7F, 0x07, 0x5F,
    0x07, 0x3F, 0x00, 0x00, 0x00, 0x00, 0x00, 0x00, 0x07, 0x5F, 0x07, 0x5F, 0x00, 0x00, 0x00, 0x00,
    0x07, 0x5F, 0x07, 0x3F, 0x00, 0x00, 0x00, 0x00, 0x00, 0x00, 0x00, 0x00, 0x00, 0x00, 0x07, 0x5F,
    0x07, 0x5F, 0x00, 0x00, 0x00, 0x00, 0x07, 0x5F, 0x07, 0x5F, 0x00, 0x00, 0x07, 0x3F, 0x07, 0x3F,
    0x00, 0x00, 0x00, 0x00, 0x00, 0x00, 0x07, 0x7F, 0x07, 0x5F, 0x00, 0x00, 0x00, 0x00, 0x07, 0x5F,
    0x07, 0x3F, 0x00, 0x00, 0x00, 0x00, 0x07, 0x3F, 0x07, 0x5F, 0x00, 0x00, 0x00, 0x00, 0x00, 0x00,
    0x07, 0x5F, 0x07, 0x5F, 0x00, 0x00, 0x00, 0x00, 0x07, 0x3F, 0x07, 0x5F, 0x07, 0x3F, 0x07, 0x5F,
    0x07, 0x3F, 0x00, 0x00, 0x00, 0x00, 0x07, 0x5F, 0x07, 0x5F, 0x07, 0x3F, 0x07, 0x7F, 0x07, 0x3F,
    0x07, 0x5F, 0x00, 0x00, 0x07, 0x5F, 0x07, 0x5F, 0x00, 0x00, 0x00, 0x00, 0x00, 0x00, 0x07, 0x5F,
    0x07, 0x5F, 0x00, 0x00, 0x00, 0x00, 0x07, 0x5F, 0x07, 0x3F, 0x07, 0x5F, 0x07, 0x3F, 0x07, 0x5F,
    0x07, 0x3F, 0x00, 0x00, 0x00, 0x00, 0x00, 0x00, 0x07, 0x5F, 0x07, 0x5F, 0x00, 0x00, 0x00, 0x00,
    0x00, 0x00, 0x00, 0x00, 0x07, 0x3F, 0x07, 0x5F, 0x07, 0x5F, 0x07, 0x3F, 0x00, 0x00, 0x07, 0x5F,
    0x07, 0x5F, 0x07, 0x5F, 0x07, 0x5F, 0x07, 0x3F, 0x00, 0x00, 0x00, 0x00, 0x07, 0x5F, 0x07, 0x5F,
    0x00, 0x00, 0x00, 0x00, 0x00, 0x00, 0x07, 0x3F, 0x07, 0x5F, 0x00, 0x00, 0x00, 0x00, 0x07, 0x5F,
    0x07, 0x5F, 0x07, 0x5F, 0x07, 0x5F, 0x07, 0x3F, 0x00, 0x00, 0x00, 0x00, 0x00, 0x00, 0x00, 0x00,
    0x07, 0x5F, 0x07, 0x5F, 0x00, 0x00, 0x00, 0x00, 0x07, 0x3F, 0x06, 0x7F, 0x00, 0x00, 0x00, 0x00,
    0x07, 0x5F, 0x07, 0x5F, 0x00, 0x00, 0x07, 0x5F, 0x07, 0x5F, 0x00, 0x00, 0x00, 0x00, 0x00, 0x00,
    0x00, 0x00, 0x00, 0x00, 0x07, 0x7F, 0x07, 0x5F, 0x07, 0x3F, 0x00, 0x00, 0x00, 0x00, 0x07, 0x5F,
    0x07, 0x3F, 0x00, 0x00, 0x00, 0x00, 0x07, 0x5F, 0x07, 0x3F, 0x00, 0x00, 0x07, 0x5F, 0x07, 0x3F,
    0x00, 0x00, 0x00, 0x00, 0x00, 0x00, 0x00, 0x00, 0x07, 0x5F, 0x07, 0x5F, 0x00, 0x00, 0x00, 0x00,
    0x07, 0x3F, 0x07, 0x3F, 0x07, 0x5F, 0x07, 0x3F, 0x07, 0x5F, 0x07, 0x3F, 0x00, 0x00, 0x07, 0x5F,
    0x07, 0x5F, 0x00, 0x00, 0x00, 0x00, 0x00, 0x00, 0x00, 0x00, 0x00, 0x00, 0x00, 0x00, 0x07, 0x3F,
    0x07, 0x3F, 0x07, 0x3F, 0x07, 0x5F, 0x07, 0x5F, 0x07, 0x3F, 0x00, 0x00, 0x00, 0x00, 0x07, 0x5F,
    0x07, 0x3F, 0x00, 0x00, 0x07, 0x3F, 0x07, 0x5F, 0x07, 0x3F, 0x00, 0x00, 0x00, 0x00, 0x00, 0x00,
    0x07, 0x5F, 0x07, 0x5F, 0x00, 0x00, 0x00, 0x00, 0x00, 0x00, 0x07, 0x7F, 0x07, 0x5F, 0x07, 0x7F,
    0x06, 0x7F, 0x00, 0x00, 0x00, 0x00, 0x07, 0x7F, 0x07, 0x3F, 0x00, 0x00, 0x00, 0x00, 0x00, 0x00,
    0x00, 0x00, 0x00, 0x00, 0x00, 0x00, 0x00, 0x00, 0x07, 0x7F, 0x07, 0x5F, 0x07, 0x5F, 0x06, 0x7F,
    0x00, 0x00, 0x00, 0x00, 0x00, 0x00, 0x07, 0x7F, 0x07, 0x3F, 0x00, 0x00, 0x00, 0x00, 0x07, 0x7F,
    0x07, 0x7F, 0x00, 0x00, 0x00, 0x00, 0x00, 0x00, 0x07, 0x7F, 0x07, 0x7F, 0x00, 0x00, 0x00, 0x00
};

/* ---- lv_img_dsc_t 描述符 ---- */

const lv_img_dsc_t img_battery = {
    .header.cf = LV_IMG_CF_TRUE_COLOR,
    .header.always_zero = 0,
    .header.reserved = 0,
    .header.w = 65,
    .header.h = 48,
    .data_size = 6240,
    .data = img_battery_map,
};

const lv_img_dsc_t img_frame = {
    .header.cf = LV_IMG_CF_TRUE_COLOR,
    .header.always_zero = 0,
    .header.reserved = 0,
    .header.w = 120,
    .header.h = 110,
    .data_size = 26400,
    .data = img_frame_map,
};

const lv_img_dsc_t img_odo = {
    .header.cf = LV_IMG_CF_TRUE_COLOR,
    .header.always_zero = 0,
    .header.reserved = 0,
    .header.w = 65,
    .header.h = 48,
    .data_size = 6240,
    .data = img_odo_map,
};

const lv_img_dsc_t img_soc = {
    .header.cf = LV_IMG_CF_TRUE_COLOR,
    .header.always_zero = 0,
    .header.reserved = 0,
    .header.w = 65,
    .header.h = 48,
    .data_size = 6240,
    .data = img_soc_map,
};

const lv_img_dsc_t img_top_bar = {
    .header.cf = LV_IMG_CF_TRUE_COLOR,
    .header.always_zero = 0,
    .header.reserved = 0,
    .header.w = 208,
    .header.h = 32,
    .data_size = 13312,
    .data = img_top_bar_map,
};

const lv_img_dsc_t img_turn_signals = {
    .header.cf = LV_IMG_CF_TRUE_COLOR,
    .header.always_zero = 0,
    .header.reserved = 0,
    .header.w = 208,
    .header.h = 20,
    .data_size = 8320,
    .data = img_turn_signals_map,
};

const lv_img_dsc_t img_mode = {
    .header.cf = LV_IMG_CF_TRUE_COLOR,
    .header.always_zero = 0,
    .header.reserved = 0,
    .header.w = 24,
    .header.h = 12,
    .data_size = 576,
    .data = img_mode_map,
};
